{
    "info": {
        "video_name": "0_0",
        "resolution": [
            320,
            180
        ],
        "num_frame": 14,
        "num_keypoints": 18,
        "keypoint_channels": [
            "x",
            "y",
            "score"
        ],
        "version": "1.0"
    },
    "annotations": [
        {
            "frame_index": 0,
            "id": 0,
            "person_id": null,
            "keypoints": [
                [
                    200,
                    93,
                    0.5072397589683533
                ],
                [
                    176,
                    101,
                    0.6629329919815063
                ],
                [
                    136,
                    101,
                    0.6330194473266602
                ],
                [
                    128,
                    148,
                    0.1412462592124939
                ],
                [
                    192,
                    140,
                    0.16907180845737457
                ],
                [
                    208,
                    101,
                    0.5587132573127747
                ],
                [
                    224,
                    148,
                    0.21126437187194824
                ],
                [
                    184,
                    148,
                    0.10634404420852661
                ],
                [
                    176,
                    172,
                    0.046683311462402344
                ],
                [
                    304,
                    164,
                    0.02262183278799057
                ],
                [
                    232,
                    156,
                    0.018876709043979645
                ],
                [
                    232,
                    172,
                    0.04302394390106201
                ],
                [
                    232,
                    172,
                    0.015197438187897205
                ],
                [
                    304,
                    172,
                    0.01496062520891428
                ],
                [
                    192,
                    86,
                    0.32825854420661926
                ],
                [
                    208,
                    86,
                    0.4282049536705017
                ],
                [
                    160,
                    70,
                    0.6651665568351746
                ],
                [
                    0,
                    133,
                    0.027831191197037697
                ],
                [
                    304,
                    117,
                    1.002414584159851
                ]
            ]
        },
        {
            "frame_index": 1,
            "id": 1,
            "person_id": null,
            "keypoints": [
                [
                    200,
                    86,
                    0.3090987205505371
                ],
                [
                    176,
                    101,
                    0.6768659949302673
                ],
                [
                    144,
                    101,
                    0.6241269111633301
                ],
                [
                    128,
                    148,
                    0.14267952740192413
                ],
                [
                    0,
                    148,
                    0.021413341164588928
                ],
                [
                    216,
                    101,
                    0.4892500936985016
                ],
                [
                    224,
                    148,
                    0.08321715891361237
                ],
                [
                    296,
                    7,
                    0.027075419202446938
                ],
                [
                    128,
                    172,
                    0.04607350751757622
                ],
                [
                    304,
                    164,
                    0.02292202040553093
                ],
                [
                    0,
                    140,
                    0.018125422298908234
                ],
                [
                    296,
                    0,
                    0.029074225574731827
                ],
                [
                    168,
                    109,
                    0.013516424223780632
                ],
                [
                    304,
                    172,
                    0.01532663218677044
                ],
                [
                    192,
                    78,
                    0.16692669689655304
                ],
                [
                    208,
                    78,
                    0.235582172870636
                ],
                [
                    160,
                    70,
                    0.6675537824630737
                ],
                [
                    208,
                    62,
                    0.04614674299955368
                ],
                [
                    304,
                    117,
                    1.0005830526351929
                ]
            ]
        },
        {
            "frame_index": 2,
            "id": 2,
            "person_id": null,
            "keypoints": [
                [
                    160,
                    70,
                    0.5715473890304565
                ],
                [
                    176,
                    109,
                    0.6781055927276611
                ],
                [
                    136,
                    109,
                    0.6569646000862122
                ],
                [
                    128,
                    148,
                    0.11545374989509583
                ],
                [
                    0,
                    148,
                    0.021176215261220932
                ],
                [
                    208,
                    101,
                    0.6021037101745605
                ],
                [
                    232,
                    148,
                    0.052831441164016724
                ],
                [
                    296,
                    7,
                    0.027814241126179695
                ],
                [
                    232,
                    172,
                    0.03721688687801361
                ],
                [
                    304,
                    164,
                    0.022422410547733307
                ],
                [
                    112,
                    156,
                    0.018335402011871338
                ],
                [
                    296,
                    0,
                    0.030531127005815506
                ],
                [
                    168,
                    109,
                    0.014409765601158142
                ],
                [
                    304,
                    172,
                    0.014640673995018005
                ],
                [
                    152,
                    70,
                    0.5266857147216797
                ],
                [
                    168,
                    62,
                    0.5498258471488953
                ],
                [
                    144,
                    70,
                    0.32248371839523315
                ],
                [
                    184,
                    70,
                    0.8234078288078308
                ],
                [
                    304,
                    117,
                    0.9996134042739868
                ]
            ]
        },
        {
            "frame_index": 3,
            "id": 3,
            "person_id": null,
            "keypoints": [
                [
                    160,
                    78,
                    0.5503042340278625
                ],
                [
                    176,
                    109,
                    0.689682126045227
                ],
                [
                    136,
                    109,
                    0.6482999920845032
                ],
                [
                    128,
                    148,
                    0.12073923647403717
                ],
                [
                    0,
                    148,
                    0.021180201321840286
                ],
                [
                    216,
                    109,
                    0.571681797504425
                ],
                [
                    232,
                    148,
                    0.04946222901344299
                ],
                [
                    296,
                    7,
                    0.027743810787796974
                ],
                [
                    120,
                    172,
                    0.0377279669046402
                ],
                [
                    304,
                    164,
                    0.022118758410215378
                ],
                [
                    112,
                    156,
                    0.019657853990793228
                ],
                [
                    296,
                    0,
                    0.030414506793022156
                ],
                [
                    168,
                    109,
                    0.016582868993282318
                ],
                [
                    304,
                    172,
                    0.01429792121052742
                ],
                [
                    152,
                    70,
                    0.5038424134254456
                ],
                [
                    168,
                    70,
                    0.6038743257522583
                ],
                [
                    144,
                    70,
                    0.19074907898902893
                ],
                [
                    184,
                    70,
                    0.793430507183075
                ],
                [
                    304,
                    117,
                    1.0002429485321045
                ]
            ]
        },
        {
            "frame_index": 4,
            "id": 4,
            "person_id": null,
            "keypoints": [
                [
                    160,
                    70,
                    0.535851240158081
                ],
                [
                    176,
                    109,
                    0.7138319611549377
                ],
                [
                    136,
                    109,
                    0.6443425416946411
                ],
                [
                    128,
                    148,
                    0.13020873069763184
                ],
                [
                    0,
                    148,
                    0.021195758134126663
                ],
                [
                    208,
                    101,
                    0.6027786731719971
                ],
                [
                    232,
                    148,
                    0.06451036781072617
                ],
                [
                    296,
                    7,
                    0.027771910652518272
                ],
                [
                    232,
                    172,
                    0.041424334049224854
                ],
                [
                    304,
                    164,
                    0.022087663412094116
                ],
                [
                    0,
                    140,
                    0.017891190946102142
                ],
                [
                    232,
                    172,
                    0.036787766963243484
                ],
                [
                    232,
                    172,
                    0.015668241307139397
                ],
                [
                    304,
                    172,
                    0.014286820776760578
                ],
                [
                    152,
                    70,
                    0.4220510721206665
                ],
                [
                    168,
                    62,
                    0.5871567726135254
                ],
                [
                    144,
                    70,
                    0.26792269945144653
                ],
                [
                    184,
                    70,
                    0.7922829389572144
                ],
                [
                    304,
                    117,
                    1.0000909566879272
                ]
            ]
        },
        {
            "frame_index": 5,
            "id": 5,
            "person_id": null,
            "keypoints": [
                [
                    144,
                    78,
                    0.5337358117103577
                ],
                [
                    176,
                    109,
                    0.7127202153205872
                ],
                [
                    136,
                    109,
                    0.6395836472511292
                ],
                [
                    128,
                    148,
                    0.12585197389125824
                ],
                [
                    0,
                    148,
                    0.02105579525232315
                ],
                [
                    208,
                    109,
                    0.5883968472480774
                ],
                [
                    232,
                    148,
                    0.05546411871910095
                ],
                [
                    296,
                    7,
                    0.026980871334671974
                ],
                [
                    176,
                    172,
                    0.03804174065589905
                ],
                [
                    304,
                    164,
                    0.022524014115333557
                ],
                [
                    112,
                    156,
                    0.01917242631316185
                ],
                [
                    296,
                    0,
                    0.03158915415406227
                ],
                [
                    168,
                    109,
                    0.013256490230560303
                ],
                [
                    304,
                    172,
                    0.014638051390647888
                ],
                [
                    144,
                    70,
                    0.4420367479324341
                ],
                [
                    160,
                    62,
                    0.6337339878082275
                ],
                [
                    136,
                    62,
                    0.05882591754198074
                ],
                [
                    184,
                    70,
                    0.6974940299987793
                ],
                [
                    304,
                    0,
                    0.9982380867004395
                ]
            ]
        },
        {
            "frame_index": 6,
            "id": 6,
            "person_id": null,
            "keypoints": [
                [
                    160,
                    70,
                    0.4296666085720062
                ],
                [
                    168,
                    109,
                    0.7260897159576416
                ],
                [
                    136,
                    109,
                    0.6637373566627502
                ],
                [
                    128,
                    148,
                    0.1217622309923172
                ],
                [
                    0,
                    148,
                    0.020718364045023918
                ],
                [
                    208,
                    109,
                    0.6417645812034607
                ],
                [
                    232,
                    148,
                    0.07238617539405823
                ],
                [
                    296,
                    7,
                    0.02602590061724186
                ],
                [
                    232,
                    172,
                    0.0422140434384346
                ],
                [
                    304,
                    164,
                    0.0226498581469059
                ],
                [
                    112,
                    156,
                    0.018425945192575455
                ],
                [
                    232,
                    172,
                    0.0352054201066494
                ],
                [
                    160,
                    109,
                    0.01968330144882202
                ],
                [
                    304,
                    172,
                    0.014512750320136547
                ],
                [
                    152,
                    62,
                    0.31657686829566956
                ],
                [
                    168,
                    62,
                    0.48366639018058777
                ],
                [
                    144,
                    70,
                    0.1906159520149231
                ],
                [
                    184,
                    70,
                    0.7237857580184937
                ],
                [
                    312,
                    133,
                    0.9969696998596191
                ]
            ]
        },
        {
            "frame_index": 7,
            "id": 7,
            "person_id": null,
            "keypoints": [
                [
                    160,
                    70,
                    0.35039907693862915
                ],
                [
                    168,
                    109,
                    0.7248916625976562
                ],
                [
                    136,
                    109,
                    0.6607640981674194
                ],
                [
                    128,
                    148,
                    0.13014575839042664
                ],
                [
                    0,
                    148,
                    0.02080385759472847
                ],
                [
                    208,
                    109,
                    0.6430246829986572
                ],
                [
                    232,
                    148,
                    0.06704875826835632
                ],
                [
                    296,
                    7,
                    0.026000259444117546
                ],
                [
                    232,
                    172,
                    0.040383875370025635
                ],
                [
                    304,
                    164,
                    0.02278006449341774
                ],
                [
                    112,
                    156,
                    0.01976822316646576
                ],
                [
                    232,
                    172,
                    0.032147862017154694
                ],
                [
                    160,
                    109,
                    0.019619952887296677
                ],
                [
                    304,
                    172,
                    0.014541865326464176
                ],
                [
                    152,
                    62,
                    0.23526962101459503
                ],
                [
                    168,
                    62,
                    0.3552491366863251
                ],
                [
                    144,
                    70,
                    0.21608826518058777
                ],
                [
                    184,
                    70,
                    0.6760643124580383
                ],
                [
                    312,
                    133,
                    0.9983713030815125
                ]
            ]
        },
        {
            "frame_index": 8,
            "id": 8,
            "person_id": null,
            "keypoints": [
                [
                    144,
                    78,
                    0.6399450898170471
                ],
                [
                    176,
                    109,
                    0.7132033705711365
                ],
                [
                    136,
                    109,
                    0.6003577709197998
                ],
                [
                    128,
                    148,
                    0.12805721163749695
                ],
                [
                    0,
                    148,
                    0.020811695605516434
                ],
                [
                    208,
                    109,
                    0.6077153086662292
                ],
                [
                    232,
                    148,
                    0.05982532352209091
                ],
                [
                    296,
                    7,
                    0.02562613971531391
                ],
                [
                    232,
                    172,
                    0.03772485628724098
                ],
                [
                    304,
                    164,
                    0.02264278754591942
                ],
                [
                    112,
                    156,
                    0.019413258880376816
                ],
                [
                    296,
                    0,
                    0.029412824660539627
                ],
                [
                    176,
                    109,
                    0.015059860423207283
                ],
                [
                    168,
                    109,
                    0.016557354480028152
                ],
                [
                    144,
                    70,
                    0.30348965525627136
                ],
                [
                    152,
                    70,
                    0.678871750831604
                ],
                [
                    128,
                    62,
                    0.01758851855993271
                ],
                [
                    184,
                    70,
                    0.8569535613059998
                ],
                [
                    304,
                    117,
                    0.9998207688331604
                ]
            ]
        },
        {
            "frame_index": 9,
            "id": 9,
            "person_id": null,
            "keypoints": [
                [
                    144,
                    78,
                    0.6201609373092651
                ],
                [
                    176,
                    109,
                    0.7145224213600159
                ],
                [
                    136,
                    109,
                    0.6027098894119263
                ],
                [
                    128,
                    148,
                    0.12146377563476562
                ],
                [
                    0,
                    148,
                    0.020810645073652267
                ],
                [
                    208,
                    109,
                    0.5944608449935913
                ],
                [
                    232,
                    148,
                    0.06256846338510513
                ],
                [
                    296,
                    7,
                    0.026794543489813805
                ],
                [
                    232,
                    172,
                    0.0362580344080925
                ],
                [
                    304,
                    164,
                    0.02251455932855606
                ],
                [
                    112,
                    156,
                    0.019755784422159195
                ],
                [
                    296,
                    0,
                    0.030279573053121567
                ],
                [
                    176,
                    109,
                    0.01446070522069931
                ],
                [
                    304,
                    172,
                    0.014423421584069729
                ],
                [
                    144,
                    70,
                    0.21099092066287994
                ],
                [
                    144,
                    70,
                    0.6595360636711121
                ],
                [
                    8,
                    140,
                    0.01924799755215645
                ],
                [
                    184,
                    70,
                    0.802046000957489
                ],
                [
                    304,
                    117,
                    1.0017727613449097
                ]
            ]
        },
        {
            "frame_index": 10,
            "id": 10,
            "person_id": null,
            "keypoints": [
                [
                    184,
                    70,
                    0.2967851459980011
                ],
                [
                    176,
                    109,
                    0.7069365382194519
                ],
                [
                    136,
                    101,
                    0.5904121994972229
                ],
                [
                    128,
                    148,
                    0.11765861511230469
                ],
                [
                    0,
                    148,
                    0.021561745554208755
                ],
                [
                    216,
                    101,
                    0.5598830580711365
                ],
                [
                    232,
                    148,
                    0.0754927545785904
                ],
                [
                    296,
                    7,
                    0.02762131206691265
                ],
                [
                    128,
                    172,
                    0.03548648580908775
                ],
                [
                    304,
                    164,
                    0.022871341556310654
                ],
                [
                    0,
                    140,
                    0.017845766618847847
                ],
                [
                    296,
                    0,
                    0.029730767011642456
                ],
                [
                    168,
                    101,
                    0.017496004700660706
                ],
                [
                    304,
                    172,
                    0.015462890267372131
                ],
                [
                    176,
                    62,
                    0.23858094215393066
                ],
                [
                    192,
                    62,
                    0.2254893034696579
                ],
                [
                    160,
                    70,
                    0.4757249057292938
                ],
                [
                    200,
                    62,
                    0.340038001537323
                ],
                [
                    304,
                    117,
                    1.0017539262771606
                ]
            ]
        },
        {
            "frame_index": 11,
            "id": 11,
            "person_id": null,
            "keypoints": [
                [
                    168,
                    62,
                    0.3477924168109894
                ],
                [
                    176,
                    109,
                    0.7303059697151184
                ],
                [
                    136,
                    109,
                    0.6061442494392395
                ],
                [
                    128,
                    148,
                    0.11196091771125793
                ],
                [
                    0,
                    148,
                    0.02133776806294918
                ],
                [
                    216,
                    101,
                    0.6059021353721619
                ],
                [
                    224,
                    148,
                    0.07553588598966599
                ],
                [
                    296,
                    7,
                    0.027948157861828804
                ],
                [
                    176,
                    172,
                    0.03287480026483536
                ],
                [
                    304,
                    164,
                    0.022458598017692566
                ],
                [
                    0,
                    140,
                    0.01794665865600109
                ],
                [
                    296,
                    0,
                    0.029947809875011444
                ],
                [
                    168,
                    101,
                    0.01510135643184185
                ],
                [
                    304,
                    172,
                    0.015358678996562958
                ],
                [
                    160,
                    62,
                    0.2855610251426697
                ],
                [
                    184,
                    54,
                    0.23027898371219635
                ],
                [
                    152,
                    70,
                    0.5527158379554749
                ],
                [
                    192,
                    62,
                    0.46259447932243347
                ],
                [
                    304,
                    117,
                    1.0025086402893066
                ]
            ]
        },
        {
            "frame_index": 12,
            "id": 12,
            "person_id": null,
            "keypoints": [
                [
                    168,
                    70,
                    0.5120105743408203
                ],
                [
                    168,
                    109,
                    0.6754298806190491
                ],
                [
                    136,
                    109,
                    0.6291795969009399
                ],
                [
                    128,
                    148,
                    0.1125369518995285
                ],
                [
                    0,
                    148,
                    0.021125448867678642
                ],
                [
                    208,
                    109,
                    0.5910050868988037
                ],
                [
                    224,
                    148,
                    0.06098455190658569
                ],
                [
                    296,
                    7,
                    0.027355222031474113
                ],
                [
                    176,
                    172,
                    0.035567592829465866
                ],
                [
                    304,
                    164,
                    0.02231517806649208
                ],
                [
                    0,
                    140,
                    0.01790599152445793
                ],
                [
                    296,
                    0,
                    0.029950648546218872
                ],
                [
                    160,
                    109,
                    0.015456357970833778
                ],
                [
                    304,
                    172,
                    0.015120476484298706
                ],
                [
                    160,
                    62,
                    0.4829525947570801
                ],
                [
                    176,
                    62,
                    0.4585445523262024
                ],
                [
                    144,
                    70,
                    0.5181145071983337
                ],
                [
                    192,
                    70,
                    0.7826079726219177
                ],
                [
                    304,
                    117,
                    1.0027581453323364
                ]
            ]
        },
        {
            "frame_index": 13,
            "id": 13,
            "person_id": null,
            "keypoints": [
                [
                    160,
                    70,
                    0.5060761570930481
                ],
                [
                    168,
                    109,
                    0.6738103032112122
                ],
                [
                    136,
                    109,
                    0.6407457590103149
                ],
                [
                    128,
                    148,
                    0.10795125365257263
                ],
                [
                    0,
                    148,
                    0.02084384858608246
                ],
                [
                    208,
                    109,
                    0.6150189638137817
                ],
                [
                    232,
                    148,
                    0.052383601665496826
                ],
                [
                    296,
                    7,
                    0.02732553891837597
                ],
                [
                    232,
                    172,
                    0.03662507236003876
                ],
                [
                    304,
                    164,
                    0.02219034731388092
                ],
                [
                    0,
                    140,
                    0.018295858055353165
                ],
                [
                    296,
                    0,
                    0.029795847833156586
                ],
                [
                    160,
                    109,
                    0.016431566327810287
                ],
                [
                    304,
                    172,
                    0.014558115974068642
                ],
                [
                    152,
                    70,
                    0.4110269546508789
                ],
                [
                    168,
                    62,
                    0.4767511785030365
                ],
                [
                    144,
                    70,
                    0.32423174381256104
                ],
                [
                    192,
                    70,
                    0.7687463164329529
                ],
                [
                    304,
                    117,
                    1.001636028289795
                ]
            ]
        }
    ],
    "category_id": 0
}