{
    "info": {
        "video_name": "0_1",
        "resolution": [
            320,
            180
        ],
        "num_frame": 6,
        "num_keypoints": 18,
        "keypoint_channels": [
            "x",
            "y",
            "score"
        ],
        "version": "1.0"
    },
    "annotations": [
        {
            "frame_index": 0,
            "id": 0,
            "person_id": null,
            "keypoints": [
                [
                    160,
                    46,
                    0.20722971856594086
                ],
                [
                    144,
                    101,
                    0.6798549294471741
                ],
                [
                    104,
                    109,
                    0.6162180304527283
                ],
                [
                    72,
                    156,
                    0.10969685018062592
                ],
                [
                    296,
                    0,
                    0.019624708220362663
                ],
                [
                    192,
                    101,
                    0.6349737644195557
                ],
                [
                    224,
                    156,
                    0.2548316419124603
                ],
                [
                    224,
                    164,
                    0.030531996861100197
                ],
                [
                    224,
                    172,
                    0.048077959567308426
                ],
                [
                    312,
                    172,
                    0.030617855489253998
                ],
                [
                    72,
                    156,
                    0.015471899881958961
                ],
                [
                    224,
                    172,
                    0.06343027949333191
                ],
                [
                    312,
                    164,
                    0.019522394984960556
                ],
                [
                    312,
                    172,
                    0.022157995030283928
                ],
                [
                    152,
                    46,
                    0.1060265600681305
                ],
                [
                    168,
                    46,
                    0.14631670713424683
                ],
                [
                    128,
                    54,
                    0.23847773671150208
                ],
                [
                    168,
                    46,
                    0.0586179718375206
                ],
                [
                    296,
                    164,
                    1.025938868522644
                ]
            ]
        },
        {
            "frame_index": 1,
            "id": 1,
            "person_id": null,
            "keypoints": [
                [
                    136,
                    31,
                    0.36232179403305054
                ],
                [
                    144,
                    101,
                    0.6926910281181335
                ],
                [
                    104,
                    109,
                    0.5964672565460205
                ],
                [
                    72,
                    148,
                    0.09951665997505188
                ],
                [
                    296,
                    0,
                    0.01938076876103878
                ],
                [
                    192,
                    101,
                    0.671696126461029
                ],
                [
                    224,
                    156,
                    0.27928200364112854
                ],
                [
                    224,
                    164,
                    0.03393809497356415
                ],
                [
                    232,
                    172,
                    0.05404343456029892
                ],
                [
                    312,
                    172,
                    0.031013935804367065
                ],
                [
                    72,
                    156,
                    0.015650015324354172
                ],
                [
                    232,
                    172,
                    0.07494468986988068
                ],
                [
                    232,
                    156,
                    0.023878097534179688
                ],
                [
                    312,
                    172,
                    0.022187622264027596
                ],
                [
                    136,
                    23,
                    0.21838121116161346
                ],
                [
                    144,
                    23,
                    0.22223538160324097
                ],
                [
                    312,
                    172,
                    0.01676594465970993
                ],
                [
                    168,
                    62,
                    0.64361971616745
                ],
                [
                    296,
                    164,
                    1.0250324010849
                ]
            ]
        },
        {
            "frame_index": 2,
            "id": 2,
            "person_id": null,
            "keypoints": [
                [
                    128,
                    31,
                    0.29315948486328125
                ],
                [
                    144,
                    101,
                    0.6835129261016846
                ],
                [
                    96,
                    109,
                    0.57534259557724
                ],
                [
                    72,
                    148,
                    0.09119175374507904
                ],
                [
                    296,
                    0,
                    0.01783778890967369
                ],
                [
                    192,
                    101,
                    0.6312022805213928
                ],
                [
                    224,
                    156,
                    0.3309245705604553
                ],
                [
                    224,
                    164,
                    0.03596621751785278
                ],
                [
                    224,
                    172,
                    0.048347357660532
                ],
                [
                    312,
                    172,
                    0.03105992078781128
                ],
                [
                    232,
                    172,
                    0.016581861302256584
                ],
                [
                    232,
                    172,
                    0.06942427903413773
                ],
                [
                    232,
                    156,
                    0.023489009588956833
                ],
                [
                    312,
                    172,
                    0.022124389186501503
                ],
                [
                    128,
                    31,
                    0.1137569397687912
                ],
                [
                    160,
                    54,
                    0.2274302840232849
                ],
                [
                    112,
                    54,
                    0.025654805824160576
                ],
                [
                    168,
                    54,
                    0.4100450873374939
                ],
                [
                    296,
                    164,
                    1.0251799821853638
                ]
            ]
        },
        {
            "frame_index": 3,
            "id": 3,
            "person_id": null,
            "keypoints": [
                [
                    128,
                    31,
                    0.29706987738609314
                ],
                [
                    144,
                    101,
                    0.6920830607414246
                ],
                [
                    104,
                    109,
                    0.5653308629989624
                ],
                [
                    72,
                    148,
                    0.09286879003047943
                ],
                [
                    296,
                    0,
                    0.01932034082710743
                ],
                [
                    192,
                    101,
                    0.6434764862060547
                ],
                [
                    224,
                    156,
                    0.3325047492980957
                ],
                [
                    224,
                    164,
                    0.037157028913497925
                ],
                [
                    224,
                    172,
                    0.04904148727655411
                ],
                [
                    312,
                    172,
                    0.031188998371362686
                ],
                [
                    232,
                    172,
                    0.016277402639389038
                ],
                [
                    232,
                    172,
                    0.07398194074630737
                ],
                [
                    232,
                    156,
                    0.02598753571510315
                ],
                [
                    312,
                    172,
                    0.022193681448698044
                ],
                [
                    128,
                    31,
                    0.14514410495758057
                ],
                [
                    136,
                    31,
                    0.14314065873622894
                ],
                [
                    312,
                    172,
                    0.01681292988359928
                ],
                [
                    160,
                    54,
                    0.54251629114151
                ],
                [
                    296,
                    164,
                    1.0248188972473145
                ]
            ]
        },
        {
            "frame_index": 4,
            "id": 4,
            "person_id": null,
            "keypoints": [
                [
                    128,
                    31,
                    0.414268434047699
                ],
                [
                    144,
                    101,
                    0.7061693668365479
                ],
                [
                    104,
                    109,
                    0.586129903793335
                ],
                [
                    64,
                    156,
                    0.106308713555336
                ],
                [
                    296,
                    0,
                    0.019477326422929764
                ],
                [
                    192,
                    101,
                    0.6450706720352173
                ],
                [
                    224,
                    148,
                    0.15648843348026276
                ],
                [
                    304,
                    7,
                    0.0225937869399786
                ],
                [
                    224,
                    172,
                    0.03296324610710144
                ],
                [
                    312,
                    172,
                    0.031204301863908768
                ],
                [
                    224,
                    156,
                    0.016086848452687263
                ],
                [
                    312,
                    164,
                    0.042220715433359146
                ],
                [
                    312,
                    164,
                    0.019557485356926918
                ],
                [
                    312,
                    172,
                    0.022252876311540604
                ],
                [
                    128,
                    31,
                    0.2528027594089508
                ],
                [
                    136,
                    31,
                    0.2862042784690857
                ],
                [
                    312,
                    172,
                    0.01668643206357956
                ],
                [
                    168,
                    54,
                    0.5897539854049683
                ],
                [
                    296,
                    164,
                    1.0255193710327148
                ]
            ]
        },
        {
            "frame_index": 5,
            "id": 5,
            "person_id": null,
            "keypoints": [
                [
                    144,
                    62,
                    0.3161810338497162
                ],
                [
                    152,
                    101,
                    0.6885058283805847
                ],
                [
                    104,
                    109,
                    0.6196603178977966
                ],
                [
                    72,
                    156,
                    0.1357302963733673
                ],
                [
                    296,
                    0,
                    0.019594963639974594
                ],
                [
                    200,
                    109,
                    0.5608543157577515
                ],
                [
                    224,
                    156,
                    0.3092360496520996
                ],
                [
                    224,
                    164,
                    0.03299148380756378
                ],
                [
                    224,
                    172,
                    0.048009373247623444
                ],
                [
                    312,
                    172,
                    0.03123665601015091
                ],
                [
                    72,
                    156,
                    0.015253119170665741
                ],
                [
                    224,
                    172,
                    0.06168036907911301
                ],
                [
                    312,
                    164,
                    0.019512079656124115
                ],
                [
                    312,
                    172,
                    0.022199323400855064
                ],
                [
                    136,
                    54,
                    0.33088067173957825
                ],
                [
                    144,
                    54,
                    0.24492350220680237
                ],
                [
                    128,
                    62,
                    0.3593702018260956
                ],
                [
                    168,
                    62,
                    0.6911542415618896
                ],
                [
                    296,
                    164,
                    1.0253440141677856
                ]
            ]
        }
    ],
    "category_id": 0
}