{
    "info": {
        "video_name": "0_10",
        "resolution": [
            320,
            180
        ],
        "num_frame": 3,
        "num_keypoints": 18,
        "keypoint_channels": [
            "x",
            "y",
            "score"
        ],
        "version": "1.0"
    },
    "annotations": [
        {
            "frame_index": 0,
            "id": 0,
            "person_id": null,
            "keypoints": [
                [
                    168,
                    46,
                    0.8346271514892578
                ],
                [
                    144,
                    93,
                    0.6843015551567078
                ],
                [
                    104,
                    93,
                    0.742436408996582
                ],
                [
                    72,
                    148,
                    0.4418651759624481
                ],
                [
                    120,
                    148,
                    0.47561442852020264
                ],
                [
                    184,
                    86,
                    0.6295455694198608
                ],
                [
                    224,
                    148,
                    0.44472211599349976
                ],
                [
                    208,
                    148,
                    0.32964402437210083
                ],
                [
                    40,
                    140,
                    0.33273839950561523
                ],
                [
                    40,
                    156,
                    0.19260060787200928
                ],
                [
                    288,
                    164,
                    0.04135792702436447
                ],
                [
                    40,
                    140,
                    0.32083946466445923
                ],
                [
                    40,
                    164,
                    0.19193147122859955
                ],
                [
                    312,
                    172,
                    0.03489156812429428
                ],
                [
                    152,
                    39,
                    0.7108624577522278
                ],
                [
                    160,
                    39,
                    0.3086906671524048
                ],
                [
                    120,
                    54,
                    0.7729105353355408
                ],
                [
                    40,
                    101,
                    0.2898138463497162
                ],
                [
                    304,
                    0,
                    1.0010576248168945
                ]
            ]
        },
        {
            "frame_index": 1,
            "id": 1,
            "person_id": null,
            "keypoints": [
                [
                    160,
                    46,
                    0.6447383165359497
                ],
                [
                    144,
                    93,
                    0.6842737197875977
                ],
                [
                    104,
                    93,
                    0.7447795271873474
                ],
                [
                    72,
                    148,
                    0.4113551378250122
                ],
                [
                    104,
                    148,
                    0.3336634635925293
                ],
                [
                    184,
                    93,
                    0.5722944736480713
                ],
                [
                    224,
                    140,
                    0.37827733159065247
                ],
                [
                    48,
                    133,
                    0.14977984130382538
                ],
                [
                    40,
                    140,
                    0.303009957075119
                ],
                [
                    40,
                    164,
                    0.1442309021949768
                ],
                [
                    288,
                    164,
                    0.05070219933986664
                ],
                [
                    40,
                    140,
                    0.28230801224708557
                ],
                [
                    40,
                    164,
                    0.16618110239505768
                ],
                [
                    312,
                    172,
                    0.03154784440994263
                ],
                [
                    144,
                    39,
                    0.623026967048645
                ],
                [
                    160,
                    39,
                    0.3654310703277588
                ],
                [
                    120,
                    54,
                    0.7736591100692749
                ],
                [
                    40,
                    109,
                    0.2166619747877121
                ],
                [
                    304,
                    0,
                    1.0020751953125
                ]
            ]
        },
        {
            "frame_index": 2,
            "id": 2,
            "person_id": null,
            "keypoints": [
                [
                    168,
                    46,
                    0.7168706059455872
                ],
                [
                    144,
                    93,
                    0.7062627077102661
                ],
                [
                    104,
                    93,
                    0.7330557107925415
                ],
                [
                    72,
                    148,
                    0.4142005741596222
                ],
                [
                    112,
                    148,
                    0.540363073348999
                ],
                [
                    184,
                    93,
                    0.5697612166404724
                ],
                [
                    224,
                    140,
                    0.3891064524650574
                ],
                [
                    208,
                    148,
                    0.29539912939071655
                ],
                [
                    40,
                    140,
                    0.4118494391441345
                ],
                [
                    40,
                    156,
                    0.25297269225120544
                ],
                [
                    288,
                    164,
                    0.04432842135429382
                ],
                [
                    48,
                    140,
                    0.39772728085517883
                ],
                [
                    40,
                    164,
                    0.23838037252426147
                ],
                [
                    312,
                    172,
                    0.034096039831638336
                ],
                [
                    160,
                    39,
                    0.6907225251197815
                ],
                [
                    40,
                    109,
                    0.30547457933425903
                ],
                [
                    120,
                    54,
                    0.7574875354766846
                ],
                [
                    40,
                    109,
                    0.2753230035305023
                ],
                [
                    304,
                    0,
                    1.001503825187683
                ]
            ]
        }
    ],
    "category_id": 0
}