{
    "info": {
        "video_name": "0_2",
        "resolution": [
            320,
            180
        ],
        "num_frame": 9,
        "num_keypoints": 18,
        "keypoint_channels": [
            "x",
            "y",
            "score"
        ],
        "version": "1.0"
    },
    "annotations": [
        {
            "frame_index": 0,
            "id": 0,
            "person_id": null,
            "keypoints": [
                [
                    136,
                    46,
                    0.23753668367862701
                ],
                [
                    160,
                    109,
                    0.6004711985588074
                ],
                [
                    104,
                    117,
                    0.6178399324417114
                ],
                [
                    80,
                    148,
                    0.07431930303573608
                ],
                [
                    296,
                    0,
                    0.031278014183044434
                ],
                [
                    208,
                    117,
                    0.5928505659103394
                ],
                [
                    296,
                    7,
                    0.03027723915874958
                ],
                [
                    304,
                    7,
                    0.03529477119445801
                ],
                [
                    272,
                    7,
                    0.019137315452098846
                ],
                [
                    248,
                    172,
                    0.016705667600035667
                ],
                [
                    0,
                    148,
                    0.021223943680524826
                ],
                [
                    296,
                    0,
                    0.05076678842306137
                ],
                [
                    288,
                    7,
                    0.011608884669840336
                ],
                [
                    304,
                    172,
                    0.016753820702433586
                ],
                [
                    128,
                    39,
                    0.13591556251049042
                ],
                [
                    144,
                    39,
                    0.17717331647872925
                ],
                [
                    120,
                    46,
                    0.08436642587184906
                ],
                [
                    176,
                    62,
                    0.7010064125061035
                ],
                [
                    296,
                    164,
                    1.0044035911560059
                ]
            ]
        },
        {
            "frame_index": 1,
            "id": 1,
            "person_id": null,
            "keypoints": [
                [
                    136,
                    54,
                    0.26380327343940735
                ],
                [
                    160,
                    109,
                    0.6585390567779541
                ],
                [
                    104,
                    117,
                    0.6152864098548889
                ],
                [
                    80,
                    148,
                    0.07357852160930634
                ],
                [
                    296,
                    0,
                    0.029681356623768806
                ],
                [
                    208,
                    117,
                    0.6044995784759521
                ],
                [
                    296,
                    7,
                    0.027271324768662453
                ],
                [
                    304,
                    7,
                    0.033851832151412964
                ],
                [
                    240,
                    15,
                    0.018567029386758804
                ],
                [
                    248,
                    172,
                    0.017034979537129402
                ],
                [
                    0,
                    148,
                    0.021219123154878616
                ],
                [
                    296,
                    0,
                    0.04497215151786804
                ],
                [
                    152,
                    101,
                    0.011274920776486397
                ],
                [
                    304,
                    172,
                    0.016443252563476562
                ],
                [
                    136,
                    54,
                    0.1483563333749771
                ],
                [
                    144,
                    46,
                    0.2379361093044281
                ],
                [
                    120,
                    62,
                    0.1777973771095276
                ],
                [
                    176,
                    62,
                    0.6970099210739136
                ],
                [
                    296,
                    164,
                    1.0042117834091187
                ]
            ]
        },
        {
            "frame_index": 2,
            "id": 2,
            "person_id": null,
            "keypoints": [
                [
                    136,
                    46,
                    0.2614535093307495
                ],
                [
                    160,
                    109,
                    0.6086220741271973
                ],
                [
                    104,
                    117,
                    0.6136856079101562
                ],
                [
                    80,
                    148,
                    0.07146846503019333
                ],
                [
                    296,
                    0,
                    0.03056015633046627
                ],
                [
                    208,
                    117,
                    0.5826067924499512
                ],
                [
                    296,
                    7,
                    0.027973873540759087
                ],
                [
                    304,
                    7,
                    0.03546689450740814
                ],
                [
                    240,
                    15,
                    0.01838960498571396
                ],
                [
                    248,
                    172,
                    0.016586223617196083
                ],
                [
                    0,
                    148,
                    0.021215278655290604
                ],
                [
                    296,
                    0,
                    0.046394508332014084
                ],
                [
                    0,
                    148,
                    0.01015087403357029
                ],
                [
                    152,
                    109,
                    0.01856396161019802
                ],
                [
                    128,
                    46,
                    0.16692247986793518
                ],
                [
                    144,
                    46,
                    0.23694880306720734
                ],
                [
                    120,
                    54,
                    0.17372408509254456
                ],
                [
                    184,
                    54,
                    0.4744228422641754
                ],
                [
                    296,
                    164,
                    1.0037572383880615
                ]
            ]
        },
        {
            "frame_index": 3,
            "id": 3,
            "person_id": null,
            "keypoints": [
                [
                    136,
                    54,
                    0.27814868092536926
                ],
                [
                    160,
                    109,
                    0.6772699952125549
                ],
                [
                    104,
                    117,
                    0.6192250847816467
                ],
                [
                    80,
                    148,
                    0.07202395796775818
                ],
                [
                    296,
                    0,
                    0.02899874933063984
                ],
                [
                    208,
                    117,
                    0.5929327607154846
                ],
                [
                    296,
                    7,
                    0.026074470952153206
                ],
                [
                    304,
                    7,
                    0.034165672957897186
                ],
                [
                    240,
                    15,
                    0.020510992035269737
                ],
                [
                    240,
                    172,
                    0.016805412247776985
                ],
                [
                    0,
                    148,
                    0.02132560685276985
                ],
                [
                    296,
                    0,
                    0.04528822377324104
                ],
                [
                    152,
                    101,
                    0.012354061007499695
                ],
                [
                    304,
                    172,
                    0.016835184767842293
                ],
                [
                    128,
                    46,
                    0.1808764636516571
                ],
                [
                    136,
                    46,
                    0.3004398047924042
                ],
                [
                    128,
                    54,
                    0.1853630542755127
                ],
                [
                    184,
                    62,
                    0.6215444803237915
                ],
                [
                    296,
                    164,
                    1.005800485610962
                ]
            ]
        },
        {
            "frame_index": 4,
            "id": 4,
            "person_id": null,
            "keypoints": [
                [
                    160,
                    54,
                    0.22735576331615448
                ],
                [
                    160,
                    109,
                    0.6584470868110657
                ],
                [
                    104,
                    117,
                    0.6145391464233398
                ],
                [
                    80,
                    148,
                    0.07332625985145569
                ],
                [
                    296,
                    0,
                    0.02853982336819172
                ],
                [
                    208,
                    117,
                    0.5828470587730408
                ],
                [
                    296,
                    7,
                    0.024819253012537956
                ],
                [
                    304,
                    7,
                    0.032821349799633026
                ],
                [
                    272,
                    7,
                    0.017560923472046852
                ],
                [
                    240,
                    172,
                    0.01704709231853485
                ],
                [
                    0,
                    148,
                    0.02084312215447426
                ],
                [
                    296,
                    0,
                    0.04342205449938774
                ],
                [
                    152,
                    101,
                    0.012169800698757172
                ],
                [
                    304,
                    172,
                    0.016766052693128586
                ],
                [
                    152,
                    54,
                    0.12424588203430176
                ],
                [
                    168,
                    54,
                    0.16287127137184143
                ],
                [
                    136,
                    54,
                    0.1770743429660797
                ],
                [
                    184,
                    54,
                    0.5031710863113403
                ],
                [
                    296,
                    164,
                    1.0050370693206787
                ]
            ]
        },
        {
            "frame_index": 5,
            "id": 5,
            "person_id": null,
            "keypoints": [
                [
                    176,
                    46,
                    0.035359565168619156
                ],
                [
                    160,
                    109,
                    0.658689022064209
                ],
                [
                    104,
                    117,
                    0.6292322874069214
                ],
                [
                    80,
                    148,
                    0.06997537612915039
                ],
                [
                    296,
                    0,
                    0.02808917500078678
                ],
                [
                    208,
                    117,
                    0.5599146485328674
                ],
                [
                    296,
                    7,
                    0.02511313371360302
                ],
                [
                    304,
                    7,
                    0.032194994390010834
                ],
                [
                    240,
                    15,
                    0.01723470538854599
                ],
                [
                    248,
                    172,
                    0.016983352601528168
                ],
                [
                    0,
                    148,
                    0.020877715200185776
                ],
                [
                    296,
                    0,
                    0.042625755071640015
                ],
                [
                    144,
                    109,
                    0.013686677441000938
                ],
                [
                    304,
                    172,
                    0.017080072313547134
                ],
                [
                    152,
                    101,
                    0.030705995857715607
                ],
                [
                    160,
                    101,
                    0.12400322407484055
                ],
                [
                    128,
                    54,
                    0.32914605736732483
                ],
                [
                    136,
                    46,
                    0.04544023424386978
                ],
                [
                    304,
                    0,
                    1.0072016716003418
                ]
            ]
        },
        {
            "frame_index": 6,
            "id": 6,
            "person_id": null,
            "keypoints": [
                [
                    160,
                    70,
                    0.8274088501930237
                ],
                [
                    160,
                    109,
                    0.6855776906013489
                ],
                [
                    104,
                    117,
                    0.6546791195869446
                ],
                [
                    80,
                    148,
                    0.05750393122434616
                ],
                [
                    296,
                    0,
                    0.02852044440805912
                ],
                [
                    208,
                    117,
                    0.633657693862915
                ],
                [
                    296,
                    7,
                    0.025955693796277046
                ],
                [
                    304,
                    7,
                    0.03307337313890457
                ],
                [
                    272,
                    7,
                    0.017987120896577835
                ],
                [
                    248,
                    172,
                    0.017080286517739296
                ],
                [
                    0,
                    148,
                    0.020940421149134636
                ],
                [
                    296,
                    0,
                    0.04231138154864311
                ],
                [
                    152,
                    62,
                    0.014068729244172573
                ],
                [
                    152,
                    109,
                    0.018718495965003967
                ],
                [
                    152,
                    62,
                    0.7768827080726624
                ],
                [
                    168,
                    62,
                    0.8246731162071228
                ],
                [
                    128,
                    62,
                    0.7683670520782471
                ],
                [
                    184,
                    62,
                    0.7613349556922913
                ],
                [
                    296,
                    164,
                    1.0040935277938843
                ]
            ]
        },
        {
            "frame_index": 7,
            "id": 7,
            "person_id": null,
            "keypoints": [
                [
                    160,
                    62,
                    0.3156402111053467
                ],
                [
                    160,
                    117,
                    0.6054003238677979
                ],
                [
                    104,
                    117,
                    0.6369112133979797
                ],
                [
                    80,
                    148,
                    0.06328237056732178
                ],
                [
                    296,
                    0,
                    0.028950614854693413
                ],
                [
                    208,
                    117,
                    0.594556987285614
                ],
                [
                    296,
                    7,
                    0.025978079065680504
                ],
                [
                    304,
                    7,
                    0.03300759196281433
                ],
                [
                    240,
                    15,
                    0.020445818081498146
                ],
                [
                    248,
                    172,
                    0.017374642193317413
                ],
                [
                    0,
                    148,
                    0.02095043659210205
                ],
                [
                    296,
                    0,
                    0.04266052693128586
                ],
                [
                    0,
                    148,
                    0.01039927825331688
                ],
                [
                    304,
                    172,
                    0.01672372594475746
                ],
                [
                    152,
                    62,
                    0.25114908814430237
                ],
                [
                    160,
                    54,
                    0.23235633969306946
                ],
                [
                    136,
                    62,
                    0.3237707018852234
                ],
                [
                    184,
                    54,
                    0.18229243159294128
                ],
                [
                    296,
                    164,
                    1.0047340393066406
                ]
            ]
        },
        {
            "frame_index": 8,
            "id": 8,
            "person_id": null,
            "keypoints": [
                [
                    144,
                    54,
                    0.24964924156665802
                ],
                [
                    160,
                    109,
                    0.6820077300071716
                ],
                [
                    104,
                    117,
                    0.6511690020561218
                ],
                [
                    80,
                    148,
                    0.061132971197366714
                ],
                [
                    296,
                    0,
                    0.028555601835250854
                ],
                [
                    208,
                    117,
                    0.593431293964386
                ],
                [
                    296,
                    7,
                    0.026794707402586937
                ],
                [
                    304,
                    7,
                    0.03320564329624176
                ],
                [
                    240,
                    15,
                    0.018879294395446777
                ],
                [
                    248,
                    172,
                    0.016613589599728584
                ],
                [
                    0,
                    148,
                    0.0211535282433033
                ],
                [
                    296,
                    0,
                    0.04353702440857887
                ],
                [
                    0,
                    148,
                    0.01097952388226986
                ],
                [
                    304,
                    172,
                    0.016920411959290504
                ],
                [
                    136,
                    46,
                    0.13363374769687653
                ],
                [
                    152,
                    46,
                    0.28385624289512634
                ],
                [
                    128,
                    54,
                    0.23234108090400696
                ],
                [
                    184,
                    54,
                    0.6333602666854858
                ],
                [
                    296,
                    164,
                    1.0032556056976318
                ]
            ]
        }
    ],
    "category_id": 0
}