{
    "info": {
        "video_name": "0_6",
        "resolution": [
            320,
            180
        ],
        "num_frame": 5,
        "num_keypoints": 18,
        "keypoint_channels": [
            "x",
            "y",
            "score"
        ],
        "version": "1.0"
    },
    "annotations": [
        {
            "frame_index": 0,
            "id": 0,
            "person_id": null,
            "keypoints": [
                [
                    112,
                    62,
                    0.07130461186170578
                ],
                [
                    136,
                    101,
                    0.6114606857299805
                ],
                [
                    96,
                    109,
                    0.4725947678089142
                ],
                [
                    88,
                    148,
                    0.06747788190841675
                ],
                [
                    296,
                    0,
                    0.024123596027493477
                ],
                [
                    176,
                    101,
                    0.6020735502243042
                ],
                [
                    176,
                    156,
                    0.10033073276281357
                ],
                [
                    304,
                    7,
                    0.028426242992281914
                ],
                [
                    176,
                    172,
                    0.0387878343462944
                ],
                [
                    280,
                    172,
                    0.012656861916184425
                ],
                [
                    176,
                    164,
                    0.012884000316262245
                ],
                [
                    296,
                    0,
                    0.0349789634346962
                ],
                [
                    184,
                    172,
                    0.013635266572237015
                ],
                [
                    304,
                    172,
                    0.01571577973663807
                ],
                [
                    112,
                    62,
                    0.05310699716210365
                ],
                [
                    136,
                    70,
                    0.084993876516819
                ],
                [
                    104,
                    46,
                    0.012822611257433891
                ],
                [
                    152,
                    70,
                    0.7194828391075134
                ],
                [
                    304,
                    0,
                    1.0213632583618164
                ]
            ]
        },
        {
            "frame_index": 1,
            "id": 1,
            "person_id": null,
            "keypoints": [
                [
                    112,
                    70,
                    0.07668598741292953
                ],
                [
                    136,
                    101,
                    0.6225386261940002
                ],
                [
                    96,
                    109,
                    0.5247593522071838
                ],
                [
                    88,
                    148,
                    0.06564202904701233
                ],
                [
                    296,
                    0,
                    0.02510749362409115
                ],
                [
                    176,
                    101,
                    0.6041971445083618
                ],
                [
                    176,
                    148,
                    0.10173133760690689
                ],
                [
                    304,
                    7,
                    0.029442401602864265
                ],
                [
                    176,
                    172,
                    0.03872440382838249
                ],
                [
                    224,
                    148,
                    0.013801626861095428
                ],
                [
                    296,
                    15,
                    0.0139454435557127
                ],
                [
                    296,
                    0,
                    0.034853171557188034
                ],
                [
                    176,
                    172,
                    0.013885053806006908
                ],
                [
                    304,
                    172,
                    0.016103070229291916
                ],
                [
                    120,
                    62,
                    0.05709511786699295
                ],
                [
                    128,
                    70,
                    0.14485682547092438
                ],
                [
                    104,
                    54,
                    0.014668259769678116
                ],
                [
                    152,
                    70,
                    0.7135924696922302
                ],
                [
                    304,
                    0,
                    1.022509217262268
                ]
            ]
        },
        {
            "frame_index": 2,
            "id": 2,
            "person_id": null,
            "keypoints": [
                [
                    120,
                    70,
                    0.10520181804895401
                ],
                [
                    136,
                    101,
                    0.6324232816696167
                ],
                [
                    96,
                    109,
                    0.5182023644447327
                ],
                [
                    88,
                    148,
                    0.0702456384897232
                ],
                [
                    296,
                    0,
                    0.023677457123994827
                ],
                [
                    176,
                    101,
                    0.5999876260757446
                ],
                [
                    176,
                    156,
                    0.10733003914356232
                ],
                [
                    304,
                    7,
                    0.02731953375041485
                ],
                [
                    176,
                    172,
                    0.04226091504096985
                ],
                [
                    312,
                    172,
                    0.013144975528120995
                ],
                [
                    176,
                    164,
                    0.013379018753767014
                ],
                [
                    176,
                    172,
                    0.037895236164331436
                ],
                [
                    176,
                    172,
                    0.014741580933332443
                ],
                [
                    304,
                    172,
                    0.01670156605541706
                ],
                [
                    120,
                    62,
                    0.07603003084659576
                ],
                [
                    128,
                    70,
                    0.16885285079479218
                ],
                [
                    104,
                    70,
                    0.0281132273375988
                ],
                [
                    152,
                    70,
                    0.6787006258964539
                ],
                [
                    304,
                    0,
                    1.0191370248794556
                ]
            ]
        },
        {
            "frame_index": 3,
            "id": 3,
            "person_id": null,
            "keypoints": [
                [
                    128,
                    70,
                    0.06747803092002869
                ],
                [
                    136,
                    101,
                    0.6007348895072937
                ],
                [
                    96,
                    117,
                    0.4708961248397827
                ],
                [
                    88,
                    148,
                    0.07177457958459854
                ],
                [
                    296,
                    0,
                    0.024250926449894905
                ],
                [
                    184,
                    101,
                    0.564370334148407
                ],
                [
                    176,
                    156,
                    0.09825995564460754
                ],
                [
                    304,
                    7,
                    0.028037896379828453
                ],
                [
                    176,
                    172,
                    0.041569218039512634
                ],
                [
                    312,
                    172,
                    0.013143820688128471
                ],
                [
                    176,
                    156,
                    0.013522187247872353
                ],
                [
                    176,
                    172,
                    0.035158224403858185
                ],
                [
                    176,
                    172,
                    0.015503490343689919
                ],
                [
                    304,
                    172,
                    0.01607591100037098
                ],
                [
                    128,
                    62,
                    0.05967966839671135
                ],
                [
                    136,
                    62,
                    0.11535151302814484
                ],
                [
                    104,
                    70,
                    0.0196099653840065
                ],
                [
                    160,
                    70,
                    0.7423105239868164
                ],
                [
                    304,
                    0,
                    1.0206106901168823
                ]
            ]
        },
        {
            "frame_index": 4,
            "id": 4,
            "person_id": null,
            "keypoints": [
                [
                    144,
                    78,
                    0.1987372487783432
                ],
                [
                    128,
                    109,
                    0.5483072996139526
                ],
                [
                    96,
                    117,
                    0.46401098370552063
                ],
                [
                    88,
                    148,
                    0.08101430535316467
                ],
                [
                    296,
                    0,
                    0.023583026602864265
                ],
                [
                    184,
                    101,
                    0.5648020505905151
                ],
                [
                    176,
                    156,
                    0.09763586521148682
                ],
                [
                    304,
                    7,
                    0.02808779664337635
                ],
                [
                    176,
                    172,
                    0.043878816068172455
                ],
                [
                    312,
                    172,
                    0.013117775321006775
                ],
                [
                    296,
                    15,
                    0.013665465638041496
                ],
                [
                    176,
                    172,
                    0.039443038403987885
                ],
                [
                    176,
                    172,
                    0.016024669632315636
                ],
                [
                    304,
                    172,
                    0.016133349388837814
                ],
                [
                    136,
                    70,
                    0.13687628507614136
                ],
                [
                    152,
                    70,
                    0.23074136674404144
                ],
                [
                    120,
                    70,
                    0.10724231600761414
                ],
                [
                    160,
                    70,
                    0.765056848526001
                ],
                [
                    304,
                    0,
                    1.0221645832061768
                ]
            ]
        }
    ],
    "category_id": 0
}