{
    "info": {
        "video_name": "0_8",
        "resolution": [
            320,
            180
        ],
        "num_frame": 5,
        "num_keypoints": 18,
        "keypoint_channels": [
            "x",
            "y",
            "score"
        ],
        "version": "1.0"
    },
    "annotations": [
        {
            "frame_index": 0,
            "id": 0,
            "person_id": null,
            "keypoints": [
                [
                    176,
                    54,
                    0.629035234451294
                ],
                [
                    152,
                    101,
                    0.5832997560501099
                ],
                [
                    96,
                    109,
                    0.586068332195282
                ],
                [
                    56,
                    148,
                    0.08352427184581757
                ],
                [
                    264,
                    133,
                    0.02750271186232567
                ],
                [
                    200,
                    101,
                    0.6305068135261536
                ],
                [
                    240,
                    148,
                    0.3185691833496094
                ],
                [
                    272,
                    148,
                    0.058841072022914886
                ],
                [
                    272,
                    164,
                    0.09233622252941132
                ],
                [
                    264,
                    164,
                    0.03157075494527817
                ],
                [
                    232,
                    156,
                    0.020427871495485306
                ],
                [
                    264,
                    172,
                    0.08889442682266235
                ],
                [
                    272,
                    164,
                    0.030575290322303772
                ],
                [
                    304,
                    172,
                    0.019714681431651115
                ],
                [
                    168,
                    46,
                    0.6230737566947937
                ],
                [
                    176,
                    46,
                    0.29437386989593506
                ],
                [
                    128,
                    62,
                    0.7448786497116089
                ],
                [
                    280,
                    133,
                    0.05681137368083
                ],
                [
                    304,
                    0,
                    1.0185611248016357
                ]
            ]
        },
        {
            "frame_index": 1,
            "id": 1,
            "person_id": null,
            "keypoints": [
                [
                    184,
                    54,
                    0.46811652183532715
                ],
                [
                    152,
                    101,
                    0.6164942383766174
                ],
                [
                    96,
                    109,
                    0.57774817943573
                ],
                [
                    64,
                    148,
                    0.09590554237365723
                ],
                [
                    296,
                    0,
                    0.02641916275024414
                ],
                [
                    200,
                    101,
                    0.6187472343444824
                ],
                [
                    240,
                    148,
                    0.29143935441970825
                ],
                [
                    304,
                    7,
                    0.026008469983935356
                ],
                [
                    240,
                    172,
                    0.04307549446821213
                ],
                [
                    304,
                    164,
                    0.025708142668008804
                ],
                [
                    232,
                    156,
                    0.021100252866744995
                ],
                [
                    240,
                    172,
                    0.04371687397360802
                ],
                [
                    240,
                    156,
                    0.01991182565689087
                ],
                [
                    304,
                    172,
                    0.021430132910609245
                ],
                [
                    176,
                    46,
                    0.4061134159564972
                ],
                [
                    176,
                    39,
                    0.15405067801475525
                ],
                [
                    128,
                    62,
                    0.6591460108757019
                ],
                [
                    232,
                    156,
                    0.02657870016992092
                ],
                [
                    304,
                    0,
                    1.0220880508422852
                ]
            ]
        },
        {
            "frame_index": 2,
            "id": 2,
            "person_id": null,
            "keypoints": [
                [
                    184,
                    54,
                    0.5541993379592896
                ],
                [
                    144,
                    109,
                    0.5772640705108643
                ],
                [
                    96,
                    109,
                    0.5548684597015381
                ],
                [
                    64,
                    148,
                    0.12232936918735504
                ],
                [
                    296,
                    0,
                    0.02296125516295433
                ],
                [
                    200,
                    101,
                    0.6273618340492249
                ],
                [
                    240,
                    148,
                    0.33876776695251465
                ],
                [
                    280,
                    148,
                    0.03282792866230011
                ],
                [
                    264,
                    172,
                    0.05089065432548523
                ],
                [
                    304,
                    164,
                    0.025418657809495926
                ],
                [
                    232,
                    156,
                    0.01806670054793358
                ],
                [
                    240,
                    172,
                    0.05972771719098091
                ],
                [
                    240,
                    156,
                    0.023445315659046173
                ],
                [
                    304,
                    172,
                    0.021054277196526527
                ],
                [
                    176,
                    46,
                    0.48719754815101624
                ],
                [
                    168,
                    93,
                    0.3403874933719635
                ],
                [
                    136,
                    62,
                    0.740063488483429
                ],
                [
                    232,
                    156,
                    0.024404488503932953
                ],
                [
                    304,
                    0,
                    1.018417477607727
                ]
            ]
        },
        {
            "frame_index": 3,
            "id": 3,
            "person_id": null,
            "keypoints": [
                [
                    184,
                    46,
                    0.44155070185661316
                ],
                [
                    144,
                    109,
                    0.5700945854187012
                ],
                [
                    104,
                    109,
                    0.5489493608474731
                ],
                [
                    64,
                    148,
                    0.11138786375522614
                ],
                [
                    296,
                    0,
                    0.022218452766537666
                ],
                [
                    200,
                    101,
                    0.5890246629714966
                ],
                [
                    240,
                    148,
                    0.3327289819717407
                ],
                [
                    280,
                    148,
                    0.03054370917379856
                ],
                [
                    272,
                    172,
                    0.04965724050998688
                ],
                [
                    304,
                    164,
                    0.024661801755428314
                ],
                [
                    232,
                    156,
                    0.019226927310228348
                ],
                [
                    240,
                    172,
                    0.054502274841070175
                ],
                [
                    240,
                    156,
                    0.023181352764368057
                ],
                [
                    304,
                    172,
                    0.020724492147564888
                ],
                [
                    152,
                    93,
                    0.3781382441520691
                ],
                [
                    168,
                    93,
                    0.3866279423236847
                ],
                [
                    136,
                    62,
                    0.7237246632575989
                ],
                [
                    192,
                    46,
                    0.0460648313164711
                ],
                [
                    304,
                    0,
                    1.0198516845703125
                ]
            ]
        },
        {
            "frame_index": 4,
            "id": 4,
            "person_id": null,
            "keypoints": [
                [
                    184,
                    46,
                    0.5113409757614136
                ],
                [
                    152,
                    109,
                    0.6374070644378662
                ],
                [
                    96,
                    109,
                    0.5292761921882629
                ],
                [
                    64,
                    148,
                    0.1102769523859024
                ],
                [
                    296,
                    0,
                    0.023208918049931526
                ],
                [
                    200,
                    101,
                    0.6273887157440186
                ],
                [
                    240,
                    148,
                    0.3171928822994232
                ],
                [
                    304,
                    7,
                    0.02144250087440014
                ],
                [
                    240,
                    172,
                    0.039561424404382706
                ],
                [
                    304,
                    164,
                    0.022884488105773926
                ],
                [
                    232,
                    156,
                    0.020603779703378677
                ],
                [
                    240,
                    172,
                    0.04209829494357109
                ],
                [
                    240,
                    156,
                    0.021624740213155746
                ],
                [
                    176,
                    39,
                    0.020735368132591248
                ],
                [
                    176,
                    39,
                    0.5599558353424072
                ],
                [
                    184,
                    39,
                    0.06629196554422379
                ],
                [
                    136,
                    62,
                    0.6962485909461975
                ],
                [
                    232,
                    156,
                    0.02532295137643814
                ],
                [
                    304,
                    0,
                    1.0188119411468506
                ]
            ]
        }
    ],
    "category_id": 0
}