{
    "info": {
        "video_name": "10_0",
        "resolution": [
            320,
            180
        ],
        "num_frame": 8,
        "num_keypoints": 18,
        "keypoint_channels": [
            "x",
            "y",
            "score"
        ],
        "version": "1.0"
    },
    "annotations": [
        {
            "frame_index": 0,
            "id": 0,
            "person_id": null,
            "keypoints": [
                [
                    160,
                    39,
                    0.15744058787822723
                ],
                [
                    160,
                    93,
                    0.6284216642379761
                ],
                [
                    112,
                    93,
                    0.6200496554374695
                ],
                [
                    96,
                    156,
                    0.3708489239215851
                ],
                [
                    216,
                    172,
                    0.03902380168437958
                ],
                [
                    208,
                    93,
                    0.5387916564941406
                ],
                [
                    216,
                    156,
                    0.42536452412605286
                ],
                [
                    184,
                    101,
                    0.5972529649734497
                ],
                [
                    224,
                    172,
                    0.07783345878124237
                ],
                [
                    96,
                    164,
                    0.05102591961622238
                ],
                [
                    88,
                    164,
                    0.03504437953233719
                ],
                [
                    216,
                    172,
                    0.14425872266292572
                ],
                [
                    216,
                    172,
                    0.047769516706466675
                ],
                [
                    304,
                    172,
                    0.015494205057621002
                ],
                [
                    152,
                    46,
                    0.10882556438446045
                ],
                [
                    168,
                    23,
                    0.054841771721839905
                ],
                [
                    144,
                    54,
                    0.7308943271636963
                ],
                [
                    96,
                    164,
                    0.05649133771657944
                ],
                [
                    288,
                    172,
                    1.008011817932129
                ]
            ]
        },
        {
            "frame_index": 1,
            "id": 1,
            "person_id": null,
            "keypoints": [
                [
                    176,
                    46,
                    0.0838426724076271
                ],
                [
                    160,
                    93,
                    0.615948498249054
                ],
                [
                    120,
                    93,
                    0.6224000453948975
                ],
                [
                    96,
                    156,
                    0.3822265863418579
                ],
                [
                    96,
                    156,
                    0.036920420825481415
                ],
                [
                    200,
                    101,
                    0.26087185740470886
                ],
                [
                    216,
                    156,
                    0.40885308384895325
                ],
                [
                    192,
                    101,
                    0.5980964303016663
                ],
                [
                    216,
                    172,
                    0.07467013597488403
                ],
                [
                    96,
                    164,
                    0.04512252286076546
                ],
                [
                    88,
                    164,
                    0.03326036408543587
                ],
                [
                    216,
                    172,
                    0.1364799439907074
                ],
                [
                    216,
                    172,
                    0.036343708634376526
                ],
                [
                    304,
                    172,
                    0.018213359639048576
                ],
                [
                    168,
                    46,
                    0.05927989259362221
                ],
                [
                    304,
                    156,
                    0.013305846601724625
                ],
                [
                    144,
                    54,
                    0.753409743309021
                ],
                [
                    96,
                    164,
                    0.057401470839977264
                ],
                [
                    304,
                    0,
                    1.004847526550293
                ]
            ]
        },
        {
            "frame_index": 2,
            "id": 2,
            "person_id": null,
            "keypoints": [
                [
                    160,
                    70,
                    0.2785390615463257
                ],
                [
                    160,
                    93,
                    0.6378750801086426
                ],
                [
                    120,
                    93,
                    0.6437544226646423
                ],
                [
                    96,
                    156,
                    0.3768538236618042
                ],
                [
                    216,
                    172,
                    0.039511971175670624
                ],
                [
                    208,
                    93,
                    0.44721272587776184
                ],
                [
                    216,
                    156,
                    0.430589884519577
                ],
                [
                    192,
                    101,
                    0.6219584941864014
                ],
                [
                    216,
                    172,
                    0.07544629275798798
                ],
                [
                    96,
                    164,
                    0.04534320533275604
                ],
                [
                    88,
                    164,
                    0.034651029855012894
                ],
                [
                    216,
                    172,
                    0.14235877990722656
                ],
                [
                    216,
                    172,
                    0.04120376333594322
                ],
                [
                    304,
                    172,
                    0.015763776376843452
                ],
                [
                    152,
                    54,
                    0.19097250699996948
                ],
                [
                    168,
                    70,
                    0.23649145662784576
                ],
                [
                    144,
                    54,
                    0.7551672458648682
                ],
                [
                    184,
                    70,
                    0.21160656213760376
                ],
                [
                    288,
                    172,
                    1.0096056461334229
                ]
            ]
        },
        {
            "frame_index": 3,
            "id": 3,
            "person_id": null,
            "keypoints": [
                [
                    160,
                    70,
                    0.24222791194915771
                ],
                [
                    160,
                    93,
                    0.6551378965377808
                ],
                [
                    120,
                    93,
                    0.6169130802154541
                ],
                [
                    96,
                    156,
                    0.37009763717651367
                ],
                [
                    216,
                    172,
                    0.03977855294942856
                ],
                [
                    208,
                    93,
                    0.607421338558197
                ],
                [
                    216,
                    156,
                    0.4964756369590759
                ],
                [
                    184,
                    101,
                    0.7491045594215393
                ],
                [
                    216,
                    172,
                    0.07831962406635284
                ],
                [
                    96,
                    164,
                    0.04621964320540428
                ],
                [
                    96,
                    164,
                    0.035718999803066254
                ],
                [
                    216,
                    172,
                    0.14664605259895325
                ],
                [
                    88,
                    164,
                    0.04070223867893219
                ],
                [
                    304,
                    172,
                    0.017139354720711708
                ],
                [
                    152,
                    54,
                    0.1675659716129303
                ],
                [
                    168,
                    70,
                    0.2059343457221985
                ],
                [
                    144,
                    54,
                    0.7550186514854431
                ],
                [
                    184,
                    70,
                    0.2780380845069885
                ],
                [
                    288,
                    172,
                    1.0105345249176025
                ]
            ]
        },
        {
            "frame_index": 4,
            "id": 4,
            "person_id": null,
            "keypoints": [
                [
                    152,
                    54,
                    0.09406508505344391
                ],
                [
                    160,
                    93,
                    0.6178044676780701
                ],
                [
                    120,
                    93,
                    0.5969498157501221
                ],
                [
                    96,
                    156,
                    0.37302911281585693
                ],
                [
                    216,
                    172,
                    0.04021875560283661
                ],
                [
                    200,
                    93,
                    0.6114485859870911
                ],
                [
                    216,
                    156,
                    0.4995771646499634
                ],
                [
                    176,
                    101,
                    0.6407900452613831
                ],
                [
                    224,
                    172,
                    0.07660394161939621
                ],
                [
                    96,
                    164,
                    0.050087761133909225
                ],
                [
                    88,
                    164,
                    0.03326135873794556
                ],
                [
                    216,
                    172,
                    0.14406993985176086
                ],
                [
                    216,
                    172,
                    0.03917597234249115
                ],
                [
                    304,
                    172,
                    0.017065120860934258
                ],
                [
                    152,
                    54,
                    0.09766088426113129
                ],
                [
                    160,
                    78,
                    0.027387887239456177
                ],
                [
                    144,
                    54,
                    0.7605559229850769
                ],
                [
                    96,
                    164,
                    0.05710889399051666
                ],
                [
                    304,
                    0,
                    1.008481740951538
                ]
            ]
        },
        {
            "frame_index": 5,
            "id": 5,
            "person_id": null,
            "keypoints": [
                [
                    176,
                    54,
                    0.29753997921943665
                ],
                [
                    160,
                    101,
                    0.656995952129364
                ],
                [
                    112,
                    101,
                    0.5886788964271545
                ],
                [
                    96,
                    156,
                    0.3708101212978363
                ],
                [
                    216,
                    172,
                    0.037332355976104736
                ],
                [
                    208,
                    93,
                    0.4588911533355713
                ],
                [
                    216,
                    156,
                    0.46906980872154236
                ],
                [
                    184,
                    109,
                    0.6506644487380981
                ],
                [
                    216,
                    172,
                    0.07588087022304535
                ],
                [
                    96,
                    164,
                    0.04790973663330078
                ],
                [
                    88,
                    164,
                    0.03380854055285454
                ],
                [
                    216,
                    172,
                    0.13978831470012665
                ],
                [
                    88,
                    164,
                    0.03409678488969803
                ],
                [
                    304,
                    172,
                    0.016658585518598557
                ],
                [
                    168,
                    46,
                    0.21983417868614197
                ],
                [
                    184,
                    46,
                    0.09914659708738327
                ],
                [
                    144,
                    54,
                    0.7988245487213135
                ],
                [
                    96,
                    164,
                    0.056900426745414734
                ],
                [
                    304,
                    0,
                    1.0105509757995605
                ]
            ]
        },
        {
            "frame_index": 6,
            "id": 6,
            "person_id": null,
            "keypoints": [
                [
                    160,
                    31,
                    0.42217329144477844
                ],
                [
                    168,
                    93,
                    0.6449739336967468
                ],
                [
                    112,
                    93,
                    0.6233547925949097
                ],
                [
                    96,
                    156,
                    0.3940500020980835
                ],
                [
                    216,
                    172,
                    0.0412764847278595
                ],
                [
                    208,
                    93,
                    0.6413586139678955
                ],
                [
                    216,
                    156,
                    0.46004173159599304
                ],
                [
                    184,
                    109,
                    0.6194258332252502
                ],
                [
                    224,
                    172,
                    0.07850897312164307
                ],
                [
                    96,
                    164,
                    0.04623371735215187
                ],
                [
                    96,
                    164,
                    0.03623240068554878
                ],
                [
                    216,
                    172,
                    0.14470644295215607
                ],
                [
                    88,
                    164,
                    0.044145118445158005
                ],
                [
                    224,
                    172,
                    0.016216004267334938
                ],
                [
                    152,
                    31,
                    0.29459160566329956
                ],
                [
                    168,
                    23,
                    0.48928770422935486
                ],
                [
                    136,
                    54,
                    0.6490294337272644
                ],
                [
                    184,
                    39,
                    0.36918994784355164
                ],
                [
                    304,
                    0,
                    1.014459490776062
                ]
            ]
        },
        {
            "frame_index": 7,
            "id": 7,
            "person_id": null,
            "keypoints": [
                [
                    160,
                    54,
                    0.25448188185691833
                ],
                [
                    160,
                    93,
                    0.6457911729812622
                ],
                [
                    112,
                    93,
                    0.6131446957588196
                ],
                [
                    96,
                    156,
                    0.36562880873680115
                ],
                [
                    216,
                    172,
                    0.04022912681102753
                ],
                [
                    208,
                    93,
                    0.5161709785461426
                ],
                [
                    216,
                    156,
                    0.47180455923080444
                ],
                [
                    184,
                    109,
                    0.6168103814125061
                ],
                [
                    224,
                    172,
                    0.0794249027967453
                ],
                [
                    96,
                    164,
                    0.04799221083521843
                ],
                [
                    88,
                    164,
                    0.03442460298538208
                ],
                [
                    216,
                    172,
                    0.14732058346271515
                ],
                [
                    216,
                    172,
                    0.04399605467915535
                ],
                [
                    304,
                    172,
                    0.015540564432740211
                ],
                [
                    152,
                    46,
                    0.23589970171451569
                ],
                [
                    168,
                    39,
                    0.06460770219564438
                ],
                [
                    144,
                    54,
                    0.770023763179779
                ],
                [
                    96,
                    164,
                    0.0551200732588768
                ],
                [
                    304,
                    0,
                    1.0153734683990479
                ]
            ]
        }
    ],
    "category_id": 10
}