{
    "info": {
        "video_name": "10_156",
        "resolution": [
            320,
            180
        ],
        "num_frame": 3,
        "num_keypoints": 18,
        "keypoint_channels": [
            "x",
            "y",
            "score"
        ],
        "version": "1.0"
    },
    "annotations": [
        {
            "frame_index": 0,
            "id": 0,
            "person_id": null,
            "keypoints": [
                [
                    200,
                    70,
                    0.4593796133995056
                ],
                [
                    160,
                    109,
                    0.5010297298431396
                ],
                [
                    112,
                    109,
                    0.5790123343467712
                ],
                [
                    96,
                    148,
                    0.07054516673088074
                ],
                [
                    296,
                    0,
                    0.025014499202370644
                ],
                [
                    216,
                    117,
                    0.4524819850921631
                ],
                [
                    224,
                    148,
                    0.06526652723550797
                ],
                [
                    184,
                    125,
                    0.6723723411560059
                ],
                [
                    168,
                    172,
                    0.01905248872935772
                ],
                [
                    112,
                    109,
                    0.020484674721956253
                ],
                [
                    296,
                    15,
                    0.012635206803679466
                ],
                [
                    296,
                    0,
                    0.030351344496011734
                ],
                [
                    192,
                    86,
                    0.00912926159799099
                ],
                [
                    304,
                    172,
                    0.015352293848991394
                ],
                [
                    192,
                    62,
                    0.49864792823791504
                ],
                [
                    200,
                    62,
                    0.07949283719062805
                ],
                [
                    192,
                    54,
                    0.1847882866859436
                ],
                [
                    224,
                    156,
                    0.014591485261917114
                ],
                [
                    304,
                    0,
                    1.0200293064117432
                ]
            ]
        },
        {
            "frame_index": 1,
            "id": 1,
            "person_id": null,
            "keypoints": [
                [
                    200,
                    70,
                    0.6367383599281311
                ],
                [
                    160,
                    109,
                    0.5900717973709106
                ],
                [
                    112,
                    109,
                    0.6375461220741272
                ],
                [
                    96,
                    148,
                    0.09189708530902863
                ],
                [
                    296,
                    0,
                    0.024153750389814377
                ],
                [
                    216,
                    109,
                    0.4147522449493408
                ],
                [
                    224,
                    148,
                    0.10806746780872345
                ],
                [
                    192,
                    125,
                    0.7035920023918152
                ],
                [
                    96,
                    172,
                    0.02366148680448532
                ],
                [
                    112,
                    109,
                    0.01633649505674839
                ],
                [
                    224,
                    156,
                    0.014443373307585716
                ],
                [
                    296,
                    0,
                    0.031415779143571854
                ],
                [
                    160,
                    101,
                    0.010133307427167892
                ],
                [
                    304,
                    172,
                    0.0150303915143013
                ],
                [
                    192,
                    54,
                    0.6948654055595398
                ],
                [
                    200,
                    62,
                    0.13337156176567078
                ],
                [
                    176,
                    54,
                    0.09675414115190506
                ],
                [
                    224,
                    156,
                    0.020700599998235703
                ],
                [
                    296,
                    164,
                    1.0172728300094604
                ]
            ]
        },
        {
            "frame_index": 2,
            "id": 2,
            "person_id": null,
            "keypoints": [
                [
                    192,
                    62,
                    0.4973710775375366
                ],
                [
                    152,
                    109,
                    0.4957822263240814
                ],
                [
                    112,
                    109,
                    0.6341404318809509
                ],
                [
                    96,
                    148,
                    0.0994788408279419
                ],
                [
                    296,
                    0,
                    0.023427890613675117
                ],
                [
                    208,
                    109,
                    0.31895843148231506
                ],
                [
                    224,
                    148,
                    0.09900956600904465
                ],
                [
                    192,
                    125,
                    0.665814220905304
                ],
                [
                    96,
                    172,
                    0.024659661576151848
                ],
                [
                    112,
                    109,
                    0.016052529215812683
                ],
                [
                    296,
                    15,
                    0.0150084737688303
                ],
                [
                    296,
                    0,
                    0.02993922308087349
                ],
                [
                    184,
                    133,
                    0.010491235181689262
                ],
                [
                    304,
                    172,
                    0.014867505058646202
                ],
                [
                    192,
                    54,
                    0.5259496569633484
                ],
                [
                    200,
                    54,
                    0.26172319054603577
                ],
                [
                    184,
                    54,
                    0.22824779152870178
                ],
                [
                    224,
                    156,
                    0.020175226032733917
                ],
                [
                    304,
                    0,
                    1.0205023288726807
                ]
            ]
        }
    ],
    "category_id": 10
}