{
    "info": {
        "video_name": "10_147",
        "resolution": [
            320,
            180
        ],
        "num_frame": 9,
        "num_keypoints": 18,
        "keypoint_channels": [
            "x",
            "y",
            "score"
        ],
        "version": "1.0"
    },
    "annotations": [
        {
            "frame_index": 0,
            "id": 0,
            "person_id": null,
            "keypoints": [
                [
                    136,
                    39,
                    0.2216048687696457
                ],
                [
                    152,
                    109,
                    0.4673016369342804
                ],
                [
                    112,
                    109,
                    0.2043393850326538
                ],
                [
                    208,
                    164,
                    0.03723233565688133
                ],
                [
                    184,
                    125,
                    0.01915947161614895
                ],
                [
                    200,
                    109,
                    0.5766330361366272
                ],
                [
                    208,
                    156,
                    0.22897540032863617
                ],
                [
                    176,
                    125,
                    0.49869588017463684
                ],
                [
                    216,
                    172,
                    0.05730223283171654
                ],
                [
                    304,
                    164,
                    0.02400820702314377
                ],
                [
                    208,
                    156,
                    0.024078262969851494
                ],
                [
                    208,
                    172,
                    0.08188635110855103
                ],
                [
                    208,
                    172,
                    0.02286326140165329
                ],
                [
                    304,
                    172,
                    0.017812684178352356
                ],
                [
                    136,
                    31,
                    0.0512138269841671
                ],
                [
                    144,
                    31,
                    0.15776249766349792
                ],
                [
                    288,
                    7,
                    0.01262035220861435
                ],
                [
                    168,
                    54,
                    0.7618889808654785
                ],
                [
                    304,
                    101,
                    1.003169059753418
                ]
            ]
        },
        {
            "frame_index": 1,
            "id": 1,
            "person_id": null,
            "keypoints": [
                [
                    136,
                    39,
                    0.1864006519317627
                ],
                [
                    152,
                    109,
                    0.4586982727050781
                ],
                [
                    112,
                    109,
                    0.227867990732193
                ],
                [
                    208,
                    164,
                    0.04134432226419449
                ],
                [
                    184,
                    117,
                    0.016266295686364174
                ],
                [
                    200,
                    109,
                    0.5599753260612488
                ],
                [
                    208,
                    156,
                    0.24155555665493011
                ],
                [
                    176,
                    125,
                    0.5424613952636719
                ],
                [
                    216,
                    172,
                    0.06005174666643143
                ],
                [
                    304,
                    164,
                    0.02399226650595665
                ],
                [
                    208,
                    156,
                    0.02302699163556099
                ],
                [
                    208,
                    172,
                    0.0886833667755127
                ],
                [
                    208,
                    164,
                    0.02405073493719101
                ],
                [
                    304,
                    172,
                    0.018060944974422455
                ],
                [
                    136,
                    39,
                    0.05194602906703949
                ],
                [
                    144,
                    31,
                    0.1304108053445816
                ],
                [
                    288,
                    7,
                    0.012595638632774353
                ],
                [
                    168,
                    54,
                    0.7411543726921082
                ],
                [
                    304,
                    101,
                    1.0044981241226196
                ]
            ]
        },
        {
            "frame_index": 2,
            "id": 2,
            "person_id": null,
            "keypoints": [
                [
                    144,
                    46,
                    0.11277744174003601
                ],
                [
                    152,
                    109,
                    0.49653300642967224
                ],
                [
                    104,
                    109,
                    0.40338659286499023
                ],
                [
                    208,
                    164,
                    0.04476575925946236
                ],
                [
                    136,
                    117,
                    0.24610671401023865
                ],
                [
                    200,
                    109,
                    0.5570095181465149
                ],
                [
                    208,
                    156,
                    0.27482324838638306
                ],
                [
                    176,
                    125,
                    0.5180203318595886
                ],
                [
                    216,
                    172,
                    0.06026265397667885
                ],
                [
                    224,
                    164,
                    0.024443939328193665
                ],
                [
                    208,
                    164,
                    0.023459959775209427
                ],
                [
                    216,
                    172,
                    0.08915980905294418
                ],
                [
                    208,
                    164,
                    0.026904214173555374
                ],
                [
                    304,
                    172,
                    0.01715146005153656
                ],
                [
                    296,
                    0,
                    0.025931406766176224
                ],
                [
                    160,
                    46,
                    0.13659141957759857
                ],
                [
                    112,
                    86,
                    0.021970398724079132
                ],
                [
                    168,
                    54,
                    0.7423312664031982
                ],
                [
                    304,
                    101,
                    1.0038340091705322
                ]
            ]
        },
        {
            "frame_index": 3,
            "id": 3,
            "person_id": null,
            "keypoints": [
                [
                    136,
                    78,
                    0.291341096162796
                ],
                [
                    152,
                    109,
                    0.5909973382949829
                ],
                [
                    104,
                    109,
                    0.4529058337211609
                ],
                [
                    208,
                    164,
                    0.04926202446222305
                ],
                [
                    128,
                    117,
                    0.2922990620136261
                ],
                [
                    192,
                    109,
                    0.5988264083862305
                ],
                [
                    208,
                    156,
                    0.2965923547744751
                ],
                [
                    176,
                    125,
                    0.5199931859970093
                ],
                [
                    216,
                    172,
                    0.06413030624389648
                ],
                [
                    304,
                    164,
                    0.024325929582118988
                ],
                [
                    208,
                    164,
                    0.022399738430976868
                ],
                [
                    216,
                    172,
                    0.1027238667011261
                ],
                [
                    216,
                    156,
                    0.03184371441602707
                ],
                [
                    304,
                    172,
                    0.018222881481051445
                ],
                [
                    128,
                    78,
                    0.2010902613401413
                ],
                [
                    160,
                    54,
                    0.10891535878181458
                ],
                [
                    120,
                    86,
                    0.12630201876163483
                ],
                [
                    168,
                    62,
                    0.7050312161445618
                ],
                [
                    304,
                    101,
                    1.003018856048584
                ]
            ]
        },
        {
            "frame_index": 4,
            "id": 4,
            "person_id": null,
            "keypoints": [
                [
                    136,
                    78,
                    0.261650025844574
                ],
                [
                    152,
                    109,
                    0.5104176998138428
                ],
                [
                    104,
                    109,
                    0.3699769079685211
                ],
                [
                    208,
                    164,
                    0.041174646466970444
                ],
                [
                    128,
                    117,
                    0.23958799242973328
                ],
                [
                    200,
                    109,
                    0.5924076437950134
                ],
                [
                    208,
                    156,
                    0.2562149167060852
                ],
                [
                    176,
                    125,
                    0.5156171321868896
                ],
                [
                    216,
                    172,
                    0.06024874374270439
                ],
                [
                    304,
                    164,
                    0.023345492780208588
                ],
                [
                    208,
                    156,
                    0.022085662931203842
                ],
                [
                    208,
                    172,
                    0.087669737637043
                ],
                [
                    216,
                    156,
                    0.02838263288140297
                ],
                [
                    304,
                    172,
                    0.01826312765479088
                ],
                [
                    128,
                    86,
                    0.19926658272743225
                ],
                [
                    144,
                    62,
                    0.045710645616054535
                ],
                [
                    112,
                    86,
                    0.12045156955718994
                ],
                [
                    168,
                    62,
                    0.6659591197967529
                ],
                [
                    304,
                    101,
                    1.0061473846435547
                ]
            ]
        },
        {
            "frame_index": 5,
            "id": 5,
            "person_id": null,
            "keypoints": [
                [
                    136,
                    86,
                    0.2985040545463562
                ],
                [
                    152,
                    109,
                    0.4769445061683655
                ],
                [
                    104,
                    109,
                    0.3695892095565796
                ],
                [
                    208,
                    164,
                    0.047280680388212204
                ],
                [
                    128,
                    117,
                    0.22379246354103088
                ],
                [
                    192,
                    109,
                    0.5808218717575073
                ],
                [
                    208,
                    156,
                    0.2789606750011444
                ],
                [
                    176,
                    125,
                    0.5123021602630615
                ],
                [
                    216,
                    172,
                    0.06276580691337585
                ],
                [
                    304,
                    164,
                    0.023478902876377106
                ],
                [
                    296,
                    15,
                    0.021237578243017197
                ],
                [
                    208,
                    172,
                    0.0964236930012703
                ],
                [
                    216,
                    156,
                    0.02830825373530388
                ],
                [
                    304,
                    172,
                    0.017885932698845863
                ],
                [
                    128,
                    86,
                    0.20205636322498322
                ],
                [
                    144,
                    70,
                    0.20099598169326782
                ],
                [
                    120,
                    78,
                    0.24606797099113464
                ],
                [
                    168,
                    62,
                    0.6291617155075073
                ],
                [
                    304,
                    101,
                    1.0052905082702637
                ]
            ]
        },
        {
            "frame_index": 6,
            "id": 6,
            "person_id": null,
            "keypoints": [
                [
                    144,
                    46,
                    0.07287026196718216
                ],
                [
                    152,
                    109,
                    0.4935968518257141
                ],
                [
                    112,
                    109,
                    0.31756699085235596
                ],
                [
                    208,
                    164,
                    0.04341457411646843
                ],
                [
                    184,
                    125,
                    0.02877170406281948
                ],
                [
                    192,
                    109,
                    0.5561496615409851
                ],
                [
                    208,
                    156,
                    0.24731533229351044
                ],
                [
                    176,
                    125,
                    0.5072712302207947
                ],
                [
                    216,
                    172,
                    0.06144718825817108
                ],
                [
                    304,
                    164,
                    0.023092415183782578
                ],
                [
                    208,
                    156,
                    0.022848479449748993
                ],
                [
                    208,
                    172,
                    0.08898421376943588
                ],
                [
                    208,
                    164,
                    0.026430852711200714
                ],
                [
                    304,
                    172,
                    0.017503390088677406
                ],
                [
                    144,
                    46,
                    0.043561648577451706
                ],
                [
                    160,
                    46,
                    0.08750104159116745
                ],
                [
                    288,
                    7,
                    0.012058239430189133
                ],
                [
                    168,
                    54,
                    0.7103726267814636
                ],
                [
                    304,
                    101,
                    1.0047039985656738
                ]
            ]
        },
        {
            "frame_index": 7,
            "id": 7,
            "person_id": null,
            "keypoints": [
                [
                    136,
                    39,
                    0.153045192360878
                ],
                [
                    152,
                    109,
                    0.5082736611366272
                ],
                [
                    112,
                    109,
                    0.2958924174308777
                ],
                [
                    208,
                    164,
                    0.0484299473464489
                ],
                [
                    128,
                    117,
                    0.11301897466182709
                ],
                [
                    200,
                    109,
                    0.5756014585494995
                ],
                [
                    208,
                    156,
                    0.284114807844162
                ],
                [
                    176,
                    125,
                    0.5323840379714966
                ],
                [
                    216,
                    172,
                    0.06219201162457466
                ],
                [
                    304,
                    164,
                    0.023534312844276428
                ],
                [
                    208,
                    164,
                    0.023025469854474068
                ],
                [
                    208,
                    172,
                    0.09825842082500458
                ],
                [
                    216,
                    156,
                    0.03029223158955574
                ],
                [
                    304,
                    172,
                    0.017326880246400833
                ],
                [
                    136,
                    31,
                    0.032391902059316635
                ],
                [
                    144,
                    31,
                    0.11255443096160889
                ],
                [
                    288,
                    7,
                    0.012176474556326866
                ],
                [
                    168,
                    62,
                    0.7489560842514038
                ],
                [
                    304,
                    101,
                    1.004533052444458
                ]
            ]
        },
        {
            "frame_index": 8,
            "id": 8,
            "person_id": null,
            "keypoints": [
                [
                    136,
                    86,
                    0.24447733163833618
                ],
                [
                    160,
                    109,
                    0.43409740924835205
                ],
                [
                    112,
                    109,
                    0.21919843554496765
                ],
                [
                    208,
                    164,
                    0.04550858214497566
                ],
                [
                    128,
                    117,
                    0.18181732296943665
                ],
                [
                    192,
                    109,
                    0.561741292476654
                ],
                [
                    208,
                    156,
                    0.2679738998413086
                ],
                [
                    176,
                    125,
                    0.49794885516166687
                ],
                [
                    216,
                    172,
                    0.06109238415956497
                ],
                [
                    304,
                    164,
                    0.024058759212493896
                ],
                [
                    208,
                    156,
                    0.02183970808982849
                ],
                [
                    208,
                    172,
                    0.09406975656747818
                ],
                [
                    216,
                    156,
                    0.02743605151772499
                ],
                [
                    304,
                    172,
                    0.01749526523053646
                ],
                [
                    136,
                    86,
                    0.19067628681659698
                ],
                [
                    144,
                    78,
                    0.15099017322063446
                ],
                [
                    120,
                    86,
                    0.13886114954948425
                ],
                [
                    168,
                    62,
                    0.6236465573310852
                ],
                [
                    304,
                    101,
                    1.004518985748291
                ]
            ]
        }
    ],
    "category_id": 10
}