{
    "info": {
        "video_name": "10_139",
        "resolution": [
            320,
            180
        ],
        "num_frame": 15,
        "num_keypoints": 18,
        "keypoint_channels": [
            "x",
            "y",
            "score"
        ],
        "version": "1.0"
    },
    "annotations": [
        {
            "frame_index": 0,
            "id": 0,
            "person_id": null,
            "keypoints": [
                [
                    160,
                    46,
                    0.6009814739227295
                ],
                [
                    152,
                    93,
                    0.5750425457954407
                ],
                [
                    104,
                    93,
                    0.5942567586898804
                ],
                [
                    96,
                    148,
                    0.4320736229419708
                ],
                [
                    144,
                    101,
                    0.6859928369522095
                ],
                [
                    192,
                    93,
                    0.6541088223457336
                ],
                [
                    208,
                    148,
                    0.48306578397750854
                ],
                [
                    176,
                    117,
                    0.49292120337486267
                ],
                [
                    88,
                    164,
                    0.06501251459121704
                ],
                [
                    96,
                    164,
                    0.06309229135513306
                ],
                [
                    88,
                    164,
                    0.03493321314454079
                ],
                [
                    208,
                    172,
                    0.07931893318891525
                ],
                [
                    208,
                    156,
                    0.029054764658212662
                ],
                [
                    88,
                    164,
                    0.01792127452790737
                ],
                [
                    152,
                    46,
                    0.5790646076202393
                ],
                [
                    168,
                    39,
                    0.3403862714767456
                ],
                [
                    128,
                    54,
                    0.7116640210151672
                ],
                [
                    96,
                    164,
                    0.05807679146528244
                ],
                [
                    288,
                    172,
                    1.025136947631836
                ]
            ]
        },
        {
            "frame_index": 1,
            "id": 1,
            "person_id": null,
            "keypoints": [
                [
                    152,
                    54,
                    0.860224723815918
                ],
                [
                    152,
                    93,
                    0.6376698613166809
                ],
                [
                    104,
                    93,
                    0.6476279497146606
                ],
                [
                    96,
                    148,
                    0.4441182315349579
                ],
                [
                    144,
                    109,
                    0.6797028183937073
                ],
                [
                    192,
                    86,
                    0.7004479169845581
                ],
                [
                    208,
                    148,
                    0.4983283281326294
                ],
                [
                    176,
                    117,
                    0.47210726141929626
                ],
                [
                    88,
                    164,
                    0.06757435202598572
                ],
                [
                    96,
                    164,
                    0.0635579377412796
                ],
                [
                    88,
                    164,
                    0.036424607038497925
                ],
                [
                    208,
                    172,
                    0.08463917672634125
                ],
                [
                    208,
                    156,
                    0.03048846870660782
                ],
                [
                    88,
                    164,
                    0.017810828983783722
                ],
                [
                    144,
                    46,
                    0.8270845413208008
                ],
                [
                    160,
                    46,
                    0.8606379628181458
                ],
                [
                    128,
                    54,
                    0.8244256973266602
                ],
                [
                    168,
                    54,
                    0.5033290982246399
                ],
                [
                    288,
                    172,
                    1.0245128870010376
                ]
            ]
        },
        {
            "frame_index": 2,
            "id": 2,
            "person_id": null,
            "keypoints": [
                [
                    152,
                    54,
                    0.16715484857559204
                ],
                [
                    152,
                    93,
                    0.36833202838897705
                ],
                [
                    104,
                    93,
                    0.5321223735809326
                ],
                [
                    96,
                    148,
                    0.4479171335697174
                ],
                [
                    144,
                    101,
                    0.6923117637634277
                ],
                [
                    192,
                    93,
                    0.6276156902313232
                ],
                [
                    200,
                    148,
                    0.48507750034332275
                ],
                [
                    176,
                    117,
                    0.421394020318985
                ],
                [
                    88,
                    164,
                    0.06409899890422821
                ],
                [
                    96,
                    164,
                    0.06051507592201233
                ],
                [
                    88,
                    164,
                    0.03143095597624779
                ],
                [
                    208,
                    172,
                    0.07685474306344986
                ],
                [
                    208,
                    156,
                    0.027042191475629807
                ],
                [
                    88,
                    164,
                    0.015989067032933235
                ],
                [
                    144,
                    46,
                    0.14741407334804535
                ],
                [
                    152,
                    39,
                    0.06369487196207047
                ],
                [
                    128,
                    54,
                    0.65716952085495
                ],
                [
                    176,
                    54,
                    0.2213299423456192
                ],
                [
                    288,
                    172,
                    1.0216000080108643
                ]
            ]
        },
        {
            "frame_index": 3,
            "id": 3,
            "person_id": null,
            "keypoints": [
                [
                    152,
                    54,
                    0.1789056360721588
                ],
                [
                    152,
                    93,
                    0.4732429087162018
                ],
                [
                    104,
                    93,
                    0.5769951343536377
                ],
                [
                    96,
                    148,
                    0.4508817195892334
                ],
                [
                    144,
                    101,
                    0.7881631851196289
                ],
                [
                    192,
                    93,
                    0.6441343426704407
                ],
                [
                    200,
                    148,
                    0.5398482084274292
                ],
                [
                    176,
                    117,
                    0.3937080502510071
                ],
                [
                    88,
                    164,
                    0.06660257279872894
                ],
                [
                    96,
                    164,
                    0.06019078940153122
                ],
                [
                    88,
                    164,
                    0.03502694144845009
                ],
                [
                    200,
                    172,
                    0.08022642135620117
                ],
                [
                    208,
                    156,
                    0.0259026437997818
                ],
                [
                    88,
                    164,
                    0.016761450096964836
                ],
                [
                    144,
                    46,
                    0.22359880805015564
                ],
                [
                    152,
                    39,
                    0.11514715850353241
                ],
                [
                    128,
                    54,
                    0.6055818796157837
                ],
                [
                    176,
                    54,
                    0.14583851397037506
                ],
                [
                    288,
                    172,
                    1.0239367485046387
                ]
            ]
        },
        {
            "frame_index": 4,
            "id": 4,
            "person_id": null,
            "keypoints": [
                [
                    152,
                    62,
                    0.1960451453924179
                ],
                [
                    152,
                    93,
                    0.4766831696033478
                ],
                [
                    104,
                    93,
                    0.5466947555541992
                ],
                [
                    96,
                    148,
                    0.44240179657936096
                ],
                [
                    144,
                    101,
                    0.6845273375511169
                ],
                [
                    192,
                    93,
                    0.6398268342018127
                ],
                [
                    200,
                    148,
                    0.5281592011451721
                ],
                [
                    176,
                    117,
                    0.4493156671524048
                ],
                [
                    88,
                    164,
                    0.0627366304397583
                ],
                [
                    96,
                    164,
                    0.05843581259250641
                ],
                [
                    200,
                    156,
                    0.03258247673511505
                ],
                [
                    200,
                    172,
                    0.07527556270360947
                ],
                [
                    208,
                    156,
                    0.02655535563826561
                ],
                [
                    200,
                    156,
                    0.017021069303154945
                ],
                [
                    144,
                    70,
                    0.17940326035022736
                ],
                [
                    152,
                    62,
                    0.19096313416957855
                ],
                [
                    128,
                    54,
                    0.4223843216896057
                ],
                [
                    168,
                    54,
                    0.2859533429145813
                ],
                [
                    288,
                    172,
                    1.0239989757537842
                ]
            ]
        },
        {
            "frame_index": 5,
            "id": 5,
            "person_id": null,
            "keypoints": [
                [
                    152,
                    54,
                    0.232552170753479
                ],
                [
                    152,
                    93,
                    0.45814624428749084
                ],
                [
                    104,
                    93,
                    0.5629838109016418
                ],
                [
                    96,
                    148,
                    0.4629630744457245
                ],
                [
                    144,
                    101,
                    0.6540664434432983
                ],
                [
                    192,
                    93,
                    0.6272775530815125
                ],
                [
                    200,
                    148,
                    0.5190008878707886
                ],
                [
                    176,
                    117,
                    0.5118009448051453
                ],
                [
                    88,
                    164,
                    0.060623202472925186
                ],
                [
                    96,
                    164,
                    0.05919966846704483
                ],
                [
                    200,
                    156,
                    0.03300532326102257
                ],
                [
                    208,
                    172,
                    0.07144217938184738
                ],
                [
                    208,
                    156,
                    0.028233416378498077
                ],
                [
                    88,
                    164,
                    0.01778625138103962
                ],
                [
                    144,
                    46,
                    0.16491831839084625
                ],
                [
                    160,
                    46,
                    0.16738446056842804
                ],
                [
                    128,
                    54,
                    0.49982506036758423
                ],
                [
                    168,
                    54,
                    0.27683284878730774
                ],
                [
                    288,
                    172,
                    1.0237644910812378
                ]
            ]
        },
        {
            "frame_index": 6,
            "id": 6,
            "person_id": null,
            "keypoints": [
                [
                    160,
                    46,
                    0.465253621339798
                ],
                [
                    152,
                    93,
                    0.5275196433067322
                ],
                [
                    112,
                    93,
                    0.5703734755516052
                ],
                [
                    96,
                    148,
                    0.45228010416030884
                ],
                [
                    144,
                    101,
                    0.6815130710601807
                ],
                [
                    192,
                    93,
                    0.6584314703941345
                ],
                [
                    200,
                    148,
                    0.5074798464775085
                ],
                [
                    176,
                    117,
                    0.46874499320983887
                ],
                [
                    88,
                    164,
                    0.060087669640779495
                ],
                [
                    96,
                    164,
                    0.059214554727077484
                ],
                [
                    200,
                    156,
                    0.033309902995824814
                ],
                [
                    208,
                    172,
                    0.07335767149925232
                ],
                [
                    208,
                    156,
                    0.02961486577987671
                ],
                [
                    88,
                    164,
                    0.01794196479022503
                ],
                [
                    152,
                    39,
                    0.4565247595310211
                ],
                [
                    160,
                    39,
                    0.1742890626192093
                ],
                [
                    128,
                    54,
                    0.5901194214820862
                ],
                [
                    96,
                    164,
                    0.049769628793001175
                ],
                [
                    288,
                    172,
                    1.0233453512191772
                ]
            ]
        },
        {
            "frame_index": 7,
            "id": 7,
            "person_id": null,
            "keypoints": [
                [
                    160,
                    54,
                    0.4694199562072754
                ],
                [
                    152,
                    93,
                    0.5282582640647888
                ],
                [
                    112,
                    93,
                    0.5642412304878235
                ],
                [
                    96,
                    148,
                    0.4309859871864319
                ],
                [
                    144,
                    101,
                    0.7430221438407898
                ],
                [
                    192,
                    93,
                    0.6509943008422852
                ],
                [
                    208,
                    148,
                    0.5012381076812744
                ],
                [
                    176,
                    117,
                    0.4823577404022217
                ],
                [
                    88,
                    164,
                    0.06730002164840698
                ],
                [
                    96,
                    164,
                    0.06172803044319153
                ],
                [
                    88,
                    164,
                    0.035655442625284195
                ],
                [
                    208,
                    172,
                    0.0819462388753891
                ],
                [
                    208,
                    156,
                    0.030270598828792572
                ],
                [
                    88,
                    164,
                    0.0173187293112278
                ],
                [
                    152,
                    46,
                    0.38494613766670227
                ],
                [
                    160,
                    39,
                    0.32694071531295776
                ],
                [
                    128,
                    54,
                    0.6188584566116333
                ],
                [
                    176,
                    54,
                    0.20605990290641785
                ],
                [
                    288,
                    172,
                    1.0250810384750366
                ]
            ]
        },
        {
            "frame_index": 8,
            "id": 8,
            "person_id": null,
            "keypoints": [
                [
                    160,
                    54,
                    0.5240625143051147
                ],
                [
                    152,
                    93,
                    0.550571084022522
                ],
                [
                    104,
                    93,
                    0.5846574902534485
                ],
                [
                    96,
                    148,
                    0.4240846335887909
                ],
                [
                    144,
                    101,
                    0.6735599040985107
                ],
                [
                    192,
                    93,
                    0.653988778591156
                ],
                [
                    200,
                    148,
                    0.4935917854309082
                ],
                [
                    176,
                    117,
                    0.46676403284072876
                ],
                [
                    88,
                    164,
                    0.0641140416264534
                ],
                [
                    96,
                    164,
                    0.06212053447961807
                ],
                [
                    88,
                    164,
                    0.034659795463085175
                ],
                [
                    200,
                    172,
                    0.07578272372484207
                ],
                [
                    208,
                    156,
                    0.02733851969242096
                ],
                [
                    88,
                    164,
                    0.018250737339258194
                ],
                [
                    152,
                    46,
                    0.4965074360370636
                ],
                [
                    160,
                    39,
                    0.29064932465553284
                ],
                [
                    128,
                    54,
                    0.6958249807357788
                ],
                [
                    96,
                    164,
                    0.05437840521335602
                ],
                [
                    288,
                    172,
                    1.0250191688537598
                ]
            ]
        },
        {
            "frame_index": 9,
            "id": 9,
            "person_id": null,
            "keypoints": [
                [
                    152,
                    54,
                    0.8634613156318665
                ],
                [
                    152,
                    93,
                    0.6211241483688354
                ],
                [
                    104,
                    93,
                    0.6563611626625061
                ],
                [
                    96,
                    148,
                    0.4475811719894409
                ],
                [
                    144,
                    109,
                    0.6650994420051575
                ],
                [
                    192,
                    93,
                    0.6864557266235352
                ],
                [
                    200,
                    148,
                    0.5024054050445557
                ],
                [
                    176,
                    117,
                    0.45542439818382263
                ],
                [
                    88,
                    164,
                    0.06861405074596405
                ],
                [
                    96,
                    164,
                    0.06531316787004471
                ],
                [
                    88,
                    164,
                    0.0370735265314579
                ],
                [
                    208,
                    172,
                    0.08267553150653839
                ],
                [
                    208,
                    156,
                    0.028237473219633102
                ],
                [
                    88,
                    164,
                    0.01878867857158184
                ],
                [
                    144,
                    54,
                    0.8085607290267944
                ],
                [
                    160,
                    46,
                    0.8926267623901367
                ],
                [
                    128,
                    54,
                    0.8003457188606262
                ],
                [
                    168,
                    54,
                    0.5087318420410156
                ],
                [
                    288,
                    172,
                    1.0250144004821777
                ]
            ]
        },
        {
            "frame_index": 10,
            "id": 10,
            "person_id": null,
            "keypoints": [
                [
                    152,
                    54,
                    0.8456398248672485
                ],
                [
                    152,
                    93,
                    0.6098079681396484
                ],
                [
                    104,
                    93,
                    0.6491435170173645
                ],
                [
                    96,
                    148,
                    0.4438130855560303
                ],
                [
                    144,
                    109,
                    0.668106198310852
                ],
                [
                    192,
                    93,
                    0.6834164261817932
                ],
                [
                    208,
                    156,
                    0.4812813997268677
                ],
                [
                    176,
                    117,
                    0.48234912753105164
                ],
                [
                    88,
                    164,
                    0.07041371613740921
                ],
                [
                    96,
                    164,
                    0.06391475349664688
                ],
                [
                    88,
                    164,
                    0.040571264922618866
                ],
                [
                    208,
                    172,
                    0.08542152494192123
                ],
                [
                    208,
                    156,
                    0.02847987413406372
                ],
                [
                    96,
                    164,
                    0.020500583574175835
                ],
                [
                    144,
                    54,
                    0.8020661473274231
                ],
                [
                    160,
                    46,
                    0.8810573816299438
                ],
                [
                    128,
                    54,
                    0.8191516995429993
                ],
                [
                    168,
                    54,
                    0.5333521962165833
                ],
                [
                    288,
                    172,
                    1.025010347366333
                ]
            ]
        },
        {
            "frame_index": 11,
            "id": 11,
            "person_id": null,
            "keypoints": [
                [
                    160,
                    54,
                    0.4781244993209839
                ],
                [
                    152,
                    93,
                    0.5665445327758789
                ],
                [
                    112,
                    93,
                    0.605484664440155
                ],
                [
                    96,
                    148,
                    0.4445067346096039
                ],
                [
                    144,
                    101,
                    0.68259596824646
                ],
                [
                    192,
                    93,
                    0.6637844443321228
                ],
                [
                    200,
                    148,
                    0.4800424575805664
                ],
                [
                    176,
                    117,
                    0.4939587414264679
                ],
                [
                    88,
                    164,
                    0.06913609802722931
                ],
                [
                    96,
                    164,
                    0.06506983935832977
                ],
                [
                    88,
                    164,
                    0.03904625028371811
                ],
                [
                    200,
                    172,
                    0.07895669341087341
                ],
                [
                    208,
                    156,
                    0.027398690581321716
                ],
                [
                    88,
                    164,
                    0.020514925941824913
                ],
                [
                    152,
                    46,
                    0.47988995909690857
                ],
                [
                    160,
                    39,
                    0.23318012058734894
                ],
                [
                    128,
                    54,
                    0.7168398499488831
                ],
                [
                    96,
                    164,
                    0.06275025010108948
                ],
                [
                    288,
                    172,
                    1.0249459743499756
                ]
            ]
        },
        {
            "frame_index": 12,
            "id": 12,
            "person_id": null,
            "keypoints": [
                [
                    160,
                    46,
                    0.4299194812774658
                ],
                [
                    152,
                    93,
                    0.5509842038154602
                ],
                [
                    112,
                    93,
                    0.5851772427558899
                ],
                [
                    96,
                    148,
                    0.44873934984207153
                ],
                [
                    144,
                    101,
                    0.707719624042511
                ],
                [
                    192,
                    93,
                    0.6503342390060425
                ],
                [
                    200,
                    148,
                    0.48046690225601196
                ],
                [
                    176,
                    117,
                    0.4714263081550598
                ],
                [
                    88,
                    164,
                    0.06950943171977997
                ],
                [
                    96,
                    164,
                    0.06552083045244217
                ],
                [
                    96,
                    164,
                    0.038791026920080185
                ],
                [
                    208,
                    172,
                    0.07899264246225357
                ],
                [
                    208,
                    156,
                    0.028081398457288742
                ],
                [
                    96,
                    164,
                    0.020861728116869926
                ],
                [
                    152,
                    46,
                    0.4415819048881531
                ],
                [
                    160,
                    39,
                    0.17020243406295776
                ],
                [
                    128,
                    54,
                    0.7133496999740601
                ],
                [
                    96,
                    164,
                    0.06291145086288452
                ],
                [
                    288,
                    172,
                    1.0245352983474731
                ]
            ]
        },
        {
            "frame_index": 13,
            "id": 13,
            "person_id": null,
            "keypoints": [
                [
                    168,
                    54,
                    0.4349207580089569
                ],
                [
                    152,
                    93,
                    0.5476700663566589
                ],
                [
                    112,
                    93,
                    0.576304018497467
                ],
                [
                    96,
                    148,
                    0.4626258313655853
                ],
                [
                    144,
                    101,
                    0.6867976784706116
                ],
                [
                    192,
                    93,
                    0.6574122309684753
                ],
                [
                    200,
                    148,
                    0.48720771074295044
                ],
                [
                    176,
                    117,
                    0.45568665862083435
                ],
                [
                    88,
                    164,
                    0.06799215078353882
                ],
                [
                    96,
                    164,
                    0.06569399684667587
                ],
                [
                    88,
                    164,
                    0.036168087273836136
                ],
                [
                    208,
                    172,
                    0.08005397021770477
                ],
                [
                    208,
                    156,
                    0.028421252965927124
                ],
                [
                    88,
                    164,
                    0.019369035959243774
                ],
                [
                    152,
                    46,
                    0.4775943160057068
                ],
                [
                    168,
                    39,
                    0.18392574787139893
                ],
                [
                    128,
                    54,
                    0.7448939085006714
                ],
                [
                    96,
                    164,
                    0.061209190636873245
                ],
                [
                    288,
                    172,
                    1.0244653224945068
                ]
            ]
        },
        {
            "frame_index": 14,
            "id": 14,
            "person_id": null,
            "keypoints": [
                [
                    160,
                    54,
                    0.4159931540489197
                ],
                [
                    152,
                    93,
                    0.5420310497283936
                ],
                [
                    112,
                    93,
                    0.5588194727897644
                ],
                [
                    96,
                    148,
                    0.47594279050827026
                ],
                [
                    144,
                    101,
                    0.6711329221725464
                ],
                [
                    192,
                    93,
                    0.6579212546348572
                ],
                [
                    200,
                    148,
                    0.47910648584365845
                ],
                [
                    176,
                    117,
                    0.4512856900691986
                ],
                [
                    88,
                    164,
                    0.06822492182254791
                ],
                [
                    96,
                    164,
                    0.06581294536590576
                ],
                [
                    96,
                    164,
                    0.03865393251180649
                ],
                [
                    208,
                    172,
                    0.07771599292755127
                ],
                [
                    208,
                    156,
                    0.029531296342611313
                ],
                [
                    96,
                    164,
                    0.019468754529953003
                ],
                [
                    144,
                    46,
                    0.4229281544685364
                ],
                [
                    160,
                    39,
                    0.30143648386001587
                ],
                [
                    128,
                    54,
                    0.6782884001731873
                ],
                [
                    168,
                    46,
                    0.16412197053432465
                ],
                [
                    288,
                    172,
                    1.024828553199768
                ]
            ]
        }
    ],
    "category_id": 10
}