{
    "info": {
        "video_name": "10_105",
        "resolution": [
            320,
            180
        ],
        "num_frame": 5,
        "num_keypoints": 18,
        "keypoint_channels": [
            "x",
            "y",
            "score"
        ],
        "version": "1.0"
    },
    "annotations": [
        {
            "frame_index": 0,
            "id": 0,
            "person_id": null,
            "keypoints": [
                [
                    152,
                    86,
                    0.060004498809576035
                ],
                [
                    176,
                    101,
                    0.5941048860549927
                ],
                [
                    136,
                    93,
                    0.23805516958236694
                ],
                [
                    104,
                    148,
                    0.12844106554985046
                ],
                [
                    120,
                    109,
                    0.6402710676193237
                ],
                [
                    224,
                    101,
                    0.6083449125289917
                ],
                [
                    240,
                    172,
                    0.043092645704746246
                ],
                [
                    120,
                    117,
                    0.046327121555805206
                ],
                [
                    144,
                    172,
                    0.029573174193501472
                ],
                [
                    104,
                    93,
                    0.035641562193632126
                ],
                [
                    240,
                    172,
                    0.015145527198910713
                ],
                [
                    296,
                    0,
                    0.04526105523109436
                ],
                [
                    240,
                    172,
                    0.027971085160970688
                ],
                [
                    304,
                    172,
                    0.01283356174826622
                ],
                [
                    296,
                    0,
                    0.034696150571107864
                ],
                [
                    144,
                    78,
                    0.02134712040424347
                ],
                [
                    176,
                    39,
                    0.029478086158633232
                ],
                [
                    192,
                    62,
                    0.38080015778541565
                ],
                [
                    0,
                    0,
                    1.0054175853729248
                ]
            ]
        },
        {
            "frame_index": 1,
            "id": 1,
            "person_id": null,
            "keypoints": [
                [
                    192,
                    54,
                    0.21321479976177216
                ],
                [
                    168,
                    109,
                    0.5690799951553345
                ],
                [
                    128,
                    101,
                    0.2958426773548126
                ],
                [
                    104,
                    148,
                    0.12512516975402832
                ],
                [
                    120,
                    117,
                    0.31812748312950134
                ],
                [
                    224,
                    101,
                    0.5786039233207703
                ],
                [
                    240,
                    172,
                    0.041127368807792664
                ],
                [
                    296,
                    7,
                    0.04683674871921539
                ],
                [
                    152,
                    172,
                    0.029764024540781975
                ],
                [
                    104,
                    93,
                    0.09814070165157318
                ],
                [
                    240,
                    172,
                    0.01803818717598915
                ],
                [
                    296,
                    0,
                    0.04651156812906265
                ],
                [
                    104,
                    93,
                    0.055774059146642685
                ],
                [
                    304,
                    172,
                    0.012856056913733482
                ],
                [
                    192,
                    54,
                    0.16078296303749084
                ],
                [
                    192,
                    46,
                    0.1820589303970337
                ],
                [
                    152,
                    46,
                    0.05249665677547455
                ],
                [
                    152,
                    46,
                    0.1606234908103943
                ],
                [
                    0,
                    0,
                    1.0076684951782227
                ]
            ]
        },
        {
            "frame_index": 2,
            "id": 2,
            "person_id": null,
            "keypoints": [
                [
                    160,
                    46,
                    0.11314290761947632
                ],
                [
                    168,
                    101,
                    0.543972909450531
                ],
                [
                    120,
                    101,
                    0.4120910167694092
                ],
                [
                    96,
                    148,
                    0.09819073975086212
                ],
                [
                    128,
                    125,
                    0.5068455934524536
                ],
                [
                    224,
                    101,
                    0.5905613303184509
                ],
                [
                    240,
                    148,
                    0.039885684847831726
                ],
                [
                    128,
                    117,
                    0.0813041403889656
                ],
                [
                    152,
                    172,
                    0.023259950801730156
                ],
                [
                    256,
                    172,
                    0.03170455992221832
                ],
                [
                    240,
                    156,
                    0.014942185953259468
                ],
                [
                    296,
                    0,
                    0.04031230881810188
                ],
                [
                    240,
                    172,
                    0.02700795978307724
                ],
                [
                    304,
                    172,
                    0.012939056381583214
                ],
                [
                    160,
                    46,
                    0.0730709359049797
                ],
                [
                    168,
                    39,
                    0.14691847562789917
                ],
                [
                    152,
                    46,
                    0.09503310918807983
                ],
                [
                    200,
                    62,
                    0.6423484683036804
                ],
                [
                    0,
                    0,
                    1.0060415267944336
                ]
            ]
        },
        {
            "frame_index": 3,
            "id": 3,
            "person_id": null,
            "keypoints": [
                [
                    160,
                    54,
                    0.23017099499702454
                ],
                [
                    176,
                    101,
                    0.5075003504753113
                ],
                [
                    120,
                    93,
                    0.3658384084701538
                ],
                [
                    96,
                    148,
                    0.09706002473831177
                ],
                [
                    128,
                    125,
                    0.6993179321289062
                ],
                [
                    224,
                    101,
                    0.5845403075218201
                ],
                [
                    240,
                    172,
                    0.03472831845283508
                ],
                [
                    128,
                    125,
                    0.05817623436450958
                ],
                [
                    152,
                    172,
                    0.028604615479707718
                ],
                [
                    256,
                    172,
                    0.030299577862024307
                ],
                [
                    240,
                    172,
                    0.015563038177788258
                ],
                [
                    296,
                    0,
                    0.03779621794819832
                ],
                [
                    240,
                    172,
                    0.026926696300506592
                ],
                [
                    304,
                    172,
                    0.013144372962415218
                ],
                [
                    160,
                    54,
                    0.09402044862508774
                ],
                [
                    168,
                    54,
                    0.27232974767684937
                ],
                [
                    152,
                    46,
                    0.06010792404413223
                ],
                [
                    200,
                    62,
                    0.7057717442512512
                ],
                [
                    0,
                    0,
                    1.0055478811264038
                ]
            ]
        },
        {
            "frame_index": 4,
            "id": 4,
            "person_id": null,
            "keypoints": [
                [
                    160,
                    54,
                    0.21115319430828094
                ],
                [
                    176,
                    101,
                    0.4939118027687073
                ],
                [
                    120,
                    93,
                    0.2923315167427063
                ],
                [
                    96,
                    148,
                    0.07064841687679291
                ],
                [
                    128,
                    125,
                    0.7113102674484253
                ],
                [
                    224,
                    101,
                    0.5740576982498169
                ],
                [
                    240,
                    172,
                    0.03731634467840195
                ],
                [
                    128,
                    117,
                    0.09431109577417374
                ],
                [
                    152,
                    172,
                    0.03171244263648987
                ],
                [
                    256,
                    172,
                    0.030488193035125732
                ],
                [
                    240,
                    156,
                    0.016008464619517326
                ],
                [
                    296,
                    0,
                    0.03799300640821457
                ],
                [
                    240,
                    172,
                    0.02762962505221367
                ],
                [
                    304,
                    172,
                    0.013003923930227757
                ],
                [
                    160,
                    54,
                    0.10926711559295654
                ],
                [
                    168,
                    54,
                    0.2546912133693695
                ],
                [
                    152,
                    46,
                    0.020944539457559586
                ],
                [
                    200,
                    62,
                    0.6962739825248718
                ],
                [
                    0,
                    0,
                    1.006909966468811
                ]
            ]
        }
    ],
    "category_id": 10
}