{
    "info": {
        "video_name": "10_101",
        "resolution": [
            320,
            180
        ],
        "num_frame": 8,
        "num_keypoints": 18,
        "keypoint_channels": [
            "x",
            "y",
            "score"
        ],
        "version": "1.0"
    },
    "annotations": [
        {
            "frame_index": 0,
            "id": 0,
            "person_id": null,
            "keypoints": [
                [
                    176,
                    93,
                    0.4818766415119171
                ],
                [
                    152,
                    125,
                    0.6031787395477295
                ],
                [
                    104,
                    117,
                    0.6492879986763
                ],
                [
                    88,
                    148,
                    0.058903563767671585
                ],
                [
                    208,
                    86,
                    0.033887818455696106
                ],
                [
                    208,
                    125,
                    0.5594374537467957
                ],
                [
                    208,
                    148,
                    0.026725979521870613
                ],
                [
                    192,
                    101,
                    0.03314060717821121
                ],
                [
                    160,
                    172,
                    0.031076660379767418
                ],
                [
                    304,
                    164,
                    0.021727964282035828
                ],
                [
                    296,
                    15,
                    0.012080682441592216
                ],
                [
                    296,
                    0,
                    0.031081002205610275
                ],
                [
                    208,
                    125,
                    0.014150961302220821
                ],
                [
                    8,
                    164,
                    0.01216576062142849
                ],
                [
                    160,
                    86,
                    0.5220082402229309
                ],
                [
                    176,
                    86,
                    0.4755738377571106
                ],
                [
                    136,
                    70,
                    0.5408911108970642
                ],
                [
                    192,
                    93,
                    0.04461854696273804
                ],
                [
                    304,
                    0,
                    1.0317859649658203
                ]
            ]
        },
        {
            "frame_index": 1,
            "id": 1,
            "person_id": null,
            "keypoints": [
                [
                    176,
                    78,
                    0.21580299735069275
                ],
                [
                    152,
                    125,
                    0.6253286600112915
                ],
                [
                    104,
                    117,
                    0.617352306842804
                ],
                [
                    88,
                    148,
                    0.04187021777033806
                ],
                [
                    296,
                    0,
                    0.030949512496590614
                ],
                [
                    208,
                    117,
                    0.6304461359977722
                ],
                [
                    208,
                    148,
                    0.037436939775943756
                ],
                [
                    304,
                    7,
                    0.03160983324050903
                ],
                [
                    152,
                    172,
                    0.03020814061164856
                ],
                [
                    160,
                    46,
                    0.05313349515199661
                ],
                [
                    0,
                    15,
                    0.017475126311182976
                ],
                [
                    296,
                    0,
                    0.043990302830934525
                ],
                [
                    160,
                    46,
                    0.04453299194574356
                ],
                [
                    304,
                    172,
                    0.01632729358971119
                ],
                [
                    168,
                    78,
                    0.1365501582622528
                ],
                [
                    184,
                    70,
                    0.16629697382450104
                ],
                [
                    136,
                    70,
                    0.6023134589195251
                ],
                [
                    200,
                    78,
                    0.16097301244735718
                ],
                [
                    304,
                    0,
                    1.0145570039749146
                ]
            ]
        },
        {
            "frame_index": 2,
            "id": 2,
            "person_id": null,
            "keypoints": [
                [
                    168,
                    101,
                    0.12372567504644394
                ],
                [
                    152,
                    125,
                    0.5668394565582275
                ],
                [
                    104,
                    117,
                    0.5885891318321228
                ],
                [
                    88,
                    148,
                    0.05593463033437729
                ],
                [
                    192,
                    93,
                    0.03138872981071472
                ],
                [
                    208,
                    125,
                    0.5504417419433594
                ],
                [
                    184,
                    86,
                    0.12691523134708405
                ],
                [
                    192,
                    101,
                    0.054054707288742065
                ],
                [
                    152,
                    172,
                    0.033157553523778915
                ],
                [
                    304,
                    164,
                    0.022800538688898087
                ],
                [
                    296,
                    15,
                    0.012140437960624695
                ],
                [
                    296,
                    0,
                    0.0314113013446331
                ],
                [
                    208,
                    125,
                    0.02679792419075966
                ],
                [
                    8,
                    164,
                    0.011823310516774654
                ],
                [
                    168,
                    93,
                    0.14253167808055878
                ],
                [
                    176,
                    93,
                    0.1133565902709961
                ],
                [
                    144,
                    70,
                    0.6243157386779785
                ],
                [
                    184,
                    93,
                    0.03481278568506241
                ],
                [
                    304,
                    0,
                    1.0328365564346313
                ]
            ]
        },
        {
            "frame_index": 3,
            "id": 3,
            "person_id": null,
            "keypoints": [
                [
                    176,
                    78,
                    0.04348823055624962
                ],
                [
                    152,
                    125,
                    0.599704921245575
                ],
                [
                    104,
                    125,
                    0.547019362449646
                ],
                [
                    88,
                    148,
                    0.05860741436481476
                ],
                [
                    296,
                    0,
                    0.02489086613059044
                ],
                [
                    208,
                    125,
                    0.5646212100982666
                ],
                [
                    208,
                    148,
                    0.042724475264549255
                ],
                [
                    304,
                    7,
                    0.027825208380818367
                ],
                [
                    152,
                    172,
                    0.03208121657371521
                ],
                [
                    304,
                    164,
                    0.022967714816331863
                ],
                [
                    296,
                    15,
                    0.012715436518192291
                ],
                [
                    296,
                    0,
                    0.031929876655340195
                ],
                [
                    136,
                    78,
                    0.011231002397835255
                ],
                [
                    8,
                    164,
                    0.011316893622279167
                ],
                [
                    160,
                    78,
                    0.059832412749528885
                ],
                [
                    184,
                    86,
                    0.06925741583108902
                ],
                [
                    144,
                    70,
                    0.686496376991272
                ],
                [
                    200,
                    86,
                    0.12227554619312286
                ],
                [
                    304,
                    0,
                    1.0284874439239502
                ]
            ]
        },
        {
            "frame_index": 4,
            "id": 4,
            "person_id": null,
            "keypoints": [
                [
                    176,
                    70,
                    0.09881003946065903
                ],
                [
                    152,
                    125,
                    0.6155998110771179
                ],
                [
                    104,
                    125,
                    0.5703596472740173
                ],
                [
                    88,
                    148,
                    0.04516204819083214
                ],
                [
                    296,
                    0,
                    0.026992641389369965
                ],
                [
                    208,
                    125,
                    0.5713148713111877
                ],
                [
                    208,
                    148,
                    0.04077678918838501
                ],
                [
                    304,
                    7,
                    0.02862836979329586
                ],
                [
                    152,
                    172,
                    0.02906005084514618
                ],
                [
                    304,
                    164,
                    0.023577410727739334
                ],
                [
                    296,
                    15,
                    0.013174377381801605
                ],
                [
                    296,
                    0,
                    0.03492777794599533
                ],
                [
                    208,
                    125,
                    0.013163411989808083
                ],
                [
                    304,
                    172,
                    0.012059728614985943
                ],
                [
                    168,
                    70,
                    0.057840507477521896
                ],
                [
                    184,
                    70,
                    0.0624098926782608
                ],
                [
                    144,
                    70,
                    0.6304728388786316
                ],
                [
                    200,
                    78,
                    0.02015025168657303
                ],
                [
                    304,
                    0,
                    1.0343959331512451
                ]
            ]
        },
        {
            "frame_index": 5,
            "id": 5,
            "person_id": null,
            "keypoints": [
                [
                    176,
                    93,
                    0.11651188135147095
                ],
                [
                    152,
                    125,
                    0.6062896251678467
                ],
                [
                    104,
                    117,
                    0.5983446836471558
                ],
                [
                    88,
                    148,
                    0.04909403249621391
                ],
                [
                    296,
                    0,
                    0.027447126805782318
                ],
                [
                    208,
                    125,
                    0.5721867680549622
                ],
                [
                    176,
                    78,
                    0.053826890885829926
                ],
                [
                    192,
                    101,
                    0.03375842422246933
                ],
                [
                    152,
                    172,
                    0.027788551524281502
                ],
                [
                    304,
                    164,
                    0.025633666664361954
                ],
                [
                    296,
                    15,
                    0.013709567487239838
                ],
                [
                    296,
                    0,
                    0.03595888242125511
                ],
                [
                    208,
                    117,
                    0.01602799817919731
                ],
                [
                    304,
                    172,
                    0.014053106307983398
                ],
                [
                    168,
                    86,
                    0.14043034613132477
                ],
                [
                    184,
                    86,
                    0.11100080609321594
                ],
                [
                    144,
                    70,
                    0.6261903643608093
                ],
                [
                    192,
                    86,
                    0.09062735736370087
                ],
                [
                    304,
                    0,
                    1.029026746749878
                ]
            ]
        },
        {
            "frame_index": 6,
            "id": 6,
            "person_id": null,
            "keypoints": [
                [
                    296,
                    0,
                    0.034055694937705994
                ],
                [
                    152,
                    125,
                    0.6346140503883362
                ],
                [
                    104,
                    117,
                    0.6247735023498535
                ],
                [
                    88,
                    148,
                    0.059369806200265884
                ],
                [
                    296,
                    0,
                    0.028460891917347908
                ],
                [
                    208,
                    125,
                    0.5947305560112
                ],
                [
                    208,
                    148,
                    0.036787860095500946
                ],
                [
                    304,
                    7,
                    0.03080885298550129
                ],
                [
                    152,
                    172,
                    0.029602184891700745
                ],
                [
                    304,
                    164,
                    0.02439383789896965
                ],
                [
                    0,
                    15,
                    0.013945203274488449
                ],
                [
                    296,
                    0,
                    0.038865748792886734
                ],
                [
                    208,
                    117,
                    0.012872016988694668
                ],
                [
                    304,
                    172,
                    0.015573335811495781
                ],
                [
                    296,
                    0,
                    0.02050628513097763
                ],
                [
                    184,
                    78,
                    0.025432884693145752
                ],
                [
                    144,
                    70,
                    0.6092125177383423
                ],
                [
                    192,
                    78,
                    0.03379051387310028
                ],
                [
                    304,
                    0,
                    1.0255062580108643
                ]
            ]
        },
        {
            "frame_index": 7,
            "id": 7,
            "person_id": null,
            "keypoints": [
                [
                    296,
                    0,
                    0.033641740679740906
                ],
                [
                    152,
                    125,
                    0.6113781929016113
                ],
                [
                    104,
                    117,
                    0.6117064952850342
                ],
                [
                    96,
                    148,
                    0.049209848046302795
                ],
                [
                    296,
                    0,
                    0.028020013123750687
                ],
                [
                    200,
                    125,
                    0.5390377044677734
                ],
                [
                    176,
                    78,
                    0.10150745511054993
                ],
                [
                    304,
                    7,
                    0.030139336362481117
                ],
                [
                    152,
                    172,
                    0.032136913388967514
                ],
                [
                    304,
                    164,
                    0.02286861091852188
                ],
                [
                    0,
                    15,
                    0.01918093115091324
                ],
                [
                    296,
                    0,
                    0.038109537214040756
                ],
                [
                    208,
                    117,
                    0.01679045706987381
                ],
                [
                    304,
                    172,
                    0.01426120474934578
                ],
                [
                    296,
                    0,
                    0.0233849436044693
                ],
                [
                    304,
                    7,
                    0.02357129007577896
                ],
                [
                    144,
                    70,
                    0.5913938283920288
                ],
                [
                    144,
                    78,
                    0.02036265656352043
                ],
                [
                    304,
                    0,
                    1.0223338603973389
                ]
            ]
        }
    ],
    "category_id": 10
}