{
    "info": {
        "video_name": "10_120",
        "resolution": [
            320,
            180
        ],
        "num_frame": 11,
        "num_keypoints": 18,
        "keypoint_channels": [
            "x",
            "y",
            "score"
        ],
        "version": "1.0"
    },
    "annotations": [
        {
            "frame_index": 0,
            "id": 0,
            "person_id": null,
            "keypoints": [
                [
                    160,
                    70,
                    0.3215981721878052
                ],
                [
                    168,
                    109,
                    0.4115816354751587
                ],
                [
                    128,
                    109,
                    0.5701586604118347
                ],
                [
                    112,
                    148,
                    0.08151444792747498
                ],
                [
                    152,
                    117,
                    0.21796229481697083
                ],
                [
                    200,
                    109,
                    0.2317272573709488
                ],
                [
                    312,
                    172,
                    0.02432054467499256
                ],
                [
                    168,
                    109,
                    0.08248566091060638
                ],
                [
                    120,
                    172,
                    0.026253050193190575
                ],
                [
                    208,
                    109,
                    0.07258353382349014
                ],
                [
                    296,
                    172,
                    0.019674863666296005
                ],
                [
                    296,
                    0,
                    0.026012353599071503
                ],
                [
                    216,
                    109,
                    0.2760956585407257
                ],
                [
                    312,
                    164,
                    0.026327425613999367
                ],
                [
                    160,
                    70,
                    0.33686214685440063
                ],
                [
                    160,
                    62,
                    0.19870951771736145
                ],
                [
                    152,
                    70,
                    0.4301806390285492
                ],
                [
                    200,
                    78,
                    0.05322745069861412
                ],
                [
                    304,
                    0,
                    1.0071818828582764
                ]
            ]
        },
        {
            "frame_index": 1,
            "id": 1,
            "person_id": null,
            "keypoints": [
                [
                    160,
                    70,
                    0.2379371076822281
                ],
                [
                    160,
                    109,
                    0.40219342708587646
                ],
                [
                    128,
                    109,
                    0.5530586838722229
                ],
                [
                    112,
                    148,
                    0.07222770154476166
                ],
                [
                    152,
                    117,
                    0.30438828468322754
                ],
                [
                    192,
                    109,
                    0.18096277117729187
                ],
                [
                    312,
                    172,
                    0.02415432222187519
                ],
                [
                    144,
                    117,
                    0.10969792306423187
                ],
                [
                    120,
                    172,
                    0.027910830453038216
                ],
                [
                    208,
                    109,
                    0.07284858822822571
                ],
                [
                    296,
                    172,
                    0.021265216171741486
                ],
                [
                    208,
                    101,
                    0.028742030262947083
                ],
                [
                    216,
                    109,
                    0.3954926133155823
                ],
                [
                    312,
                    164,
                    0.02686322294175625
                ],
                [
                    160,
                    70,
                    0.2799677550792694
                ],
                [
                    160,
                    62,
                    0.11910638213157654
                ],
                [
                    152,
                    70,
                    0.4547654092311859
                ],
                [
                    200,
                    78,
                    0.02077648602426052
                ],
                [
                    304,
                    0,
                    1.0102906227111816
                ]
            ]
        },
        {
            "frame_index": 2,
            "id": 2,
            "person_id": null,
            "keypoints": [
                [
                    160,
                    70,
                    0.23821695148944855
                ],
                [
                    160,
                    109,
                    0.366136372089386
                ],
                [
                    128,
                    109,
                    0.525530993938446
                ],
                [
                    112,
                    148,
                    0.07655806839466095
                ],
                [
                    152,
                    117,
                    0.24857786297798157
                ],
                [
                    192,
                    109,
                    0.19468806684017181
                ],
                [
                    312,
                    172,
                    0.024212809279561043
                ],
                [
                    144,
                    117,
                    0.12489856779575348
                ],
                [
                    120,
                    172,
                    0.028561623767018318
                ],
                [
                    208,
                    109,
                    0.06437665969133377
                ],
                [
                    296,
                    172,
                    0.01968616060912609
                ],
                [
                    208,
                    93,
                    0.027530621737241745
                ],
                [
                    216,
                    109,
                    0.35002872347831726
                ],
                [
                    312,
                    164,
                    0.026371439918875694
                ],
                [
                    160,
                    70,
                    0.28917616605758667
                ],
                [
                    168,
                    62,
                    0.12590636312961578
                ],
                [
                    152,
                    70,
                    0.4773431718349457
                ],
                [
                    200,
                    78,
                    0.021803271025419235
                ],
                [
                    304,
                    0,
                    1.0074254274368286
                ]
            ]
        },
        {
            "frame_index": 3,
            "id": 3,
            "person_id": null,
            "keypoints": [
                [
                    296,
                    0,
                    0.019148634746670723
                ],
                [
                    144,
                    109,
                    0.050120990723371506
                ],
                [
                    136,
                    109,
                    0.14848773181438446
                ],
                [
                    184,
                    54,
                    0.033013083040714264
                ],
                [
                    176,
                    101,
                    0.2012917548418045
                ],
                [
                    136,
                    109,
                    0.09316855669021606
                ],
                [
                    184,
                    54,
                    0.024707214906811714
                ],
                [
                    176,
                    101,
                    0.22785477340221405
                ],
                [
                    32,
                    172,
                    0.021826917305588722
                ],
                [
                    312,
                    172,
                    0.02830442041158676
                ],
                [
                    296,
                    172,
                    0.02098628506064415
                ],
                [
                    200,
                    109,
                    0.027454443275928497
                ],
                [
                    216,
                    109,
                    0.09324608743190765
                ],
                [
                    312,
                    164,
                    0.0276645477861166
                ],
                [
                    296,
                    0,
                    0.0184263177216053
                ],
                [
                    304,
                    7,
                    0.012364394031465054
                ],
                [
                    144,
                    93,
                    0.013016564771533012
                ],
                [
                    312,
                    15,
                    0.009236464276909828
                ],
                [
                    304,
                    0,
                    1.0021345615386963
                ]
            ]
        },
        {
            "frame_index": 4,
            "id": 4,
            "person_id": null,
            "keypoints": [
                [
                    160,
                    70,
                    0.24939759075641632
                ],
                [
                    160,
                    117,
                    0.4287533164024353
                ],
                [
                    128,
                    109,
                    0.5779245495796204
                ],
                [
                    112,
                    148,
                    0.08149982988834381
                ],
                [
                    152,
                    117,
                    0.31699246168136597
                ],
                [
                    192,
                    109,
                    0.23786954581737518
                ],
                [
                    312,
                    172,
                    0.024372892454266548
                ],
                [
                    144,
                    117,
                    0.13179227709770203
                ],
                [
                    120,
                    172,
                    0.029703009873628616
                ],
                [
                    208,
                    109,
                    0.06674846261739731
                ],
                [
                    296,
                    172,
                    0.021104395389556885
                ],
                [
                    296,
                    0,
                    0.025438405573368073
                ],
                [
                    216,
                    109,
                    0.3558460474014282
                ],
                [
                    312,
                    164,
                    0.027051858603954315
                ],
                [
                    152,
                    70,
                    0.28270986676216125
                ],
                [
                    160,
                    70,
                    0.1502150297164917
                ],
                [
                    152,
                    70,
                    0.4260830879211426
                ],
                [
                    152,
                    70,
                    0.028706692159175873
                ],
                [
                    304,
                    0,
                    1.009997844696045
                ]
            ]
        },
        {
            "frame_index": 5,
            "id": 5,
            "person_id": null,
            "keypoints": [
                [
                    160,
                    70,
                    0.20035040378570557
                ],
                [
                    160,
                    117,
                    0.41715723276138306
                ],
                [
                    128,
                    109,
                    0.555324375629425
                ],
                [
                    112,
                    148,
                    0.07589501142501831
                ],
                [
                    152,
                    117,
                    0.24729248881340027
                ],
                [
                    192,
                    109,
                    0.22036385536193848
                ],
                [
                    312,
                    172,
                    0.02437427081167698
                ],
                [
                    144,
                    117,
                    0.12901853024959564
                ],
                [
                    120,
                    172,
                    0.028831064701080322
                ],
                [
                    208,
                    109,
                    0.07317803800106049
                ],
                [
                    296,
                    172,
                    0.021105695515871048
                ],
                [
                    296,
                    0,
                    0.026019848883152008
                ],
                [
                    216,
                    109,
                    0.3796026110649109
                ],
                [
                    312,
                    164,
                    0.027051467448472977
                ],
                [
                    152,
                    70,
                    0.23555868864059448
                ],
                [
                    160,
                    70,
                    0.09556744247674942
                ],
                [
                    152,
                    70,
                    0.42082080245018005
                ],
                [
                    152,
                    70,
                    0.019870759919285774
                ],
                [
                    304,
                    0,
                    1.0105104446411133
                ]
            ]
        },
        {
            "frame_index": 6,
            "id": 6,
            "person_id": null,
            "keypoints": [
                [
                    168,
                    78,
                    0.23016007244586945
                ],
                [
                    160,
                    109,
                    0.22588296234607697
                ],
                [
                    128,
                    109,
                    0.3990597724914551
                ],
                [
                    112,
                    148,
                    0.04207368195056915
                ],
                [
                    144,
                    125,
                    0.27539587020874023
                ],
                [
                    192,
                    109,
                    0.07002019882202148
                ],
                [
                    312,
                    172,
                    0.02341492287814617
                ],
                [
                    152,
                    117,
                    0.07163476943969727
                ],
                [
                    32,
                    172,
                    0.021462447941303253
                ],
                [
                    208,
                    109,
                    0.04819871112704277
                ],
                [
                    296,
                    172,
                    0.020522715523838997
                ],
                [
                    296,
                    0,
                    0.02862132340669632
                ],
                [
                    216,
                    109,
                    0.24777968227863312
                ],
                [
                    312,
                    164,
                    0.027634719386696815
                ],
                [
                    160,
                    70,
                    0.252122700214386
                ],
                [
                    168,
                    70,
                    0.10271615535020828
                ],
                [
                    152,
                    70,
                    0.4161926209926605
                ],
                [
                    184,
                    125,
                    0.013507368043065071
                ],
                [
                    304,
                    0,
                    1.003078579902649
                ]
            ]
        },
        {
            "frame_index": 7,
            "id": 7,
            "person_id": null,
            "keypoints": [
                [
                    168,
                    70,
                    0.27616724371910095
                ],
                [
                    160,
                    109,
                    0.3363744020462036
                ],
                [
                    128,
                    109,
                    0.5119402408599854
                ],
                [
                    112,
                    148,
                    0.04667723923921585
                ],
                [
                    152,
                    117,
                    0.21280840039253235
                ],
                [
                    192,
                    109,
                    0.12059509754180908
                ],
                [
                    312,
                    172,
                    0.023411588743329048
                ],
                [
                    152,
                    117,
                    0.12418502569198608
                ],
                [
                    32,
                    172,
                    0.021712394431233406
                ],
                [
                    208,
                    109,
                    0.045949943363666534
                ],
                [
                    296,
                    172,
                    0.02047104761004448
                ],
                [
                    296,
                    0,
                    0.02771034836769104
                ],
                [
                    216,
                    109,
                    0.26942744851112366
                ],
                [
                    312,
                    164,
                    0.027634287253022194
                ],
                [
                    160,
                    70,
                    0.35936301946640015
                ],
                [
                    168,
                    70,
                    0.14379753172397614
                ],
                [
                    152,
                    70,
                    0.41081029176712036
                ],
                [
                    296,
                    7,
                    0.009788479655981064
                ],
                [
                    304,
                    0,
                    1.0028661489486694
                ]
            ]
        },
        {
            "frame_index": 8,
            "id": 8,
            "person_id": null,
            "keypoints": [
                [
                    168,
                    70,
                    0.30459725856781006
                ],
                [
                    168,
                    109,
                    0.4688350260257721
                ],
                [
                    128,
                    109,
                    0.573585033416748
                ],
                [
                    112,
                    148,
                    0.07781966030597687
                ],
                [
                    152,
                    117,
                    0.3068642020225525
                ],
                [
                    200,
                    109,
                    0.3099077641963959
                ],
                [
                    312,
                    172,
                    0.02292991615831852
                ],
                [
                    144,
                    117,
                    0.12805649638175964
                ],
                [
                    120,
                    172,
                    0.028045019134879112
                ],
                [
                    208,
                    109,
                    0.06679210066795349
                ],
                [
                    296,
                    172,
                    0.020001055672764778
                ],
                [
                    296,
                    0,
                    0.024621758610010147
                ],
                [
                    216,
                    109,
                    0.24957992136478424
                ],
                [
                    312,
                    164,
                    0.026073094457387924
                ],
                [
                    160,
                    70,
                    0.40105578303337097
                ],
                [
                    168,
                    70,
                    0.18110720813274384
                ],
                [
                    152,
                    70,
                    0.5376184582710266
                ],
                [
                    296,
                    7,
                    0.010878951288759708
                ],
                [
                    304,
                    0,
                    1.0071182250976562
                ]
            ]
        },
        {
            "frame_index": 9,
            "id": 9,
            "person_id": null,
            "keypoints": [
                [
                    160,
                    70,
                    0.26656174659729004
                ],
                [
                    160,
                    109,
                    0.397345632314682
                ],
                [
                    128,
                    109,
                    0.4983048141002655
                ],
                [
                    112,
                    148,
                    0.07175660878419876
                ],
                [
                    152,
                    117,
                    0.21507622301578522
                ],
                [
                    192,
                    109,
                    0.1723935306072235
                ],
                [
                    312,
                    172,
                    0.02420939691364765
                ],
                [
                    144,
                    117,
                    0.11840994656085968
                ],
                [
                    120,
                    172,
                    0.027226492762565613
                ],
                [
                    208,
                    109,
                    0.05236244946718216
                ],
                [
                    296,
                    172,
                    0.01969735324382782
                ],
                [
                    200,
                    101,
                    0.025817804038524628
                ],
                [
                    216,
                    109,
                    0.35426655411720276
                ],
                [
                    312,
                    164,
                    0.02637598104774952
                ],
                [
                    152,
                    70,
                    0.3279927670955658
                ],
                [
                    160,
                    70,
                    0.1668243110179901
                ],
                [
                    152,
                    70,
                    0.37560978531837463
                ],
                [
                    296,
                    7,
                    0.010760283097624779
                ],
                [
                    304,
                    0,
                    1.0081275701522827
                ]
            ]
        },
        {
            "frame_index": 10,
            "id": 10,
            "person_id": null,
            "keypoints": [
                [
                    160,
                    70,
                    0.3535202741622925
                ],
                [
                    168,
                    109,
                    0.44276636838912964
                ],
                [
                    128,
                    109,
                    0.5957863330841064
                ],
                [
                    112,
                    148,
                    0.10353820025920868
                ],
                [
                    152,
                    117,
                    0.33287513256073
                ],
                [
                    200,
                    109,
                    0.24723824858665466
                ],
                [
                    312,
                    172,
                    0.024151617661118507
                ],
                [
                    144,
                    117,
                    0.10774527490139008
                ],
                [
                    120,
                    172,
                    0.030894244089722633
                ],
                [
                    208,
                    109,
                    0.06449790298938751
                ],
                [
                    296,
                    172,
                    0.01973656937479973
                ],
                [
                    296,
                    0,
                    0.02566157653927803
                ],
                [
                    216,
                    109,
                    0.32608935236930847
                ],
                [
                    312,
                    164,
                    0.026368331164121628
                ],
                [
                    160,
                    70,
                    0.41555216908454895
                ],
                [
                    168,
                    62,
                    0.22841070592403412
                ],
                [
                    152,
                    70,
                    0.49017268419265747
                ],
                [
                    112,
                    156,
                    0.011671730317175388
                ],
                [
                    304,
                    0,
                    1.0074231624603271
                ]
            ]
        }
    ],
    "category_id": 10
}