{
    "info": {
        "video_name": "10_13",
        "resolution": [
            320,
            180
        ],
        "num_frame": 11,
        "num_keypoints": 18,
        "keypoint_channels": [
            "x",
            "y",
            "score"
        ],
        "version": "1.0"
    },
    "annotations": [
        {
            "frame_index": 0,
            "id": 0,
            "person_id": null,
            "keypoints": [
                [
                    176,
                    117,
                    0.27366361021995544
                ],
                [
                    168,
                    101,
                    0.5926445126533508
                ],
                [
                    136,
                    93,
                    0.6111158728599548
                ],
                [
                    112,
                    156,
                    0.1202394962310791
                ],
                [
                    176,
                    133,
                    0.09621807187795639
                ],
                [
                    208,
                    101,
                    0.5822864174842834
                ],
                [
                    200,
                    140,
                    0.3068740665912628
                ],
                [
                    176,
                    140,
                    0.513221025466919
                ],
                [
                    104,
                    172,
                    0.049887754023075104
                ],
                [
                    176,
                    148,
                    0.030532870441675186
                ],
                [
                    96,
                    156,
                    0.02395082265138626
                ],
                [
                    176,
                    140,
                    0.04939937964081764
                ],
                [
                    184,
                    148,
                    0.03207593038678169
                ],
                [
                    312,
                    172,
                    0.01875988394021988
                ],
                [
                    176,
                    109,
                    0.2438136786222458
                ],
                [
                    192,
                    70,
                    0.19481518864631653
                ],
                [
                    152,
                    62,
                    0.37627506256103516
                ],
                [
                    200,
                    86,
                    0.13419808447360992
                ],
                [
                    296,
                    164,
                    1.02327561378479
                ]
            ]
        },
        {
            "frame_index": 1,
            "id": 1,
            "person_id": null,
            "keypoints": [
                [
                    192,
                    78,
                    0.34639593958854675
                ],
                [
                    176,
                    101,
                    0.6053366661071777
                ],
                [
                    136,
                    93,
                    0.6273921728134155
                ],
                [
                    112,
                    156,
                    0.1151476502418518
                ],
                [
                    176,
                    133,
                    0.07878796756267548
                ],
                [
                    208,
                    101,
                    0.6014949083328247
                ],
                [
                    200,
                    148,
                    0.20558588206768036
                ],
                [
                    176,
                    133,
                    0.44615477323532104
                ],
                [
                    104,
                    172,
                    0.048929549753665924
                ],
                [
                    312,
                    172,
                    0.025598060339689255
                ],
                [
                    96,
                    156,
                    0.022604219615459442
                ],
                [
                    176,
                    148,
                    0.03659889101982117
                ],
                [
                    168,
                    109,
                    0.020340636372566223
                ],
                [
                    312,
                    172,
                    0.017567867413163185
                ],
                [
                    176,
                    70,
                    0.2146165519952774
                ],
                [
                    192,
                    70,
                    0.34043052792549133
                ],
                [
                    152,
                    70,
                    0.5565237998962402
                ],
                [
                    200,
                    78,
                    0.19542403519153595
                ],
                [
                    296,
                    164,
                    1.0273386240005493
                ]
            ]
        },
        {
            "frame_index": 2,
            "id": 2,
            "person_id": null,
            "keypoints": [
                [
                    192,
                    78,
                    0.4930710792541504
                ],
                [
                    176,
                    101,
                    0.6678323745727539
                ],
                [
                    136,
                    93,
                    0.6048370599746704
                ],
                [
                    112,
                    156,
                    0.16469180583953857
                ],
                [
                    184,
                    148,
                    0.04690568149089813
                ],
                [
                    216,
                    93,
                    0.5758638978004456
                ],
                [
                    208,
                    148,
                    0.1743093878030777
                ],
                [
                    184,
                    140,
                    0.3546540439128876
                ],
                [
                    112,
                    172,
                    0.05481521785259247
                ],
                [
                    312,
                    172,
                    0.02498737722635269
                ],
                [
                    112,
                    156,
                    0.018769841641187668
                ],
                [
                    184,
                    156,
                    0.05247145891189575
                ],
                [
                    112,
                    172,
                    0.01638766936957836
                ],
                [
                    312,
                    172,
                    0.018415922299027443
                ],
                [
                    176,
                    70,
                    0.26518329977989197
                ],
                [
                    192,
                    62,
                    0.4689007103443146
                ],
                [
                    160,
                    70,
                    0.34198734164237976
                ],
                [
                    200,
                    62,
                    0.14155159890651703
                ],
                [
                    296,
                    164,
                    1.0244333744049072
                ]
            ]
        },
        {
            "frame_index": 3,
            "id": 3,
            "person_id": null,
            "keypoints": [
                [
                    192,
                    78,
                    0.5974538922309875
                ],
                [
                    176,
                    101,
                    0.6641470789909363
                ],
                [
                    136,
                    93,
                    0.636877715587616
                ],
                [
                    112,
                    156,
                    0.15641717612743378
                ],
                [
                    184,
                    148,
                    0.05122218281030655
                ],
                [
                    216,
                    93,
                    0.6028648018836975
                ],
                [
                    208,
                    148,
                    0.20764777064323425
                ],
                [
                    176,
                    140,
                    0.3673027455806732
                ],
                [
                    112,
                    172,
                    0.053147636353969574
                ],
                [
                    312,
                    172,
                    0.025544896721839905
                ],
                [
                    104,
                    156,
                    0.01844104751944542
                ],
                [
                    184,
                    156,
                    0.04380446672439575
                ],
                [
                    160,
                    101,
                    0.01847047731280327
                ],
                [
                    312,
                    172,
                    0.018758704885840416
                ],
                [
                    176,
                    70,
                    0.2532273530960083
                ],
                [
                    192,
                    70,
                    0.48151710629463196
                ],
                [
                    152,
                    70,
                    0.3516033887863159
                ],
                [
                    312,
                    140,
                    0.01874195784330368
                ],
                [
                    296,
                    164,
                    1.022009015083313
                ]
            ]
        },
        {
            "frame_index": 4,
            "id": 4,
            "person_id": null,
            "keypoints": [
                [
                    200,
                    86,
                    0.6403278708457947
                ],
                [
                    168,
                    101,
                    0.5764176249504089
                ],
                [
                    128,
                    101,
                    0.5809950828552246
                ],
                [
                    112,
                    156,
                    0.13385064899921417
                ],
                [
                    184,
                    148,
                    0.05797991156578064
                ],
                [
                    216,
                    101,
                    0.5254876613616943
                ],
                [
                    208,
                    140,
                    0.17428363859653473
                ],
                [
                    176,
                    140,
                    0.3824525773525238
                ],
                [
                    112,
                    172,
                    0.04623647779226303
                ],
                [
                    312,
                    172,
                    0.025663454085588455
                ],
                [
                    104,
                    156,
                    0.020390816032886505
                ],
                [
                    184,
                    148,
                    0.04408574476838112
                ],
                [
                    160,
                    101,
                    0.01400013267993927
                ],
                [
                    312,
                    172,
                    0.018643254414200783
                ],
                [
                    184,
                    78,
                    0.5059487819671631
                ],
                [
                    200,
                    70,
                    0.4362953305244446
                ],
                [
                    152,
                    70,
                    0.5396407842636108
                ],
                [
                    208,
                    156,
                    0.02237272821366787
                ],
                [
                    296,
                    164,
                    1.0246422290802002
                ]
            ]
        },
        {
            "frame_index": 5,
            "id": 5,
            "person_id": null,
            "keypoints": [
                [
                    168,
                    78,
                    0.12309778481721878
                ],
                [
                    176,
                    101,
                    0.6105273365974426
                ],
                [
                    136,
                    101,
                    0.5623434782028198
                ],
                [
                    112,
                    156,
                    0.1270313411951065
                ],
                [
                    176,
                    133,
                    0.07136961072683334
                ],
                [
                    208,
                    101,
                    0.5470917820930481
                ],
                [
                    200,
                    140,
                    0.21662156283855438
                ],
                [
                    176,
                    133,
                    0.4181566536426544
                ],
                [
                    192,
                    172,
                    0.052387528121471405
                ],
                [
                    312,
                    172,
                    0.025990571826696396
                ],
                [
                    96,
                    156,
                    0.022861406207084656
                ],
                [
                    192,
                    172,
                    0.04022998362779617
                ],
                [
                    192,
                    164,
                    0.016053270548582077
                ],
                [
                    312,
                    172,
                    0.017437947914004326
                ],
                [
                    168,
                    62,
                    0.17018194496631622
                ],
                [
                    184,
                    70,
                    0.11742942780256271
                ],
                [
                    152,
                    62,
                    0.29243218898773193
                ],
                [
                    192,
                    78,
                    0.5187145471572876
                ],
                [
                    296,
                    164,
                    1.0314126014709473
                ]
            ]
        },
        {
            "frame_index": 6,
            "id": 6,
            "person_id": null,
            "keypoints": [
                [
                    144,
                    39,
                    0.22378695011138916
                ],
                [
                    160,
                    93,
                    0.661107063293457
                ],
                [
                    120,
                    93,
                    0.5984507203102112
                ],
                [
                    104,
                    148,
                    0.10381628572940826
                ],
                [
                    176,
                    140,
                    0.06833106279373169
                ],
                [
                    200,
                    93,
                    0.6343184113502502
                ],
                [
                    200,
                    148,
                    0.1838933229446411
                ],
                [
                    168,
                    133,
                    0.4195326268672943
                ],
                [
                    104,
                    172,
                    0.036993492394685745
                ],
                [
                    312,
                    172,
                    0.025856316089630127
                ],
                [
                    96,
                    156,
                    0.024821151047945023
                ],
                [
                    296,
                    0,
                    0.02796833962202072
                ],
                [
                    152,
                    86,
                    0.01304640807211399
                ],
                [
                    312,
                    172,
                    0.017879901453852654
                ],
                [
                    144,
                    39,
                    0.10789947211742401
                ],
                [
                    144,
                    31,
                    0.1355583369731903
                ],
                [
                    136,
                    54,
                    0.02516878768801689
                ],
                [
                    176,
                    54,
                    0.6003174781799316
                ],
                [
                    296,
                    164,
                    1.0293893814086914
                ]
            ]
        },
        {
            "frame_index": 7,
            "id": 7,
            "person_id": null,
            "keypoints": [
                [
                    160,
                    62,
                    0.2625037431716919
                ],
                [
                    176,
                    101,
                    0.7093049883842468
                ],
                [
                    136,
                    93,
                    0.5972288846969604
                ],
                [
                    112,
                    156,
                    0.12431538105010986
                ],
                [
                    184,
                    148,
                    0.029011202976107597
                ],
                [
                    208,
                    101,
                    0.6014779210090637
                ],
                [
                    208,
                    148,
                    0.12895254790782928
                ],
                [
                    176,
                    133,
                    0.3217949867248535
                ],
                [
                    112,
                    172,
                    0.04533034563064575
                ],
                [
                    312,
                    172,
                    0.025428928434848785
                ],
                [
                    96,
                    156,
                    0.021630611270666122
                ],
                [
                    176,
                    156,
                    0.04058350250124931
                ],
                [
                    160,
                    101,
                    0.013703916221857071
                ],
                [
                    312,
                    172,
                    0.01745622791349888
                ],
                [
                    152,
                    62,
                    0.25605568289756775
                ],
                [
                    160,
                    54,
                    0.19692832231521606
                ],
                [
                    152,
                    62,
                    0.5247107148170471
                ],
                [
                    176,
                    62,
                    0.2072155624628067
                ],
                [
                    296,
                    164,
                    1.0279892683029175
                ]
            ]
        },
        {
            "frame_index": 8,
            "id": 8,
            "person_id": null,
            "keypoints": [
                [
                    312,
                    140,
                    0.04624597355723381
                ],
                [
                    176,
                    101,
                    0.5874579548835754
                ],
                [
                    144,
                    101,
                    0.5674031972885132
                ],
                [
                    112,
                    156,
                    0.12690286338329315
                ],
                [
                    184,
                    140,
                    0.062414951622486115
                ],
                [
                    208,
                    101,
                    0.5199701189994812
                ],
                [
                    208,
                    148,
                    0.11940063536167145
                ],
                [
                    176,
                    133,
                    0.3561759889125824
                ],
                [
                    112,
                    172,
                    0.042958978563547134
                ],
                [
                    312,
                    172,
                    0.025326892733573914
                ],
                [
                    96,
                    156,
                    0.017037171870470047
                ],
                [
                    192,
                    172,
                    0.027199607342481613
                ],
                [
                    168,
                    101,
                    0.017566904425621033
                ],
                [
                    312,
                    172,
                    0.018202414736151695
                ],
                [
                    312,
                    140,
                    0.04474475607275963
                ],
                [
                    152,
                    62,
                    0.08795520663261414
                ],
                [
                    152,
                    70,
                    0.24746406078338623
                ],
                [
                    152,
                    70,
                    0.24904729425907135
                ],
                [
                    296,
                    164,
                    1.0251487493515015
                ]
            ]
        },
        {
            "frame_index": 9,
            "id": 9,
            "person_id": null,
            "keypoints": [
                [
                    192,
                    78,
                    0.5229436159133911
                ],
                [
                    176,
                    101,
                    0.683776319026947
                ],
                [
                    136,
                    101,
                    0.667133629322052
                ],
                [
                    112,
                    156,
                    0.10936810076236725
                ],
                [
                    184,
                    133,
                    0.06647952646017075
                ],
                [
                    216,
                    101,
                    0.5713323950767517
                ],
                [
                    208,
                    148,
                    0.09415136277675629
                ],
                [
                    184,
                    133,
                    0.28509318828582764
                ],
                [
                    192,
                    172,
                    0.041939523071050644
                ],
                [
                    312,
                    172,
                    0.024227112531661987
                ],
                [
                    8,
                    15,
                    0.01682983711361885
                ],
                [
                    192,
                    172,
                    0.0281393900513649
                ],
                [
                    168,
                    101,
                    0.017316479235887527
                ],
                [
                    312,
                    172,
                    0.017713889479637146
                ],
                [
                    176,
                    70,
                    0.4568485915660858
                ],
                [
                    192,
                    62,
                    0.6544735431671143
                ],
                [
                    152,
                    70,
                    0.6236354112625122
                ],
                [
                    192,
                    62,
                    0.029560085386037827
                ],
                [
                    296,
                    164,
                    1.0278972387313843
                ]
            ]
        },
        {
            "frame_index": 10,
            "id": 10,
            "person_id": null,
            "keypoints": [
                [
                    192,
                    78,
                    0.5715368390083313
                ],
                [
                    176,
                    101,
                    0.6438219547271729
                ],
                [
                    136,
                    101,
                    0.6440594792366028
                ],
                [
                    112,
                    156,
                    0.10151450335979462
                ],
                [
                    184,
                    133,
                    0.05774053931236267
                ],
                [
                    216,
                    101,
                    0.5506340265274048
                ],
                [
                    208,
                    148,
                    0.11423738300800323
                ],
                [
                    184,
                    133,
                    0.25613752007484436
                ],
                [
                    112,
                    172,
                    0.03898505121469498
                ],
                [
                    312,
                    172,
                    0.02427792176604271
                ],
                [
                    216,
                    156,
                    0.020529018715023994
                ],
                [
                    184,
                    148,
                    0.027562864124774933
                ],
                [
                    168,
                    101,
                    0.016076330095529556
                ],
                [
                    312,
                    172,
                    0.01766030490398407
                ],
                [
                    176,
                    70,
                    0.5062434077262878
                ],
                [
                    192,
                    62,
                    0.6190921664237976
                ],
                [
                    152,
                    70,
                    0.6183184385299683
                ],
                [
                    312,
                    140,
                    0.018479445949196815
                ],
                [
                    296,
                    164,
                    1.0268349647521973
                ]
            ]
        }
    ],
    "category_id": 10
}