{
    "info": {
        "video_name": "10_141",
        "resolution": [
            320,
            180
        ],
        "num_frame": 5,
        "num_keypoints": 18,
        "keypoint_channels": [
            "x",
            "y",
            "score"
        ],
        "version": "1.0"
    },
    "annotations": [
        {
            "frame_index": 0,
            "id": 0,
            "person_id": null,
            "keypoints": [
                [
                    160,
                    62,
                    0.8012227416038513
                ],
                [
                    152,
                    93,
                    0.6112667918205261
                ],
                [
                    112,
                    93,
                    0.6550455093383789
                ],
                [
                    96,
                    148,
                    0.48835352063179016
                ],
                [
                    144,
                    109,
                    0.6055741906166077
                ],
                [
                    192,
                    86,
                    0.713192880153656
                ],
                [
                    208,
                    156,
                    0.4564979076385498
                ],
                [
                    176,
                    117,
                    0.46720755100250244
                ],
                [
                    88,
                    164,
                    0.0666327178478241
                ],
                [
                    96,
                    164,
                    0.06821291893720627
                ],
                [
                    88,
                    164,
                    0.037076666951179504
                ],
                [
                    208,
                    172,
                    0.084103062748909
                ],
                [
                    208,
                    156,
                    0.02917514368891716
                ],
                [
                    88,
                    164,
                    0.018837356939911842
                ],
                [
                    144,
                    54,
                    0.8429768085479736
                ],
                [
                    160,
                    54,
                    0.7913012504577637
                ],
                [
                    128,
                    62,
                    0.7829371094703674
                ],
                [
                    168,
                    54,
                    0.3458453118801117
                ],
                [
                    288,
                    172,
                    1.0205557346343994
                ]
            ]
        },
        {
            "frame_index": 1,
            "id": 1,
            "person_id": null,
            "keypoints": [
                [
                    160,
                    54,
                    0.4107166826725006
                ],
                [
                    160,
                    93,
                    0.3108493983745575
                ],
                [
                    112,
                    93,
                    0.4958370625972748
                ],
                [
                    96,
                    148,
                    0.4433489441871643
                ],
                [
                    144,
                    101,
                    0.7041081786155701
                ],
                [
                    192,
                    93,
                    0.5649280548095703
                ],
                [
                    208,
                    156,
                    0.4140845239162445
                ],
                [
                    176,
                    117,
                    0.40720775723457336
                ],
                [
                    88,
                    164,
                    0.059842679649591446
                ],
                [
                    96,
                    164,
                    0.05908655375242233
                ],
                [
                    88,
                    164,
                    0.03315689042210579
                ],
                [
                    208,
                    172,
                    0.07363223284482956
                ],
                [
                    208,
                    156,
                    0.025699131190776825
                ],
                [
                    88,
                    164,
                    0.016504410654306412
                ],
                [
                    152,
                    46,
                    0.3763393461704254
                ],
                [
                    168,
                    39,
                    0.20615772902965546
                ],
                [
                    128,
                    54,
                    0.6358751654624939
                ],
                [
                    96,
                    164,
                    0.055776629596948624
                ],
                [
                    288,
                    172,
                    1.0191848278045654
                ]
            ]
        },
        {
            "frame_index": 2,
            "id": 2,
            "person_id": null,
            "keypoints": [
                [
                    152,
                    62,
                    0.8846418857574463
                ],
                [
                    152,
                    93,
                    0.5822607278823853
                ],
                [
                    112,
                    93,
                    0.657128095626831
                ],
                [
                    96,
                    148,
                    0.5236354470252991
                ],
                [
                    144,
                    101,
                    0.6734095215797424
                ],
                [
                    192,
                    86,
                    0.692194938659668
                ],
                [
                    208,
                    156,
                    0.46309393644332886
                ],
                [
                    176,
                    117,
                    0.4203875958919525
                ],
                [
                    88,
                    164,
                    0.06868450343608856
                ],
                [
                    96,
                    164,
                    0.06539405882358551
                ],
                [
                    88,
                    164,
                    0.03637370094656944
                ],
                [
                    208,
                    172,
                    0.08570834249258041
                ],
                [
                    208,
                    156,
                    0.027714677155017853
                ],
                [
                    88,
                    164,
                    0.01778022013604641
                ],
                [
                    144,
                    54,
                    0.8732739686965942
                ],
                [
                    160,
                    46,
                    0.8549084663391113
                ],
                [
                    128,
                    62,
                    0.7953481078147888
                ],
                [
                    168,
                    54,
                    0.5606246590614319
                ],
                [
                    288,
                    172,
                    1.0190590620040894
                ]
            ]
        },
        {
            "frame_index": 3,
            "id": 3,
            "person_id": null,
            "keypoints": [
                [
                    152,
                    62,
                    0.8145542740821838
                ],
                [
                    152,
                    93,
                    0.6035587787628174
                ],
                [
                    112,
                    93,
                    0.6550930142402649
                ],
                [
                    96,
                    148,
                    0.5224506855010986
                ],
                [
                    144,
                    101,
                    0.6391814947128296
                ],
                [
                    192,
                    86,
                    0.686152994632721
                ],
                [
                    208,
                    156,
                    0.47123274207115173
                ],
                [
                    176,
                    117,
                    0.41863831877708435
                ],
                [
                    88,
                    164,
                    0.06787380576133728
                ],
                [
                    96,
                    164,
                    0.06474603712558746
                ],
                [
                    96,
                    164,
                    0.03706996142864227
                ],
                [
                    208,
                    172,
                    0.0867144912481308
                ],
                [
                    208,
                    156,
                    0.028778277337551117
                ],
                [
                    88,
                    164,
                    0.017399998381733894
                ],
                [
                    144,
                    54,
                    0.8649187088012695
                ],
                [
                    160,
                    46,
                    0.8648646473884583
                ],
                [
                    128,
                    62,
                    0.7964695692062378
                ],
                [
                    168,
                    54,
                    0.490398108959198
                ],
                [
                    304,
                    0,
                    1.0205750465393066
                ]
            ]
        },
        {
            "frame_index": 4,
            "id": 4,
            "person_id": null,
            "keypoints": [
                [
                    152,
                    62,
                    0.8266434669494629
                ],
                [
                    152,
                    93,
                    0.6192020177841187
                ],
                [
                    112,
                    93,
                    0.6481944918632507
                ],
                [
                    96,
                    148,
                    0.48272600769996643
                ],
                [
                    144,
                    109,
                    0.6311584115028381
                ],
                [
                    192,
                    86,
                    0.7018210887908936
                ],
                [
                    208,
                    156,
                    0.45801806449890137
                ],
                [
                    176,
                    117,
                    0.4460970163345337
                ],
                [
                    88,
                    164,
                    0.06603483110666275
                ],
                [
                    96,
                    164,
                    0.0663999617099762
                ],
                [
                    88,
                    164,
                    0.0360669270157814
                ],
                [
                    208,
                    172,
                    0.08417391777038574
                ],
                [
                    208,
                    156,
                    0.02854137495160103
                ],
                [
                    88,
                    164,
                    0.017601532861590385
                ],
                [
                    144,
                    54,
                    0.8837763071060181
                ],
                [
                    160,
                    46,
                    0.8615451455116272
                ],
                [
                    128,
                    62,
                    0.7937670350074768
                ],
                [
                    168,
                    54,
                    0.44935205578804016
                ],
                [
                    288,
                    172,
                    1.0205116271972656
                ]
            ]
        }
    ],
    "category_id": 10
}