{
    "info": {
        "video_name": "10_112",
        "resolution": [
            320,
            180
        ],
        "num_frame": 5,
        "num_keypoints": 18,
        "keypoint_channels": [
            "x",
            "y",
            "score"
        ],
        "version": "1.0"
    },
    "annotations": [
        {
            "frame_index": 0,
            "id": 0,
            "person_id": null,
            "keypoints": [
                [
                    144,
                    39,
                    0.2692752778530121
                ],
                [
                    152,
                    93,
                    0.5249292850494385
                ],
                [
                    104,
                    101,
                    0.6615443825721741
                ],
                [
                    96,
                    156,
                    0.15395262837409973
                ],
                [
                    136,
                    109,
                    0.6542874574661255
                ],
                [
                    192,
                    93,
                    0.5972363948822021
                ],
                [
                    200,
                    148,
                    0.0751282200217247
                ],
                [
                    16,
                    140,
                    0.02428043819963932
                ],
                [
                    104,
                    172,
                    0.04517584666609764
                ],
                [
                    96,
                    164,
                    0.026265256106853485
                ],
                [
                    96,
                    164,
                    0.018263455480337143
                ],
                [
                    96,
                    172,
                    0.02717096358537674
                ],
                [
                    8,
                    148,
                    0.014600474387407303
                ],
                [
                    312,
                    164,
                    0.021826500073075294
                ],
                [
                    136,
                    39,
                    0.16247330605983734
                ],
                [
                    144,
                    31,
                    0.12599843740463257
                ],
                [
                    128,
                    54,
                    0.4966859817504883
                ],
                [
                    96,
                    164,
                    0.018456824123859406
                ],
                [
                    304,
                    0,
                    1.0051082372665405
                ]
            ]
        },
        {
            "frame_index": 1,
            "id": 1,
            "person_id": null,
            "keypoints": [
                [
                    128,
                    54,
                    0.10331649333238602
                ],
                [
                    144,
                    101,
                    0.4946812093257904
                ],
                [
                    104,
                    93,
                    0.6707988977432251
                ],
                [
                    96,
                    156,
                    0.23267921805381775
                ],
                [
                    144,
                    117,
                    0.5044965147972107
                ],
                [
                    176,
                    101,
                    0.25167691707611084
                ],
                [
                    16,
                    133,
                    0.052188485860824585
                ],
                [
                    16,
                    140,
                    0.06390522420406342
                ],
                [
                    24,
                    140,
                    0.10439397394657135
                ],
                [
                    8,
                    148,
                    0.049440592527389526
                ],
                [
                    0,
                    156,
                    0.03634580224752426
                ],
                [
                    16,
                    140,
                    0.1241907849907875
                ],
                [
                    8,
                    148,
                    0.07943149656057358
                ],
                [
                    312,
                    164,
                    0.020549340173602104
                ],
                [
                    128,
                    54,
                    0.08128370344638824
                ],
                [
                    128,
                    54,
                    0.08055118471384048
                ],
                [
                    128,
                    54,
                    0.24112725257873535
                ],
                [
                    128,
                    54,
                    0.06227574124932289
                ],
                [
                    304,
                    0,
                    1.0058667659759521
                ]
            ]
        },
        {
            "frame_index": 2,
            "id": 2,
            "person_id": null,
            "keypoints": [
                [
                    120,
                    54,
                    0.031171873211860657
                ],
                [
                    144,
                    101,
                    0.5082259774208069
                ],
                [
                    104,
                    93,
                    0.6529211401939392
                ],
                [
                    96,
                    148,
                    0.1501362919807434
                ],
                [
                    136,
                    109,
                    0.4481787085533142
                ],
                [
                    192,
                    93,
                    0.38471582531929016
                ],
                [
                    312,
                    172,
                    0.0266007948666811
                ],
                [
                    120,
                    133,
                    0.052388690412044525
                ],
                [
                    24,
                    140,
                    0.05825985223054886
                ],
                [
                    16,
                    148,
                    0.031178750097751617
                ],
                [
                    0,
                    156,
                    0.021935541182756424
                ],
                [
                    16,
                    140,
                    0.06548753380775452
                ],
                [
                    8,
                    148,
                    0.040581077337265015
                ],
                [
                    312,
                    164,
                    0.01993650384247303
                ],
                [
                    152,
                    31,
                    0.019779041409492493
                ],
                [
                    152,
                    39,
                    0.0261930413544178
                ],
                [
                    128,
                    54,
                    0.35448744893074036
                ],
                [
                    128,
                    54,
                    0.030081983655691147
                ],
                [
                    296,
                    140,
                    1.003684163093567
                ]
            ]
        },
        {
            "frame_index": 3,
            "id": 3,
            "person_id": null,
            "keypoints": [
                [
                    136,
                    54,
                    0.04961146414279938
                ],
                [
                    144,
                    101,
                    0.4782305359840393
                ],
                [
                    104,
                    93,
                    0.6454080939292908
                ],
                [
                    96,
                    148,
                    0.1622844636440277
                ],
                [
                    128,
                    117,
                    0.40187376737594604
                ],
                [
                    192,
                    93,
                    0.42911115288734436
                ],
                [
                    200,
                    148,
                    0.02958293817937374
                ],
                [
                    16,
                    140,
                    0.044786736369132996
                ],
                [
                    24,
                    140,
                    0.0673215389251709
                ],
                [
                    8,
                    148,
                    0.04066506400704384
                ],
                [
                    0,
                    156,
                    0.024909865111112595
                ],
                [
                    16,
                    140,
                    0.07539258897304535
                ],
                [
                    8,
                    148,
                    0.05763975903391838
                ],
                [
                    312,
                    164,
                    0.021364647895097733
                ],
                [
                    136,
                    54,
                    0.05091026797890663
                ],
                [
                    168,
                    39,
                    0.01795921102166176
                ],
                [
                    128,
                    54,
                    0.4597085416316986
                ],
                [
                    0,
                    156,
                    0.017828291282057762
                ],
                [
                    296,
                    140,
                    1.0025296211242676
                ]
            ]
        },
        {
            "frame_index": 4,
            "id": 4,
            "person_id": null,
            "keypoints": [
                [
                    152,
                    39,
                    0.2573319673538208
                ],
                [
                    152,
                    101,
                    0.5463763475418091
                ],
                [
                    104,
                    93,
                    0.6609192490577698
                ],
                [
                    96,
                    148,
                    0.1723387986421585
                ],
                [
                    120,
                    133,
                    0.1804111897945404
                ],
                [
                    192,
                    93,
                    0.5134296417236328
                ],
                [
                    200,
                    148,
                    0.05551868677139282
                ],
                [
                    16,
                    140,
                    0.04174778610467911
                ],
                [
                    24,
                    140,
                    0.0685645267367363
                ],
                [
                    8,
                    148,
                    0.043561793863773346
                ],
                [
                    0,
                    156,
                    0.02860933542251587
                ],
                [
                    16,
                    140,
                    0.07358643412590027
                ],
                [
                    8,
                    148,
                    0.06434599310159683
                ],
                [
                    312,
                    164,
                    0.021876266226172447
                ],
                [
                    152,
                    31,
                    0.18387937545776367
                ],
                [
                    160,
                    31,
                    0.14248430728912354
                ],
                [
                    128,
                    54,
                    0.6361918449401855
                ],
                [
                    0,
                    156,
                    0.02644367329776287
                ],
                [
                    304,
                    0,
                    1.0047271251678467
                ]
            ]
        }
    ],
    "category_id": 10
}