{
    "info": {
        "video_name": "10_127",
        "resolution": [
            320,
            180
        ],
        "num_frame": 8,
        "num_keypoints": 18,
        "keypoint_channels": [
            "x",
            "y",
            "score"
        ],
        "version": "1.0"
    },
    "annotations": [
        {
            "frame_index": 0,
            "id": 0,
            "person_id": null,
            "keypoints": [
                [
                    168,
                    70,
                    0.30402520298957825
                ],
                [
                    168,
                    109,
                    0.49828580021858215
                ],
                [
                    136,
                    109,
                    0.48352891206741333
                ],
                [
                    120,
                    148,
                    0.1047993004322052
                ],
                [
                    176,
                    125,
                    0.04025939851999283
                ],
                [
                    216,
                    109,
                    0.42702293395996094
                ],
                [
                    216,
                    148,
                    0.024367233738303185
                ],
                [
                    184,
                    125,
                    0.12695106863975525
                ],
                [
                    112,
                    172,
                    0.028443243354558945
                ],
                [
                    312,
                    172,
                    0.028318241238594055
                ],
                [
                    296,
                    172,
                    0.019422905519604683
                ],
                [
                    296,
                    0,
                    0.025267653167247772
                ],
                [
                    296,
                    172,
                    0.02678881213068962
                ],
                [
                    312,
                    164,
                    0.025895537808537483
                ],
                [
                    152,
                    62,
                    0.3184089958667755
                ],
                [
                    160,
                    62,
                    0.10332122445106506
                ],
                [
                    144,
                    70,
                    0.4035736620426178
                ],
                [
                    192,
                    101,
                    0.01695047691464424
                ],
                [
                    304,
                    0,
                    1.0092694759368896
                ]
            ]
        },
        {
            "frame_index": 1,
            "id": 1,
            "person_id": null,
            "keypoints": [
                [
                    176,
                    70,
                    0.26924875378608704
                ],
                [
                    176,
                    109,
                    0.5730629563331604
                ],
                [
                    136,
                    109,
                    0.5072022676467896
                ],
                [
                    120,
                    148,
                    0.11675938963890076
                ],
                [
                    184,
                    125,
                    0.06587763875722885
                ],
                [
                    216,
                    109,
                    0.44043877720832825
                ],
                [
                    216,
                    148,
                    0.026556866243481636
                ],
                [
                    184,
                    133,
                    0.2702430784702301
                ],
                [
                    112,
                    172,
                    0.0311262309551239
                ],
                [
                    312,
                    172,
                    0.028183650225400925
                ],
                [
                    296,
                    172,
                    0.019541937857866287
                ],
                [
                    296,
                    0,
                    0.025066900998353958
                ],
                [
                    216,
                    109,
                    0.041780080646276474
                ],
                [
                    312,
                    164,
                    0.026022527366876602
                ],
                [
                    160,
                    62,
                    0.25911620259284973
                ],
                [
                    192,
                    62,
                    0.0595613569021225
                ],
                [
                    152,
                    70,
                    0.5909253358840942
                ],
                [
                    152,
                    70,
                    0.0332016795873642
                ],
                [
                    304,
                    0,
                    1.0092732906341553
                ]
            ]
        },
        {
            "frame_index": 2,
            "id": 2,
            "person_id": null,
            "keypoints": [
                [
                    160,
                    62,
                    0.2375762164592743
                ],
                [
                    176,
                    109,
                    0.6043522357940674
                ],
                [
                    136,
                    109,
                    0.5301828384399414
                ],
                [
                    120,
                    148,
                    0.11942656338214874
                ],
                [
                    176,
                    125,
                    0.05227396637201309
                ],
                [
                    216,
                    109,
                    0.5079976916313171
                ],
                [
                    216,
                    148,
                    0.03283092379570007
                ],
                [
                    184,
                    133,
                    0.3195004463195801
                ],
                [
                    112,
                    172,
                    0.03292645514011383
                ],
                [
                    312,
                    172,
                    0.028186719864606857
                ],
                [
                    296,
                    172,
                    0.019568994641304016
                ],
                [
                    296,
                    0,
                    0.024709552526474
                ],
                [
                    296,
                    172,
                    0.02673306316137314
                ],
                [
                    312,
                    164,
                    0.026022642850875854
                ],
                [
                    152,
                    62,
                    0.2969900369644165
                ],
                [
                    152,
                    62,
                    0.12285824120044708
                ],
                [
                    152,
                    70,
                    0.42198610305786133
                ],
                [
                    152,
                    62,
                    0.042978435754776
                ],
                [
                    304,
                    0,
                    1.0093309879302979
                ]
            ]
        },
        {
            "frame_index": 3,
            "id": 3,
            "person_id": null,
            "keypoints": [
                [
                    160,
                    70,
                    0.23555389046669006
                ],
                [
                    176,
                    109,
                    0.5904418230056763
                ],
                [
                    136,
                    109,
                    0.5496974587440491
                ],
                [
                    120,
                    148,
                    0.1151132732629776
                ],
                [
                    176,
                    125,
                    0.05318036675453186
                ],
                [
                    216,
                    109,
                    0.5153754949569702
                ],
                [
                    216,
                    148,
                    0.03643369674682617
                ],
                [
                    184,
                    133,
                    0.275461882352829
                ],
                [
                    112,
                    172,
                    0.03200118988752365
                ],
                [
                    312,
                    172,
                    0.0299505814909935
                ],
                [
                    296,
                    172,
                    0.01997321844100952
                ],
                [
                    296,
                    0,
                    0.02390226349234581
                ],
                [
                    296,
                    172,
                    0.025767453014850616
                ],
                [
                    312,
                    164,
                    0.02600124478340149
                ],
                [
                    152,
                    62,
                    0.2875491976737976
                ],
                [
                    152,
                    62,
                    0.09588287025690079
                ],
                [
                    152,
                    70,
                    0.4767553210258484
                ],
                [
                    192,
                    86,
                    0.06083696335554123
                ],
                [
                    304,
                    0,
                    1.0092191696166992
                ]
            ]
        },
        {
            "frame_index": 4,
            "id": 4,
            "person_id": null,
            "keypoints": [
                [
                    152,
                    70,
                    0.09714192152023315
                ],
                [
                    168,
                    109,
                    0.41270720958709717
                ],
                [
                    128,
                    117,
                    0.48595166206359863
                ],
                [
                    120,
                    148,
                    0.08960950374603271
                ],
                [
                    176,
                    125,
                    0.034442879259586334
                ],
                [
                    216,
                    109,
                    0.16618598997592926
                ],
                [
                    312,
                    172,
                    0.024768004193902016
                ],
                [
                    184,
                    125,
                    0.031105617061257362
                ],
                [
                    112,
                    172,
                    0.02589300647377968
                ],
                [
                    312,
                    172,
                    0.02755560725927353
                ],
                [
                    296,
                    172,
                    0.019906319677829742
                ],
                [
                    296,
                    0,
                    0.02772454544901848
                ],
                [
                    296,
                    172,
                    0.027723174542188644
                ],
                [
                    312,
                    164,
                    0.028413601219654083
                ],
                [
                    152,
                    70,
                    0.0958385169506073
                ],
                [
                    152,
                    62,
                    0.027765145525336266
                ],
                [
                    144,
                    70,
                    0.508992612361908
                ],
                [
                    192,
                    78,
                    0.05139781907200813
                ],
                [
                    304,
                    0,
                    1.0013259649276733
                ]
            ]
        },
        {
            "frame_index": 5,
            "id": 5,
            "person_id": null,
            "keypoints": [
                [
                    168,
                    101,
                    0.20381806790828705
                ],
                [
                    176,
                    109,
                    0.5297066569328308
                ],
                [
                    128,
                    117,
                    0.547982931137085
                ],
                [
                    120,
                    148,
                    0.10929134488105774
                ],
                [
                    176,
                    125,
                    0.026883745566010475
                ],
                [
                    216,
                    109,
                    0.4575866758823395
                ],
                [
                    216,
                    148,
                    0.03278002142906189
                ],
                [
                    176,
                    101,
                    0.03443199396133423
                ],
                [
                    112,
                    172,
                    0.0289455596357584
                ],
                [
                    312,
                    172,
                    0.027558743953704834
                ],
                [
                    296,
                    172,
                    0.020485293120145798
                ],
                [
                    296,
                    0,
                    0.02681887522339821
                ],
                [
                    296,
                    172,
                    0.028613939881324768
                ],
                [
                    312,
                    164,
                    0.02772539108991623
                ],
                [
                    168,
                    93,
                    0.19480109214782715
                ],
                [
                    176,
                    93,
                    0.2603713572025299
                ],
                [
                    144,
                    70,
                    0.40916019678115845
                ],
                [
                    192,
                    78,
                    0.22102312743663788
                ],
                [
                    304,
                    0,
                    1.0017421245574951
                ]
            ]
        },
        {
            "frame_index": 6,
            "id": 6,
            "person_id": null,
            "keypoints": [
                [
                    168,
                    109,
                    0.39715635776519775
                ],
                [
                    176,
                    109,
                    0.46296146512031555
                ],
                [
                    136,
                    117,
                    0.4875231087207794
                ],
                [
                    112,
                    148,
                    0.1126219630241394
                ],
                [
                    184,
                    125,
                    0.029194338247179985
                ],
                [
                    208,
                    109,
                    0.34429994225502014
                ],
                [
                    216,
                    148,
                    0.02691715396940708
                ],
                [
                    184,
                    125,
                    0.0534696951508522
                ],
                [
                    112,
                    172,
                    0.031233321875333786
                ],
                [
                    312,
                    172,
                    0.02756689488887787
                ],
                [
                    296,
                    172,
                    0.020476527512073517
                ],
                [
                    296,
                    0,
                    0.02685302123427391
                ],
                [
                    296,
                    172,
                    0.028628502041101456
                ],
                [
                    312,
                    164,
                    0.027714144438505173
                ],
                [
                    160,
                    101,
                    0.5282639265060425
                ],
                [
                    176,
                    101,
                    0.5446093082427979
                ],
                [
                    152,
                    93,
                    0.13793674111366272
                ],
                [
                    184,
                    93,
                    0.16334125399589539
                ],
                [
                    304,
                    0,
                    1.0016467571258545
                ]
            ]
        },
        {
            "frame_index": 7,
            "id": 7,
            "person_id": null,
            "keypoints": [
                [
                    160,
                    70,
                    0.3236943781375885
                ],
                [
                    176,
                    109,
                    0.6526216864585876
                ],
                [
                    136,
                    109,
                    0.5178077816963196
                ],
                [
                    120,
                    148,
                    0.11178925633430481
                ],
                [
                    296,
                    0,
                    0.020981470122933388
                ],
                [
                    216,
                    109,
                    0.5881453156471252
                ],
                [
                    216,
                    148,
                    0.05350009351968765
                ],
                [
                    184,
                    125,
                    0.09876108169555664
                ],
                [
                    112,
                    172,
                    0.03172033280134201
                ],
                [
                    312,
                    172,
                    0.028307180851697922
                ],
                [
                    296,
                    172,
                    0.019433435052633286
                ],
                [
                    296,
                    0,
                    0.025560550391674042
                ],
                [
                    296,
                    172,
                    0.026753343641757965
                ],
                [
                    312,
                    164,
                    0.025864887982606888
                ],
                [
                    152,
                    62,
                    0.39260557293891907
                ],
                [
                    152,
                    62,
                    0.1911848485469818
                ],
                [
                    144,
                    70,
                    0.5317484736442566
                ],
                [
                    192,
                    62,
                    0.06110600382089615
                ],
                [
                    304,
                    0,
                    1.0090007781982422
                ]
            ]
        }
    ],
    "category_id": 10
}