{
    "info": {
        "video_name": "10_14",
        "resolution": [
            320,
            180
        ],
        "num_frame": 13,
        "num_keypoints": 18,
        "keypoint_channels": [
            "x",
            "y",
            "score"
        ],
        "version": "1.0"
    },
    "annotations": [
        {
            "frame_index": 0,
            "id": 0,
            "person_id": null,
            "keypoints": [
                [
                    152,
                    39,
                    0.20342150330543518
                ],
                [
                    168,
                    117,
                    0.6255514621734619
                ],
                [
                    104,
                    109,
                    0.5631470680236816
                ],
                [
                    80,
                    156,
                    0.02912803925573826
                ],
                [
                    312,
                    172,
                    0.015431823208928108
                ],
                [
                    216,
                    117,
                    0.5870158672332764
                ],
                [
                    216,
                    148,
                    0.041912466287612915
                ],
                [
                    192,
                    125,
                    0.6952330470085144
                ],
                [
                    80,
                    172,
                    0.021679380908608437
                ],
                [
                    312,
                    172,
                    0.02539946138858795
                ],
                [
                    296,
                    15,
                    0.01615811511874199
                ],
                [
                    168,
                    7,
                    0.025305315852165222
                ],
                [
                    168,
                    109,
                    0.011438202112913132
                ],
                [
                    312,
                    172,
                    0.02389310672879219
                ],
                [
                    152,
                    31,
                    0.06729449331760406
                ],
                [
                    168,
                    23,
                    0.40531596541404724
                ],
                [
                    144,
                    54,
                    0.6951196789741516
                ],
                [
                    192,
                    46,
                    0.041342347860336304
                ],
                [
                    304,
                    109,
                    0.9979777932167053
                ]
            ]
        },
        {
            "frame_index": 1,
            "id": 1,
            "person_id": null,
            "keypoints": [
                [
                    160,
                    31,
                    0.17456233501434326
                ],
                [
                    168,
                    109,
                    0.5871950387954712
                ],
                [
                    104,
                    109,
                    0.5775495767593384
                ],
                [
                    144,
                    62,
                    0.02504795417189598
                ],
                [
                    312,
                    172,
                    0.015107464045286179
                ],
                [
                    216,
                    117,
                    0.6094956994056702
                ],
                [
                    224,
                    148,
                    0.04255136102437973
                ],
                [
                    192,
                    125,
                    0.693889319896698
                ],
                [
                    176,
                    172,
                    0.02223966270685196
                ],
                [
                    312,
                    172,
                    0.024586454033851624
                ],
                [
                    296,
                    15,
                    0.016887880861759186
                ],
                [
                    296,
                    0,
                    0.023307181894779205
                ],
                [
                    168,
                    109,
                    0.010845102369785309
                ],
                [
                    312,
                    172,
                    0.024032339453697205
                ],
                [
                    160,
                    31,
                    0.1433587521314621
                ],
                [
                    168,
                    23,
                    0.2921108603477478
                ],
                [
                    144,
                    54,
                    0.7426475286483765
                ],
                [
                    184,
                    31,
                    0.025516143068671227
                ],
                [
                    304,
                    109,
                    0.9994658827781677
                ]
            ]
        },
        {
            "frame_index": 2,
            "id": 2,
            "person_id": null,
            "keypoints": [
                [
                    160,
                    39,
                    0.28801873326301575
                ],
                [
                    168,
                    117,
                    0.5945151448249817
                ],
                [
                    104,
                    109,
                    0.5867547988891602
                ],
                [
                    144,
                    62,
                    0.025954917073249817
                ],
                [
                    312,
                    172,
                    0.015516148880124092
                ],
                [
                    216,
                    117,
                    0.5960381031036377
                ],
                [
                    216,
                    148,
                    0.04151102155447006
                ],
                [
                    192,
                    125,
                    0.7050622701644897
                ],
                [
                    176,
                    172,
                    0.021433012560009956
                ],
                [
                    312,
                    172,
                    0.02474721148610115
                ],
                [
                    296,
                    15,
                    0.016658462584018707
                ],
                [
                    168,
                    7,
                    0.02235766127705574
                ],
                [
                    168,
                    109,
                    0.011679803021252155
                ],
                [
                    312,
                    172,
                    0.024215195327997208
                ],
                [
                    152,
                    39,
                    0.16739876568317413
                ],
                [
                    168,
                    23,
                    0.3130432665348053
                ],
                [
                    144,
                    54,
                    0.7971157431602478
                ],
                [
                    200,
                    54,
                    0.18173697590827942
                ],
                [
                    304,
                    109,
                    0.9994601011276245
                ]
            ]
        },
        {
            "frame_index": 3,
            "id": 3,
            "person_id": null,
            "keypoints": [
                [
                    152,
                    46,
                    0.38778358697891235
                ],
                [
                    168,
                    117,
                    0.5690930485725403
                ],
                [
                    112,
                    109,
                    0.5515146255493164
                ],
                [
                    80,
                    156,
                    0.02381398342549801
                ],
                [
                    312,
                    172,
                    0.015233512967824936
                ],
                [
                    216,
                    117,
                    0.619503378868103
                ],
                [
                    224,
                    148,
                    0.04727243632078171
                ],
                [
                    192,
                    125,
                    0.7476126551628113
                ],
                [
                    168,
                    172,
                    0.0227385014295578
                ],
                [
                    312,
                    172,
                    0.024945784360170364
                ],
                [
                    296,
                    15,
                    0.01604260876774788
                ],
                [
                    312,
                    164,
                    0.022269945591688156
                ],
                [
                    168,
                    101,
                    0.010601281188428402
                ],
                [
                    312,
                    172,
                    0.02430226467549801
                ],
                [
                    144,
                    39,
                    0.293212354183197
                ],
                [
                    160,
                    31,
                    0.22448670864105225
                ],
                [
                    136,
                    46,
                    0.2701861262321472
                ],
                [
                    192,
                    62,
                    0.7972972989082336
                ],
                [
                    304,
                    109,
                    0.9994528889656067
                ]
            ]
        },
        {
            "frame_index": 4,
            "id": 4,
            "person_id": null,
            "keypoints": [
                [
                    160,
                    46,
                    0.2785530388355255
                ],
                [
                    168,
                    117,
                    0.5775743722915649
                ],
                [
                    112,
                    109,
                    0.5708000063896179
                ],
                [
                    80,
                    148,
                    0.020530475303530693
                ],
                [
                    312,
                    172,
                    0.01607995666563511
                ],
                [
                    216,
                    117,
                    0.5935395956039429
                ],
                [
                    224,
                    148,
                    0.04408299922943115
                ],
                [
                    192,
                    125,
                    0.6842749118804932
                ],
                [
                    168,
                    172,
                    0.021609734743833542
                ],
                [
                    312,
                    172,
                    0.026076946407556534
                ],
                [
                    296,
                    15,
                    0.01629631221294403
                ],
                [
                    128,
                    54,
                    0.02306629717350006
                ],
                [
                    136,
                    54,
                    0.01355440728366375
                ],
                [
                    312,
                    172,
                    0.024520333856344223
                ],
                [
                    152,
                    46,
                    0.23129862546920776
                ],
                [
                    160,
                    31,
                    0.1392957866191864
                ],
                [
                    144,
                    54,
                    0.7111912369728088
                ],
                [
                    192,
                    62,
                    0.7484354376792908
                ],
                [
                    304,
                    109,
                    0.9997943639755249
                ]
            ]
        },
        {
            "frame_index": 5,
            "id": 5,
            "person_id": null,
            "keypoints": [
                [
                    160,
                    39,
                    0.2397199273109436
                ],
                [
                    168,
                    117,
                    0.6074231266975403
                ],
                [
                    112,
                    109,
                    0.5811224579811096
                ],
                [
                    80,
                    156,
                    0.02772335149347782
                ],
                [
                    312,
                    172,
                    0.01573888026177883
                ],
                [
                    216,
                    117,
                    0.603492259979248
                ],
                [
                    224,
                    148,
                    0.04168596863746643
                ],
                [
                    192,
                    125,
                    0.7345706224441528
                ],
                [
                    80,
                    172,
                    0.022178081795573235
                ],
                [
                    312,
                    172,
                    0.025975659489631653
                ],
                [
                    296,
                    15,
                    0.016332758590579033
                ],
                [
                    312,
                    164,
                    0.02212941274046898
                ],
                [
                    160,
                    109,
                    0.011456973850727081
                ],
                [
                    312,
                    172,
                    0.0243891179561615
                ],
                [
                    160,
                    23,
                    0.1694154590368271
                ],
                [
                    168,
                    23,
                    0.16948404908180237
                ],
                [
                    144,
                    54,
                    0.7242995500564575
                ],
                [
                    200,
                    54,
                    0.2082502692937851
                ],
                [
                    304,
                    109,
                    0.9987161159515381
                ]
            ]
        },
        {
            "frame_index": 6,
            "id": 6,
            "person_id": null,
            "keypoints": [
                [
                    152,
                    39,
                    0.0989554226398468
                ],
                [
                    160,
                    117,
                    0.5878660678863525
                ],
                [
                    104,
                    109,
                    0.5678008198738098
                ],
                [
                    80,
                    156,
                    0.028225550428032875
                ],
                [
                    184,
                    140,
                    0.0167024377733469
                ],
                [
                    216,
                    109,
                    0.5469859838485718
                ],
                [
                    224,
                    148,
                    0.050108157098293304
                ],
                [
                    184,
                    125,
                    0.6149351000785828
                ],
                [
                    248,
                    133,
                    0.026905009523034096
                ],
                [
                    312,
                    172,
                    0.025427434593439102
                ],
                [
                    296,
                    15,
                    0.01633826643228531
                ],
                [
                    160,
                    7,
                    0.023203488439321518
                ],
                [
                    168,
                    101,
                    0.011799966916441917
                ],
                [
                    312,
                    172,
                    0.02408965490758419
                ],
                [
                    160,
                    23,
                    0.053709402680397034
                ],
                [
                    160,
                    23,
                    0.274982750415802
                ],
                [
                    144,
                    62,
                    0.5696202516555786
                ],
                [
                    176,
                    86,
                    0.07907435297966003
                ],
                [
                    304,
                    109,
                    0.9975546598434448
                ]
            ]
        },
        {
            "frame_index": 7,
            "id": 7,
            "person_id": null,
            "keypoints": [
                [
                    160,
                    54,
                    0.05888469144701958
                ],
                [
                    168,
                    109,
                    0.5361983180046082
                ],
                [
                    104,
                    109,
                    0.5461582541465759
                ],
                [
                    80,
                    156,
                    0.033586714416742325
                ],
                [
                    312,
                    172,
                    0.014952246099710464
                ],
                [
                    216,
                    117,
                    0.5027796030044556
                ],
                [
                    216,
                    148,
                    0.04883866757154465
                ],
                [
                    176,
                    125,
                    0.6115416884422302
                ],
                [
                    80,
                    172,
                    0.02091660164296627
                ],
                [
                    312,
                    172,
                    0.025806788355112076
                ],
                [
                    296,
                    15,
                    0.016334807500243187
                ],
                [
                    128,
                    54,
                    0.02343052066862583
                ],
                [
                    168,
                    109,
                    0.016435056924819946
                ],
                [
                    312,
                    172,
                    0.02369668334722519
                ],
                [
                    160,
                    23,
                    0.0786510556936264
                ],
                [
                    160,
                    23,
                    0.0730353370308876
                ],
                [
                    144,
                    62,
                    0.5899995565414429
                ],
                [
                    176,
                    117,
                    0.017733469605445862
                ],
                [
                    304,
                    109,
                    0.9964709281921387
                ]
            ]
        },
        {
            "frame_index": 8,
            "id": 8,
            "person_id": null,
            "keypoints": [
                [
                    152,
                    46,
                    0.044446974992752075
                ],
                [
                    168,
                    109,
                    0.5768784284591675
                ],
                [
                    104,
                    109,
                    0.5680683851242065
                ],
                [
                    80,
                    156,
                    0.039468780159950256
                ],
                [
                    184,
                    140,
                    0.01938970386981964
                ],
                [
                    216,
                    117,
                    0.5364539623260498
                ],
                [
                    216,
                    148,
                    0.04857485741376877
                ],
                [
                    176,
                    125,
                    0.6431902647018433
                ],
                [
                    80,
                    172,
                    0.022521771490573883
                ],
                [
                    312,
                    172,
                    0.025674976408481598
                ],
                [
                    176,
                    125,
                    0.017609503120183945
                ],
                [
                    128,
                    54,
                    0.024163343012332916
                ],
                [
                    168,
                    101,
                    0.014482117258012295
                ],
                [
                    312,
                    172,
                    0.02395917847752571
                ],
                [
                    160,
                    31,
                    0.10322009027004242
                ],
                [
                    168,
                    23,
                    0.047780975699424744
                ],
                [
                    144,
                    62,
                    0.6486089825630188
                ],
                [
                    176,
                    117,
                    0.015502961352467537
                ],
                [
                    304,
                    109,
                    0.9961332082748413
                ]
            ]
        },
        {
            "frame_index": 9,
            "id": 9,
            "person_id": null,
            "keypoints": [
                [
                    160,
                    62,
                    0.20374031364917755
                ],
                [
                    168,
                    109,
                    0.5534425973892212
                ],
                [
                    104,
                    109,
                    0.558560311794281
                ],
                [
                    80,
                    156,
                    0.03344370424747467
                ],
                [
                    312,
                    172,
                    0.014314226806163788
                ],
                [
                    216,
                    117,
                    0.5972710251808167
                ],
                [
                    216,
                    148,
                    0.04411403834819794
                ],
                [
                    184,
                    125,
                    0.6330227255821228
                ],
                [
                    80,
                    172,
                    0.024511022493243217
                ],
                [
                    312,
                    172,
                    0.025124788284301758
                ],
                [
                    184,
                    125,
                    0.017428811639547348
                ],
                [
                    128,
                    54,
                    0.02644599974155426
                ],
                [
                    160,
                    109,
                    0.012307317927479744
                ],
                [
                    312,
                    172,
                    0.023271450772881508
                ],
                [
                    160,
                    54,
                    0.17704150080680847
                ],
                [
                    176,
                    54,
                    0.1519405096769333
                ],
                [
                    144,
                    62,
                    0.7715965509414673
                ],
                [
                    192,
                    62,
                    0.7264091372489929
                ],
                [
                    304,
                    109,
                    0.9976414442062378
                ]
            ]
        },
        {
            "frame_index": 10,
            "id": 10,
            "person_id": null,
            "keypoints": [
                [
                    168,
                    62,
                    0.21452362835407257
                ],
                [
                    168,
                    117,
                    0.5528498888015747
                ],
                [
                    104,
                    109,
                    0.5494580864906311
                ],
                [
                    80,
                    156,
                    0.0312514491379261
                ],
                [
                    312,
                    172,
                    0.014797575771808624
                ],
                [
                    216,
                    117,
                    0.614038348197937
                ],
                [
                    216,
                    148,
                    0.03561989217996597
                ],
                [
                    176,
                    125,
                    0.5713250041007996
                ],
                [
                    80,
                    172,
                    0.02339741215109825
                ],
                [
                    312,
                    172,
                    0.02559306100010872
                ],
                [
                    296,
                    15,
                    0.015985198318958282
                ],
                [
                    128,
                    54,
                    0.02858685702085495
                ],
                [
                    168,
                    101,
                    0.011775934137403965
                ],
                [
                    312,
                    172,
                    0.023811304941773415
                ],
                [
                    160,
                    54,
                    0.17617307603359222
                ],
                [
                    176,
                    54,
                    0.13982036709785461
                ],
                [
                    144,
                    62,
                    0.7639249563217163
                ],
                [
                    192,
                    62,
                    0.7258167862892151
                ],
                [
                    304,
                    109,
                    0.9975981116294861
                ]
            ]
        },
        {
            "frame_index": 11,
            "id": 11,
            "person_id": null,
            "keypoints": [
                [
                    160,
                    31,
                    0.2165711224079132
                ],
                [
                    168,
                    117,
                    0.547575831413269
                ],
                [
                    104,
                    109,
                    0.5814568996429443
                ],
                [
                    144,
                    62,
                    0.022012818604707718
                ],
                [
                    192,
                    109,
                    0.015300389379262924
                ],
                [
                    216,
                    109,
                    0.5334659218788147
                ],
                [
                    224,
                    148,
                    0.050229646265506744
                ],
                [
                    192,
                    125,
                    0.6430360674858093
                ],
                [
                    80,
                    172,
                    0.01957620494067669
                ],
                [
                    312,
                    172,
                    0.024008356034755707
                ],
                [
                    296,
                    15,
                    0.01643078774213791
                ],
                [
                    168,
                    7,
                    0.022528208792209625
                ],
                [
                    192,
                    39,
                    0.011638009920716286
                ],
                [
                    312,
                    172,
                    0.023664848878979683
                ],
                [
                    160,
                    23,
                    0.08828049898147583
                ],
                [
                    168,
                    23,
                    0.3774171471595764
                ],
                [
                    144,
                    54,
                    0.7015549540519714
                ],
                [
                    192,
                    39,
                    0.12467804551124573
                ],
                [
                    304,
                    109,
                    0.9996963143348694
                ]
            ]
        },
        {
            "frame_index": 12,
            "id": 12,
            "person_id": null,
            "keypoints": [
                [
                    152,
                    31,
                    0.2360910028219223
                ],
                [
                    168,
                    117,
                    0.5710720419883728
                ],
                [
                    104,
                    109,
                    0.572393000125885
                ],
                [
                    144,
                    62,
                    0.020132457837462425
                ],
                [
                    312,
                    172,
                    0.014925330877304077
                ],
                [
                    216,
                    117,
                    0.6104792356491089
                ],
                [
                    224,
                    148,
                    0.05513159930706024
                ],
                [
                    192,
                    125,
                    0.6205820441246033
                ],
                [
                    176,
                    172,
                    0.02457387000322342
                ],
                [
                    312,
                    172,
                    0.02407084032893181
                ],
                [
                    296,
                    15,
                    0.016459699720144272
                ],
                [
                    168,
                    7,
                    0.02251708135008812
                ],
                [
                    176,
                    109,
                    0.012706148438155651
                ],
                [
                    312,
                    172,
                    0.02368646115064621
                ],
                [
                    152,
                    31,
                    0.0985783040523529
                ],
                [
                    168,
                    23,
                    0.4250383973121643
                ],
                [
                    144,
                    54,
                    0.7273046970367432
                ],
                [
                    184,
                    31,
                    0.09978477656841278
                ],
                [
                    304,
                    117,
                    0.9995871782302856
                ]
            ]
        }
    ],
    "category_id": 10
}