{
    "info": {
        "video_name": "10_1",
        "resolution": [
            320,
            180
        ],
        "num_frame": 12,
        "num_keypoints": 18,
        "keypoint_channels": [
            "x",
            "y",
            "score"
        ],
        "version": "1.0"
    },
    "annotations": [
        {
            "frame_index": 0,
            "id": 0,
            "person_id": null,
            "keypoints": [
                [
                    160,
                    54,
                    0.13210731744766235
                ],
                [
                    160,
                    101,
                    0.607324481010437
                ],
                [
                    112,
                    93,
                    0.5666438937187195
                ],
                [
                    96,
                    156,
                    0.34144124388694763
                ],
                [
                    216,
                    172,
                    0.03699418902397156
                ],
                [
                    200,
                    93,
                    0.47927209734916687
                ],
                [
                    216,
                    156,
                    0.4178965091705322
                ],
                [
                    184,
                    109,
                    0.6579956412315369
                ],
                [
                    224,
                    172,
                    0.08207625150680542
                ],
                [
                    96,
                    164,
                    0.044707320630550385
                ],
                [
                    96,
                    164,
                    0.04122918099164963
                ],
                [
                    216,
                    172,
                    0.14324624836444855
                ],
                [
                    216,
                    172,
                    0.040766119956970215
                ],
                [
                    224,
                    172,
                    0.021283237263560295
                ],
                [
                    152,
                    54,
                    0.14908215403556824
                ],
                [
                    160,
                    46,
                    0.026764102280139923
                ],
                [
                    144,
                    62,
                    0.6749845743179321
                ],
                [
                    96,
                    164,
                    0.053370386362075806
                ],
                [
                    304,
                    0,
                    1.0077811479568481
                ]
            ]
        },
        {
            "frame_index": 1,
            "id": 1,
            "person_id": null,
            "keypoints": [
                [
                    160,
                    31,
                    0.2680951952934265
                ],
                [
                    160,
                    93,
                    0.5801197290420532
                ],
                [
                    120,
                    93,
                    0.6019692420959473
                ],
                [
                    96,
                    156,
                    0.31799739599227905
                ],
                [
                    216,
                    172,
                    0.03919203579425812
                ],
                [
                    208,
                    93,
                    0.5958166122436523
                ],
                [
                    216,
                    156,
                    0.44216176867485046
                ],
                [
                    184,
                    109,
                    0.5925448536872864
                ],
                [
                    224,
                    172,
                    0.0786522850394249
                ],
                [
                    96,
                    164,
                    0.042821843177080154
                ],
                [
                    96,
                    164,
                    0.034370921552181244
                ],
                [
                    216,
                    172,
                    0.14746572077274323
                ],
                [
                    216,
                    164,
                    0.04290752485394478
                ],
                [
                    224,
                    172,
                    0.017818626016378403
                ],
                [
                    160,
                    23,
                    0.16903544962406158
                ],
                [
                    160,
                    23,
                    0.37964940071105957
                ],
                [
                    144,
                    54,
                    0.6218966841697693
                ],
                [
                    184,
                    39,
                    0.3570767045021057
                ],
                [
                    304,
                    0,
                    1.009312629699707
                ]
            ]
        },
        {
            "frame_index": 2,
            "id": 2,
            "person_id": null,
            "keypoints": [
                [
                    168,
                    54,
                    0.40995487570762634
                ],
                [
                    160,
                    101,
                    0.6572970151901245
                ],
                [
                    120,
                    93,
                    0.5873689651489258
                ],
                [
                    96,
                    156,
                    0.3268873691558838
                ],
                [
                    216,
                    172,
                    0.0391535684466362
                ],
                [
                    200,
                    93,
                    0.5422497987747192
                ],
                [
                    216,
                    156,
                    0.4155651926994324
                ],
                [
                    184,
                    109,
                    0.618177592754364
                ],
                [
                    224,
                    172,
                    0.08161082863807678
                ],
                [
                    96,
                    164,
                    0.04609241336584091
                ],
                [
                    96,
                    164,
                    0.042575642466545105
                ],
                [
                    216,
                    172,
                    0.1418083757162094
                ],
                [
                    88,
                    164,
                    0.043054625391960144
                ],
                [
                    224,
                    172,
                    0.019844068214297295
                ],
                [
                    160,
                    46,
                    0.3367841839790344
                ],
                [
                    176,
                    46,
                    0.2002696990966797
                ],
                [
                    144,
                    54,
                    0.7477073073387146
                ],
                [
                    184,
                    46,
                    0.09781713783740997
                ],
                [
                    304,
                    0,
                    1.0084221363067627
                ]
            ]
        },
        {
            "frame_index": 3,
            "id": 3,
            "person_id": null,
            "keypoints": [
                [
                    168,
                    54,
                    0.40330982208251953
                ],
                [
                    160,
                    101,
                    0.6561431288719177
                ],
                [
                    120,
                    93,
                    0.571313202381134
                ],
                [
                    96,
                    156,
                    0.31585267186164856
                ],
                [
                    216,
                    172,
                    0.03874675929546356
                ],
                [
                    200,
                    101,
                    0.5981801152229309
                ],
                [
                    216,
                    156,
                    0.419715940952301
                ],
                [
                    176,
                    109,
                    0.5842702984809875
                ],
                [
                    224,
                    172,
                    0.08195298910140991
                ],
                [
                    96,
                    164,
                    0.042484622448682785
                ],
                [
                    96,
                    164,
                    0.043463632464408875
                ],
                [
                    216,
                    172,
                    0.14037485420703888
                ],
                [
                    88,
                    164,
                    0.044907815754413605
                ],
                [
                    224,
                    172,
                    0.021581780165433884
                ],
                [
                    160,
                    46,
                    0.33103278279304504
                ],
                [
                    176,
                    46,
                    0.17771664261817932
                ],
                [
                    144,
                    54,
                    0.733674168586731
                ],
                [
                    184,
                    46,
                    0.10123835504055023
                ],
                [
                    304,
                    0,
                    1.0082039833068848
                ]
            ]
        },
        {
            "frame_index": 4,
            "id": 4,
            "person_id": null,
            "keypoints": [
                [
                    160,
                    39,
                    0.0948040708899498
                ],
                [
                    160,
                    101,
                    0.6230565309524536
                ],
                [
                    120,
                    93,
                    0.5614694952964783
                ],
                [
                    96,
                    156,
                    0.32526081800460815
                ],
                [
                    216,
                    172,
                    0.038664743304252625
                ],
                [
                    208,
                    93,
                    0.43295660614967346
                ],
                [
                    216,
                    156,
                    0.3665688633918762
                ],
                [
                    184,
                    109,
                    0.662038266658783
                ],
                [
                    224,
                    172,
                    0.0830625593662262
                ],
                [
                    96,
                    164,
                    0.04454399645328522
                ],
                [
                    96,
                    164,
                    0.04285060614347458
                ],
                [
                    216,
                    172,
                    0.14210981130599976
                ],
                [
                    216,
                    172,
                    0.04568655043840408
                ],
                [
                    224,
                    172,
                    0.023283403366804123
                ],
                [
                    160,
                    31,
                    0.10248789191246033
                ],
                [
                    160,
                    23,
                    0.0652608722448349
                ],
                [
                    144,
                    54,
                    0.6657379865646362
                ],
                [
                    96,
                    164,
                    0.051410820335149765
                ],
                [
                    304,
                    0,
                    1.0086839199066162
                ]
            ]
        },
        {
            "frame_index": 5,
            "id": 5,
            "person_id": null,
            "keypoints": [
                [
                    168,
                    46,
                    0.2723918855190277
                ],
                [
                    160,
                    101,
                    0.6215567588806152
                ],
                [
                    112,
                    101,
                    0.5663033723831177
                ],
                [
                    96,
                    156,
                    0.3153906464576721
                ],
                [
                    216,
                    172,
                    0.039742134511470795
                ],
                [
                    200,
                    101,
                    0.6397482752799988
                ],
                [
                    216,
                    156,
                    0.39780503511428833
                ],
                [
                    176,
                    109,
                    0.5630654096603394
                ],
                [
                    224,
                    172,
                    0.08151430636644363
                ],
                [
                    96,
                    164,
                    0.04442412778735161
                ],
                [
                    96,
                    164,
                    0.04326808080077171
                ],
                [
                    216,
                    172,
                    0.13801786303520203
                ],
                [
                    216,
                    172,
                    0.0431717112660408
                ],
                [
                    224,
                    172,
                    0.021872369572520256
                ],
                [
                    152,
                    39,
                    0.17574813961982727
                ],
                [
                    168,
                    31,
                    0.19436560571193695
                ],
                [
                    136,
                    54,
                    0.6984356045722961
                ],
                [
                    184,
                    46,
                    0.2359403818845749
                ],
                [
                    304,
                    0,
                    1.0095041990280151
                ]
            ]
        },
        {
            "frame_index": 6,
            "id": 6,
            "person_id": null,
            "keypoints": [
                [
                    160,
                    46,
                    0.06665540486574173
                ],
                [
                    168,
                    101,
                    0.5648288726806641
                ],
                [
                    120,
                    101,
                    0.5743432641029358
                ],
                [
                    96,
                    156,
                    0.3107283115386963
                ],
                [
                    216,
                    172,
                    0.03757639229297638
                ],
                [
                    208,
                    93,
                    0.5728664398193359
                ],
                [
                    216,
                    156,
                    0.39913323521614075
                ],
                [
                    184,
                    109,
                    0.6567897200584412
                ],
                [
                    224,
                    172,
                    0.08073783665895462
                ],
                [
                    96,
                    164,
                    0.04604882001876831
                ],
                [
                    96,
                    164,
                    0.04262661188840866
                ],
                [
                    224,
                    172,
                    0.13683834671974182
                ],
                [
                    88,
                    164,
                    0.04290231689810753
                ],
                [
                    224,
                    172,
                    0.019558440893888474
                ],
                [
                    160,
                    54,
                    0.057432740926742554
                ],
                [
                    168,
                    39,
                    0.021164419129490852
                ],
                [
                    144,
                    62,
                    0.42972737550735474
                ],
                [
                    136,
                    54,
                    0.2221408635377884
                ],
                [
                    304,
                    0,
                    1.007030963897705
                ]
            ]
        },
        {
            "frame_index": 7,
            "id": 7,
            "person_id": null,
            "keypoints": [
                [
                    152,
                    86,
                    0.38978883624076843
                ],
                [
                    160,
                    93,
                    0.5960232019424438
                ],
                [
                    120,
                    93,
                    0.5923128128051758
                ],
                [
                    96,
                    156,
                    0.3223937749862671
                ],
                [
                    216,
                    172,
                    0.03972882777452469
                ],
                [
                    208,
                    93,
                    0.5429032444953918
                ],
                [
                    216,
                    156,
                    0.46196746826171875
                ],
                [
                    184,
                    109,
                    0.6071157455444336
                ],
                [
                    224,
                    172,
                    0.07982379198074341
                ],
                [
                    96,
                    164,
                    0.04220011457800865
                ],
                [
                    224,
                    164,
                    0.036232948303222656
                ],
                [
                    216,
                    172,
                    0.14856550097465515
                ],
                [
                    216,
                    164,
                    0.038091715425252914
                ],
                [
                    224,
                    172,
                    0.017301060259342194
                ],
                [
                    152,
                    78,
                    0.35281258821487427
                ],
                [
                    160,
                    78,
                    0.4194997251033783
                ],
                [
                    144,
                    62,
                    0.6855415105819702
                ],
                [
                    176,
                    70,
                    0.30806082487106323
                ],
                [
                    304,
                    0,
                    1.009585976600647
                ]
            ]
        },
        {
            "frame_index": 8,
            "id": 8,
            "person_id": null,
            "keypoints": [
                [
                    176,
                    46,
                    0.35713163018226624
                ],
                [
                    160,
                    93,
                    0.6320663690567017
                ],
                [
                    120,
                    93,
                    0.6180906891822815
                ],
                [
                    96,
                    156,
                    0.32403066754341125
                ],
                [
                    216,
                    172,
                    0.03873462229967117
                ],
                [
                    208,
                    93,
                    0.5915533304214478
                ],
                [
                    216,
                    156,
                    0.5143972039222717
                ],
                [
                    184,
                    109,
                    0.6106464266777039
                ],
                [
                    216,
                    172,
                    0.07987253367900848
                ],
                [
                    96,
                    164,
                    0.04372203350067139
                ],
                [
                    88,
                    164,
                    0.034830834716558456
                ],
                [
                    216,
                    172,
                    0.15193797647953033
                ],
                [
                    88,
                    164,
                    0.038648903369903564
                ],
                [
                    312,
                    172,
                    0.01630197837948799
                ],
                [
                    168,
                    39,
                    0.2785738408565521
                ],
                [
                    184,
                    39,
                    0.22717949748039246
                ],
                [
                    144,
                    54,
                    0.8086097836494446
                ],
                [
                    184,
                    46,
                    0.10447898507118225
                ],
                [
                    304,
                    0,
                    1.0093460083007812
                ]
            ]
        },
        {
            "frame_index": 9,
            "id": 9,
            "person_id": null,
            "keypoints": [
                [
                    168,
                    62,
                    0.22733451426029205
                ],
                [
                    160,
                    101,
                    0.5988686680793762
                ],
                [
                    120,
                    93,
                    0.6030421853065491
                ],
                [
                    96,
                    156,
                    0.33919185400009155
                ],
                [
                    216,
                    172,
                    0.03606778383255005
                ],
                [
                    208,
                    93,
                    0.38301703333854675
                ],
                [
                    216,
                    156,
                    0.44829973578453064
                ],
                [
                    192,
                    109,
                    0.6190236806869507
                ],
                [
                    216,
                    172,
                    0.07235914468765259
                ],
                [
                    96,
                    164,
                    0.04422837868332863
                ],
                [
                    96,
                    164,
                    0.034639857709407806
                ],
                [
                    216,
                    172,
                    0.14216527342796326
                ],
                [
                    216,
                    164,
                    0.04448166489601135
                ],
                [
                    312,
                    172,
                    0.01662859506905079
                ],
                [
                    160,
                    54,
                    0.13840779662132263
                ],
                [
                    176,
                    54,
                    0.031631506979465485
                ],
                [
                    144,
                    54,
                    0.635918915271759
                ],
                [
                    96,
                    164,
                    0.052233126014471054
                ],
                [
                    304,
                    0,
                    1.0090636014938354
                ]
            ]
        },
        {
            "frame_index": 10,
            "id": 10,
            "person_id": null,
            "keypoints": [
                [
                    176,
                    39,
                    0.255254864692688
                ],
                [
                    168,
                    93,
                    0.6400340795516968
                ],
                [
                    120,
                    93,
                    0.6644474267959595
                ],
                [
                    96,
                    156,
                    0.3883399963378906
                ],
                [
                    96,
                    156,
                    0.02110525406897068
                ],
                [
                    208,
                    93,
                    0.6675693392753601
                ],
                [
                    216,
                    156,
                    0.18487103283405304
                ],
                [
                    184,
                    109,
                    0.5949607491493225
                ],
                [
                    88,
                    172,
                    0.06269780546426773
                ],
                [
                    96,
                    164,
                    0.04213542118668556
                ],
                [
                    88,
                    164,
                    0.031465377658605576
                ],
                [
                    216,
                    172,
                    0.05914349481463432
                ],
                [
                    88,
                    164,
                    0.02805856615304947
                ],
                [
                    312,
                    172,
                    0.016705302521586418
                ],
                [
                    168,
                    31,
                    0.20341657102108002
                ],
                [
                    176,
                    31,
                    0.14405789971351624
                ],
                [
                    144,
                    54,
                    0.6484098434448242
                ],
                [
                    184,
                    39,
                    0.1025051474571228
                ],
                [
                    304,
                    0,
                    1.0082776546478271
                ]
            ]
        },
        {
            "frame_index": 11,
            "id": 11,
            "person_id": null,
            "keypoints": [
                [
                    168,
                    46,
                    0.2700648903846741
                ],
                [
                    168,
                    101,
                    0.636134684085846
                ],
                [
                    120,
                    93,
                    0.6065480709075928
                ],
                [
                    96,
                    156,
                    0.32189881801605225
                ],
                [
                    216,
                    172,
                    0.039120472967624664
                ],
                [
                    208,
                    93,
                    0.6535124778747559
                ],
                [
                    216,
                    156,
                    0.3989962637424469
                ],
                [
                    184,
                    109,
                    0.6349457502365112
                ],
                [
                    224,
                    172,
                    0.08717280626296997
                ],
                [
                    96,
                    164,
                    0.04440324008464813
                ],
                [
                    224,
                    164,
                    0.03893781453371048
                ],
                [
                    224,
                    172,
                    0.1481330543756485
                ],
                [
                    216,
                    172,
                    0.042636625468730927
                ],
                [
                    224,
                    172,
                    0.023088624700903893
                ],
                [
                    160,
                    31,
                    0.2111402153968811
                ],
                [
                    176,
                    31,
                    0.17510642111301422
                ],
                [
                    144,
                    54,
                    0.723336935043335
                ],
                [
                    184,
                    39,
                    0.13761445879936218
                ],
                [
                    304,
                    0,
                    1.0075790882110596
                ]
            ]
        }
    ],
    "category_id": 10
}