{
    "info": {
        "video_name": "10_143",
        "resolution": [
            320,
            180
        ],
        "num_frame": 7,
        "num_keypoints": 18,
        "keypoint_channels": [
            "x",
            "y",
            "score"
        ],
        "version": "1.0"
    },
    "annotations": [
        {
            "frame_index": 0,
            "id": 0,
            "person_id": null,
            "keypoints": [
                [
                    152,
                    86,
                    0.034219659864902496
                ],
                [
                    136,
                    117,
                    0.47839125990867615
                ],
                [
                    96,
                    109,
                    0.4780530631542206
                ],
                [
                    88,
                    148,
                    0.06679333001375198
                ],
                [
                    120,
                    101,
                    0.3081621825695038
                ],
                [
                    192,
                    109,
                    0.5567629933357239
                ],
                [
                    208,
                    148,
                    0.07857310026884079
                ],
                [
                    136,
                    86,
                    0.03471166640520096
                ],
                [
                    216,
                    172,
                    0.04411926120519638
                ],
                [
                    304,
                    164,
                    0.027105439454317093
                ],
                [
                    0,
                    15,
                    0.02003512717783451
                ],
                [
                    216,
                    172,
                    0.03620951622724533
                ],
                [
                    216,
                    172,
                    0.020475830882787704
                ],
                [
                    304,
                    172,
                    0.01842663064599037
                ],
                [
                    296,
                    0,
                    0.02149411104619503
                ],
                [
                    152,
                    86,
                    0.026739422231912613
                ],
                [
                    312,
                    172,
                    0.016889914870262146
                ],
                [
                    144,
                    78,
                    0.08456587791442871
                ],
                [
                    304,
                    93,
                    1.0101362466812134
                ]
            ]
        },
        {
            "frame_index": 1,
            "id": 1,
            "person_id": null,
            "keypoints": [
                [
                    144,
                    86,
                    0.055615007877349854
                ],
                [
                    136,
                    117,
                    0.49688854813575745
                ],
                [
                    96,
                    109,
                    0.5251061916351318
                ],
                [
                    88,
                    148,
                    0.08011844754219055
                ],
                [
                    120,
                    101,
                    0.21911440789699554
                ],
                [
                    192,
                    109,
                    0.5647369027137756
                ],
                [
                    208,
                    148,
                    0.09328579902648926
                ],
                [
                    112,
                    109,
                    0.04871492087841034
                ],
                [
                    216,
                    172,
                    0.04630766808986664
                ],
                [
                    304,
                    164,
                    0.027068782597780228
                ],
                [
                    0,
                    15,
                    0.021358322352170944
                ],
                [
                    216,
                    172,
                    0.04075010120868683
                ],
                [
                    216,
                    172,
                    0.02294522151350975
                ],
                [
                    304,
                    172,
                    0.018468014895915985
                ],
                [
                    296,
                    0,
                    0.022811055183410645
                ],
                [
                    144,
                    78,
                    0.05854107439517975
                ],
                [
                    312,
                    172,
                    0.016923226416110992
                ],
                [
                    152,
                    70,
                    0.10450944304466248
                ],
                [
                    304,
                    93,
                    1.0093531608581543
                ]
            ]
        },
        {
            "frame_index": 2,
            "id": 2,
            "person_id": null,
            "keypoints": [
                [
                    152,
                    86,
                    0.03788045048713684
                ],
                [
                    144,
                    117,
                    0.49174439907073975
                ],
                [
                    96,
                    109,
                    0.4713016748428345
                ],
                [
                    88,
                    148,
                    0.07162937521934509
                ],
                [
                    120,
                    101,
                    0.2497130036354065
                ],
                [
                    192,
                    109,
                    0.540673553943634
                ],
                [
                    208,
                    148,
                    0.08481685072183609
                ],
                [
                    128,
                    93,
                    0.046055980026721954
                ],
                [
                    224,
                    172,
                    0.04415173828601837
                ],
                [
                    304,
                    164,
                    0.026702869683504105
                ],
                [
                    0,
                    15,
                    0.023220181465148926
                ],
                [
                    216,
                    172,
                    0.03704269975423813
                ],
                [
                    216,
                    172,
                    0.020505333319306374
                ],
                [
                    304,
                    172,
                    0.0180599894374609
                ],
                [
                    296,
                    0,
                    0.022194400429725647
                ],
                [
                    152,
                    86,
                    0.03246977925300598
                ],
                [
                    312,
                    172,
                    0.01680651679635048
                ],
                [
                    208,
                    156,
                    0.01901950314640999
                ],
                [
                    304,
                    93,
                    1.009237289428711
                ]
            ]
        },
        {
            "frame_index": 3,
            "id": 3,
            "person_id": null,
            "keypoints": [
                [
                    152,
                    86,
                    0.10057131201028824
                ],
                [
                    136,
                    117,
                    0.49713945388793945
                ],
                [
                    96,
                    109,
                    0.5249363780021667
                ],
                [
                    88,
                    148,
                    0.06576726585626602
                ],
                [
                    128,
                    101,
                    0.4330678880214691
                ],
                [
                    192,
                    109,
                    0.537588357925415
                ],
                [
                    136,
                    70,
                    0.15194584429264069
                ],
                [
                    136,
                    86,
                    0.04769488424062729
                ],
                [
                    224,
                    172,
                    0.04423869401216507
                ],
                [
                    304,
                    164,
                    0.0272773839533329
                ],
                [
                    0,
                    15,
                    0.02146201580762863
                ],
                [
                    216,
                    172,
                    0.036841899156570435
                ],
                [
                    216,
                    172,
                    0.02076909691095352
                ],
                [
                    304,
                    172,
                    0.018745966255664825
                ],
                [
                    144,
                    86,
                    0.10261362791061401
                ],
                [
                    152,
                    86,
                    0.09166475385427475
                ],
                [
                    312,
                    172,
                    0.01679104194045067
                ],
                [
                    152,
                    78,
                    0.06347981095314026
                ],
                [
                    304,
                    93,
                    1.009760856628418
                ]
            ]
        },
        {
            "frame_index": 4,
            "id": 4,
            "person_id": null,
            "keypoints": [
                [
                    144,
                    78,
                    0.41640424728393555
                ],
                [
                    136,
                    117,
                    0.558558464050293
                ],
                [
                    96,
                    109,
                    0.6829808950424194
                ],
                [
                    88,
                    148,
                    0.09188686311244965
                ],
                [
                    120,
                    109,
                    0.4554465711116791
                ],
                [
                    192,
                    109,
                    0.578888475894928
                ],
                [
                    208,
                    148,
                    0.09079965204000473
                ],
                [
                    120,
                    109,
                    0.04358635097742081
                ],
                [
                    224,
                    172,
                    0.04182734340429306
                ],
                [
                    304,
                    164,
                    0.027332227677106857
                ],
                [
                    0,
                    15,
                    0.021097036078572273
                ],
                [
                    216,
                    172,
                    0.03510357066988945
                ],
                [
                    216,
                    172,
                    0.0203554667532444
                ],
                [
                    304,
                    172,
                    0.018708279356360435
                ],
                [
                    136,
                    70,
                    0.3061259686946869
                ],
                [
                    144,
                    70,
                    0.2916974425315857
                ],
                [
                    112,
                    62,
                    0.3495481610298157
                ],
                [
                    152,
                    62,
                    0.21746940910816193
                ],
                [
                    304,
                    93,
                    1.0095750093460083
                ]
            ]
        },
        {
            "frame_index": 5,
            "id": 5,
            "person_id": null,
            "keypoints": [
                [
                    152,
                    46,
                    0.08627106249332428
                ],
                [
                    144,
                    117,
                    0.5651640295982361
                ],
                [
                    96,
                    109,
                    0.5999999642372131
                ],
                [
                    88,
                    148,
                    0.07205276191234589
                ],
                [
                    120,
                    101,
                    0.08440452814102173
                ],
                [
                    192,
                    109,
                    0.621232271194458
                ],
                [
                    208,
                    148,
                    0.09663187712430954
                ],
                [
                    120,
                    101,
                    0.03457380831241608
                ],
                [
                    224,
                    172,
                    0.041512034833431244
                ],
                [
                    304,
                    164,
                    0.026723019778728485
                ],
                [
                    0,
                    15,
                    0.018376309424638748
                ],
                [
                    216,
                    172,
                    0.03429422900080681
                ],
                [
                    312,
                    164,
                    0.020038917660713196
                ],
                [
                    304,
                    172,
                    0.018491145223379135
                ],
                [
                    296,
                    0,
                    0.02246885374188423
                ],
                [
                    152,
                    46,
                    0.12535147368907928
                ],
                [
                    312,
                    172,
                    0.016582487151026726
                ],
                [
                    152,
                    54,
                    0.5247070789337158
                ],
                [
                    304,
                    93,
                    1.0107285976409912
                ]
            ]
        },
        {
            "frame_index": 6,
            "id": 6,
            "person_id": null,
            "keypoints": [
                [
                    152,
                    78,
                    0.27125686407089233
                ],
                [
                    144,
                    109,
                    0.6281733512878418
                ],
                [
                    96,
                    109,
                    0.6118622422218323
                ],
                [
                    72,
                    148,
                    0.0902891606092453
                ],
                [
                    296,
                    0,
                    0.02056964486837387
                ],
                [
                    192,
                    101,
                    0.5697309970855713
                ],
                [
                    208,
                    148,
                    0.09754678606987
                ],
                [
                    304,
                    7,
                    0.022713152691721916
                ],
                [
                    224,
                    172,
                    0.04177331179380417
                ],
                [
                    304,
                    164,
                    0.02697984129190445
                ],
                [
                    0,
                    15,
                    0.022212550044059753
                ],
                [
                    216,
                    172,
                    0.03616343438625336
                ],
                [
                    312,
                    164,
                    0.019883446395397186
                ],
                [
                    304,
                    172,
                    0.018713422119617462
                ],
                [
                    144,
                    70,
                    0.13376206159591675
                ],
                [
                    160,
                    70,
                    0.22919107973575592
                ],
                [
                    120,
                    62,
                    0.5563689470291138
                ],
                [
                    160,
                    62,
                    0.05538278818130493
                ],
                [
                    304,
                    93,
                    1.0097389221191406
                ]
            ]
        }
    ],
    "category_id": 10
}