{
    "info": {
        "video_name": "10_122",
        "resolution": [
            320,
            180
        ],
        "num_frame": 6,
        "num_keypoints": 18,
        "keypoint_channels": [
            "x",
            "y",
            "score"
        ],
        "version": "1.0"
    },
    "annotations": [
        {
            "frame_index": 0,
            "id": 0,
            "person_id": null,
            "keypoints": [
                [
                    200,
                    78,
                    0.35218992829322815
                ],
                [
                    192,
                    117,
                    0.4721246659755707
                ],
                [
                    152,
                    117,
                    0.5606353282928467
                ],
                [
                    128,
                    148,
                    0.07703998684883118
                ],
                [
                    208,
                    109,
                    0.031504422426223755
                ],
                [
                    232,
                    109,
                    0.3417060077190399
                ],
                [
                    312,
                    172,
                    0.025522084906697273
                ],
                [
                    216,
                    117,
                    0.09069494158029556
                ],
                [
                    192,
                    172,
                    0.035633206367492676
                ],
                [
                    312,
                    172,
                    0.027959704399108887
                ],
                [
                    296,
                    172,
                    0.020523464307188988
                ],
                [
                    296,
                    0,
                    0.0258631594479084
                ],
                [
                    232,
                    117,
                    0.03221062198281288
                ],
                [
                    312,
                    164,
                    0.025432832539081573
                ],
                [
                    192,
                    70,
                    0.30375805497169495
                ],
                [
                    208,
                    62,
                    0.4393812417984009
                ],
                [
                    168,
                    78,
                    0.5531774759292603
                ],
                [
                    216,
                    70,
                    0.29095590114593506
                ],
                [
                    304,
                    0,
                    1.0030686855316162
                ]
            ]
        },
        {
            "frame_index": 1,
            "id": 1,
            "person_id": null,
            "keypoints": [
                [
                    192,
                    109,
                    0.3805280327796936
                ],
                [
                    200,
                    109,
                    0.4432356059551239
                ],
                [
                    160,
                    109,
                    0.5412910580635071
                ],
                [
                    136,
                    148,
                    0.09086225926876068
                ],
                [
                    296,
                    0,
                    0.017687899991869926
                ],
                [
                    240,
                    117,
                    0.5019978284835815
                ],
                [
                    312,
                    172,
                    0.02583085559308529
                ],
                [
                    208,
                    101,
                    0.03266477584838867
                ],
                [
                    184,
                    140,
                    0.12109866738319397
                ],
                [
                    200,
                    140,
                    0.042449578642845154
                ],
                [
                    296,
                    172,
                    0.020499132573604584
                ],
                [
                    208,
                    140,
                    0.0472525879740715
                ],
                [
                    200,
                    140,
                    0.05913456901907921
                ],
                [
                    312,
                    164,
                    0.026666119694709778
                ],
                [
                    184,
                    101,
                    0.3801827132701874
                ],
                [
                    192,
                    101,
                    0.44547224044799805
                ],
                [
                    168,
                    78,
                    0.40665894746780396
                ],
                [
                    216,
                    101,
                    0.16568371653556824
                ],
                [
                    304,
                    0,
                    1.004333734512329
                ]
            ]
        },
        {
            "frame_index": 2,
            "id": 2,
            "person_id": null,
            "keypoints": [
                [
                    200,
                    86,
                    0.8095690011978149
                ],
                [
                    192,
                    117,
                    0.6117857694625854
                ],
                [
                    152,
                    109,
                    0.6645259857177734
                ],
                [
                    136,
                    148,
                    0.10919412970542908
                ],
                [
                    296,
                    0,
                    0.017355574294924736
                ],
                [
                    232,
                    117,
                    0.5309200882911682
                ],
                [
                    312,
                    172,
                    0.025333663448691368
                ],
                [
                    304,
                    7,
                    0.018774058669805527
                ],
                [
                    128,
                    172,
                    0.04198860749602318
                ],
                [
                    312,
                    172,
                    0.02791617438197136
                ],
                [
                    120,
                    156,
                    0.021125905215740204
                ],
                [
                    128,
                    172,
                    0.023140646517276764
                ],
                [
                    296,
                    172,
                    0.025191478431224823
                ],
                [
                    312,
                    164,
                    0.02695881947875023
                ],
                [
                    184,
                    86,
                    0.7802636623382568
                ],
                [
                    200,
                    78,
                    0.8070208430290222
                ],
                [
                    168,
                    86,
                    0.6993120908737183
                ],
                [
                    216,
                    70,
                    0.7291885018348694
                ],
                [
                    304,
                    0,
                    1.0044870376586914
                ]
            ]
        },
        {
            "frame_index": 3,
            "id": 3,
            "person_id": null,
            "keypoints": [
                [
                    208,
                    70,
                    0.25085631012916565
                ],
                [
                    192,
                    117,
                    0.3497740924358368
                ],
                [
                    152,
                    117,
                    0.45764416456222534
                ],
                [
                    128,
                    148,
                    0.05901224911212921
                ],
                [
                    208,
                    109,
                    0.020084276795387268
                ],
                [
                    232,
                    117,
                    0.3384798765182495
                ],
                [
                    312,
                    172,
                    0.025377878919243813
                ],
                [
                    216,
                    117,
                    0.02813330851495266
                ],
                [
                    176,
                    148,
                    0.04278434067964554
                ],
                [
                    312,
                    172,
                    0.027673084288835526
                ],
                [
                    296,
                    172,
                    0.020715299993753433
                ],
                [
                    192,
                    140,
                    0.027465704828500748
                ],
                [
                    296,
                    172,
                    0.025402508676052094
                ],
                [
                    312,
                    164,
                    0.026783131062984467
                ],
                [
                    192,
                    62,
                    0.17002254724502563
                ],
                [
                    208,
                    62,
                    0.38480451703071594
                ],
                [
                    168,
                    78,
                    0.3914432227611542
                ],
                [
                    216,
                    70,
                    0.20700770616531372
                ],
                [
                    304,
                    0,
                    1.0056945085525513
                ]
            ]
        },
        {
            "frame_index": 4,
            "id": 4,
            "person_id": null,
            "keypoints": [
                [
                    184,
                    125,
                    0.18320930004119873
                ],
                [
                    192,
                    117,
                    0.3133670687675476
                ],
                [
                    152,
                    117,
                    0.5030609965324402
                ],
                [
                    136,
                    148,
                    0.06989230960607529
                ],
                [
                    216,
                    117,
                    0.030863484367728233
                ],
                [
                    232,
                    117,
                    0.22758308053016663
                ],
                [
                    312,
                    172,
                    0.025240400806069374
                ],
                [
                    216,
                    117,
                    0.10776115208864212
                ],
                [
                    128,
                    172,
                    0.03017885610461235
                ],
                [
                    312,
                    172,
                    0.028485197573900223
                ],
                [
                    296,
                    172,
                    0.02050960436463356
                ],
                [
                    192,
                    133,
                    0.024027105420827866
                ],
                [
                    296,
                    172,
                    0.026351016014814377
                ],
                [
                    312,
                    164,
                    0.025945961475372314
                ],
                [
                    184,
                    117,
                    0.16838587820529938
                ],
                [
                    208,
                    70,
                    0.2247999757528305
                ],
                [
                    168,
                    78,
                    0.374825119972229
                ],
                [
                    216,
                    70,
                    0.15577508509159088
                ],
                [
                    304,
                    0,
                    1.0004456043243408
                ]
            ]
        },
        {
            "frame_index": 5,
            "id": 5,
            "person_id": null,
            "keypoints": [
                [
                    200,
                    70,
                    0.29587602615356445
                ],
                [
                    192,
                    117,
                    0.4958818852901459
                ],
                [
                    152,
                    117,
                    0.5762648582458496
                ],
                [
                    136,
                    148,
                    0.079460009932518
                ],
                [
                    208,
                    117,
                    0.025100823491811752
                ],
                [
                    232,
                    109,
                    0.4062529504299164
                ],
                [
                    312,
                    172,
                    0.02518354170024395
                ],
                [
                    216,
                    117,
                    0.06321638822555542
                ],
                [
                    192,
                    156,
                    0.028956595808267593
                ],
                [
                    312,
                    172,
                    0.027950584888458252
                ],
                [
                    296,
                    172,
                    0.02042568475008011
                ],
                [
                    296,
                    0,
                    0.025097962468862534
                ],
                [
                    296,
                    172,
                    0.02598850429058075
                ],
                [
                    312,
                    164,
                    0.025521714240312576
                ],
                [
                    184,
                    62,
                    0.29176801443099976
                ],
                [
                    208,
                    62,
                    0.40277010202407837
                ],
                [
                    168,
                    78,
                    0.5248746275901794
                ],
                [
                    224,
                    70,
                    0.25759369134902954
                ],
                [
                    304,
                    0,
                    1.0037413835525513
                ]
            ]
        }
    ],
    "category_id": 10
}