{
    "info": {
        "video_name": "10_153",
        "resolution": [
            320,
            180
        ],
        "num_frame": 13,
        "num_keypoints": 18,
        "keypoint_channels": [
            "x",
            "y",
            "score"
        ],
        "version": "1.0"
    },
    "annotations": [
        {
            "frame_index": 0,
            "id": 0,
            "person_id": null,
            "keypoints": [
                [
                    136,
                    62,
                    0.09610912948846817
                ],
                [
                    152,
                    133,
                    0.29886677861213684
                ],
                [
                    88,
                    140,
                    0.3534320294857025
                ],
                [
                    136,
                    156,
                    0.019842825829982758
                ],
                [
                    136,
                    140,
                    0.3245922029018402
                ],
                [
                    208,
                    125,
                    0.5088650584220886
                ],
                [
                    216,
                    148,
                    0.026368064805865288
                ],
                [
                    136,
                    148,
                    0.13056179881095886
                ],
                [
                    56,
                    172,
                    0.02385294996201992
                ],
                [
                    312,
                    172,
                    0.026767708361148834
                ],
                [
                    88,
                    156,
                    0.0241004079580307
                ],
                [
                    296,
                    0,
                    0.023955482989549637
                ],
                [
                    312,
                    164,
                    0.012130655348300934
                ],
                [
                    312,
                    172,
                    0.017027324065566063
                ],
                [
                    128,
                    62,
                    0.09496984630823135
                ],
                [
                    144,
                    54,
                    0.02340593934059143
                ],
                [
                    120,
                    62,
                    0.4680342376232147
                ],
                [
                    176,
                    62,
                    0.1428166627883911
                ],
                [
                    304,
                    0,
                    1.0000834465026855
                ]
            ]
        },
        {
            "frame_index": 1,
            "id": 1,
            "person_id": null,
            "keypoints": [
                [
                    136,
                    101,
                    0.29983049631118774
                ],
                [
                    152,
                    133,
                    0.32168084383010864
                ],
                [
                    88,
                    140,
                    0.3228311538696289
                ],
                [
                    136,
                    156,
                    0.02022373676300049
                ],
                [
                    144,
                    140,
                    0.3823994994163513
                ],
                [
                    208,
                    125,
                    0.48424941301345825
                ],
                [
                    216,
                    148,
                    0.02986333705484867
                ],
                [
                    136,
                    140,
                    0.13682042062282562
                ],
                [
                    144,
                    156,
                    0.02575831115245819
                ],
                [
                    312,
                    172,
                    0.025891851633787155
                ],
                [
                    88,
                    156,
                    0.024116963148117065
                ],
                [
                    296,
                    0,
                    0.02609073743224144
                ],
                [
                    208,
                    117,
                    0.010238183662295341
                ],
                [
                    312,
                    172,
                    0.01617138832807541
                ],
                [
                    120,
                    93,
                    0.24981392920017242
                ],
                [
                    152,
                    93,
                    0.2277476191520691
                ],
                [
                    120,
                    70,
                    0.32051950693130493
                ],
                [
                    120,
                    70,
                    0.22265857458114624
                ],
                [
                    304,
                    0,
                    0.9993622303009033
                ]
            ]
        },
        {
            "frame_index": 2,
            "id": 2,
            "person_id": null,
            "keypoints": [
                [
                    136,
                    70,
                    0.1835494190454483
                ],
                [
                    144,
                    133,
                    0.3405742645263672
                ],
                [
                    88,
                    140,
                    0.3734249174594879
                ],
                [
                    128,
                    156,
                    0.021969499066472054
                ],
                [
                    136,
                    140,
                    0.26920974254608154
                ],
                [
                    208,
                    117,
                    0.4756428003311157
                ],
                [
                    312,
                    172,
                    0.02410990186035633
                ],
                [
                    136,
                    140,
                    0.16448767483234406
                ],
                [
                    56,
                    172,
                    0.024773940443992615
                ],
                [
                    312,
                    172,
                    0.02657581865787506
                ],
                [
                    88,
                    156,
                    0.02508240006864071
                ],
                [
                    296,
                    0,
                    0.027582019567489624
                ],
                [
                    312,
                    70,
                    0.010363134555518627
                ],
                [
                    312,
                    172,
                    0.017142485827207565
                ],
                [
                    136,
                    62,
                    0.2127598375082016
                ],
                [
                    144,
                    62,
                    0.1027940958738327
                ],
                [
                    112,
                    70,
                    0.6976901292800903
                ],
                [
                    184,
                    70,
                    0.1563035249710083
                ],
                [
                    304,
                    0,
                    1.0051722526550293
                ]
            ]
        },
        {
            "frame_index": 3,
            "id": 3,
            "person_id": null,
            "keypoints": [
                [
                    128,
                    70,
                    0.15152770280838013
                ],
                [
                    152,
                    133,
                    0.2491244375705719
                ],
                [
                    88,
                    133,
                    0.33398541808128357
                ],
                [
                    120,
                    70,
                    0.02184361219406128
                ],
                [
                    136,
                    140,
                    0.18564166128635406
                ],
                [
                    208,
                    125,
                    0.4664388597011566
                ],
                [
                    312,
                    172,
                    0.023513464257121086
                ],
                [
                    136,
                    148,
                    0.1062188446521759
                ],
                [
                    56,
                    172,
                    0.025621086359024048
                ],
                [
                    312,
                    172,
                    0.027639951556921005
                ],
                [
                    88,
                    156,
                    0.02298084646463394
                ],
                [
                    296,
                    0,
                    0.029474474489688873
                ],
                [
                    312,
                    70,
                    0.011750146746635437
                ],
                [
                    312,
                    172,
                    0.01750691793859005
                ],
                [
                    128,
                    62,
                    0.1385481208562851
                ],
                [
                    136,
                    62,
                    0.06470413506031036
                ],
                [
                    112,
                    62,
                    0.6550098657608032
                ],
                [
                    184,
                    70,
                    0.20304018259048462
                ],
                [
                    304,
                    0,
                    0.9998271465301514
                ]
            ]
        },
        {
            "frame_index": 4,
            "id": 4,
            "person_id": null,
            "keypoints": [
                [
                    136,
                    101,
                    0.16683155298233032
                ],
                [
                    144,
                    133,
                    0.35211360454559326
                ],
                [
                    88,
                    140,
                    0.3844388723373413
                ],
                [
                    128,
                    156,
                    0.020236674696207047
                ],
                [
                    136,
                    140,
                    0.35495707392692566
                ],
                [
                    208,
                    117,
                    0.515787661075592
                ],
                [
                    216,
                    148,
                    0.031778573989868164
                ],
                [
                    136,
                    148,
                    0.15170031785964966
                ],
                [
                    136,
                    156,
                    0.023809192702174187
                ],
                [
                    312,
                    172,
                    0.027553841471672058
                ],
                [
                    88,
                    156,
                    0.02336212806403637
                ],
                [
                    296,
                    0,
                    0.03023882582783699
                ],
                [
                    312,
                    70,
                    0.012725092470645905
                ],
                [
                    312,
                    172,
                    0.017781566828489304
                ],
                [
                    136,
                    101,
                    0.0711517333984375
                ],
                [
                    152,
                    101,
                    0.12339390814304352
                ],
                [
                    112,
                    70,
                    0.6379395723342896
                ],
                [
                    176,
                    78,
                    0.190338596701622
                ],
                [
                    304,
                    0,
                    1.0046617984771729
                ]
            ]
        },
        {
            "frame_index": 5,
            "id": 5,
            "person_id": null,
            "keypoints": [
                [
                    136,
                    62,
                    0.13134942948818207
                ],
                [
                    144,
                    133,
                    0.33520811796188354
                ],
                [
                    88,
                    140,
                    0.37457704544067383
                ],
                [
                    128,
                    156,
                    0.02320428192615509
                ],
                [
                    136,
                    140,
                    0.29597216844558716
                ],
                [
                    208,
                    125,
                    0.5168644785881042
                ],
                [
                    216,
                    148,
                    0.032984159886837006
                ],
                [
                    136,
                    148,
                    0.12840205430984497
                ],
                [
                    56,
                    172,
                    0.024430129677057266
                ],
                [
                    312,
                    172,
                    0.0284702368080616
                ],
                [
                    88,
                    156,
                    0.02275809645652771
                ],
                [
                    296,
                    0,
                    0.028860077261924744
                ],
                [
                    112,
                    70,
                    0.01863253489136696
                ],
                [
                    312,
                    164,
                    0.018398337066173553
                ],
                [
                    128,
                    62,
                    0.1121981292963028
                ],
                [
                    144,
                    54,
                    0.04556894674897194
                ],
                [
                    120,
                    70,
                    0.6298990845680237
                ],
                [
                    184,
                    70,
                    0.2252473086118698
                ],
                [
                    304,
                    0,
                    1.0069172382354736
                ]
            ]
        },
        {
            "frame_index": 6,
            "id": 6,
            "person_id": null,
            "keypoints": [
                [
                    128,
                    70,
                    0.0944608524441719
                ],
                [
                    144,
                    133,
                    0.31731346249580383
                ],
                [
                    88,
                    133,
                    0.3677886724472046
                ],
                [
                    136,
                    156,
                    0.01958587020635605
                ],
                [
                    136,
                    140,
                    0.322604238986969
                ],
                [
                    208,
                    117,
                    0.5202741622924805
                ],
                [
                    216,
                    148,
                    0.031024916097521782
                ],
                [
                    136,
                    148,
                    0.13058827817440033
                ],
                [
                    136,
                    156,
                    0.025951983407139778
                ],
                [
                    312,
                    172,
                    0.02835291624069214
                ],
                [
                    88,
                    156,
                    0.023452360183000565
                ],
                [
                    296,
                    0,
                    0.024783745408058167
                ],
                [
                    112,
                    70,
                    0.017797283828258514
                ],
                [
                    312,
                    172,
                    0.0183088518679142
                ],
                [
                    128,
                    62,
                    0.09815385937690735
                ],
                [
                    168,
                    62,
                    0.02493404597043991
                ],
                [
                    120,
                    70,
                    0.6228618025779724
                ],
                [
                    176,
                    70,
                    0.2326030135154724
                ],
                [
                    304,
                    0,
                    1.00172758102417
                ]
            ]
        },
        {
            "frame_index": 7,
            "id": 7,
            "person_id": null,
            "keypoints": [
                [
                    144,
                    109,
                    0.3950802683830261
                ],
                [
                    152,
                    125,
                    0.41693392395973206
                ],
                [
                    88,
                    133,
                    0.3468889594078064
                ],
                [
                    136,
                    156,
                    0.023159746080636978
                ],
                [
                    144,
                    140,
                    0.40430495142936707
                ],
                [
                    208,
                    117,
                    0.5195797085762024
                ],
                [
                    216,
                    148,
                    0.034909285604953766
                ],
                [
                    136,
                    140,
                    0.14822565019130707
                ],
                [
                    144,
                    156,
                    0.0300357136875391
                ],
                [
                    312,
                    172,
                    0.025916501879692078
                ],
                [
                    88,
                    156,
                    0.023508308455348015
                ],
                [
                    296,
                    0,
                    0.02660011127591133
                ],
                [
                    216,
                    117,
                    0.011429316364228725
                ],
                [
                    312,
                    172,
                    0.016494080424308777
                ],
                [
                    136,
                    101,
                    0.40862277150154114
                ],
                [
                    152,
                    101,
                    0.39957067370414734
                ],
                [
                    120,
                    70,
                    0.45491018891334534
                ],
                [
                    120,
                    62,
                    0.16820061206817627
                ],
                [
                    296,
                    164,
                    1.0034360885620117
                ]
            ]
        },
        {
            "frame_index": 8,
            "id": 8,
            "person_id": null,
            "keypoints": [
                [
                    144,
                    109,
                    0.28899359703063965
                ],
                [
                    152,
                    125,
                    0.38595831394195557
                ],
                [
                    88,
                    133,
                    0.34286460280418396
                ],
                [
                    136,
                    156,
                    0.02351297438144684
                ],
                [
                    144,
                    140,
                    0.4224206805229187
                ],
                [
                    208,
                    125,
                    0.5206416249275208
                ],
                [
                    216,
                    148,
                    0.03301497548818588
                ],
                [
                    136,
                    148,
                    0.14194582402706146
                ],
                [
                    144,
                    156,
                    0.028341470286250114
                ],
                [
                    312,
                    172,
                    0.024855099618434906
                ],
                [
                    88,
                    156,
                    0.023621927946805954
                ],
                [
                    296,
                    0,
                    0.02586449682712555
                ],
                [
                    40,
                    172,
                    0.010867930948734283
                ],
                [
                    312,
                    172,
                    0.015557943843305111
                ],
                [
                    136,
                    101,
                    0.2773471474647522
                ],
                [
                    152,
                    101,
                    0.294516921043396
                ],
                [
                    120,
                    62,
                    0.44258639216423035
                ],
                [
                    120,
                    62,
                    0.18396200239658356
                ],
                [
                    296,
                    164,
                    1.00701105594635
                ]
            ]
        },
        {
            "frame_index": 9,
            "id": 9,
            "person_id": null,
            "keypoints": [
                [
                    144,
                    109,
                    0.265333890914917
                ],
                [
                    152,
                    125,
                    0.40622472763061523
                ],
                [
                    88,
                    133,
                    0.36514583230018616
                ],
                [
                    136,
                    156,
                    0.0217242781072855
                ],
                [
                    144,
                    140,
                    0.38452714681625366
                ],
                [
                    208,
                    117,
                    0.5332586169242859
                ],
                [
                    216,
                    148,
                    0.034352220594882965
                ],
                [
                    136,
                    140,
                    0.14786213636398315
                ],
                [
                    144,
                    156,
                    0.029359737411141396
                ],
                [
                    312,
                    172,
                    0.026950422674417496
                ],
                [
                    280,
                    156,
                    0.02424149215221405
                ],
                [
                    296,
                    0,
                    0.024308137595653534
                ],
                [
                    40,
                    172,
                    0.010961897671222687
                ],
                [
                    312,
                    172,
                    0.01654738560318947
                ],
                [
                    144,
                    101,
                    0.17049989104270935
                ],
                [
                    160,
                    101,
                    0.29608404636383057
                ],
                [
                    120,
                    62,
                    0.5243970155715942
                ],
                [
                    176,
                    78,
                    0.1902172714471817
                ],
                [
                    304,
                    0,
                    1.0034079551696777
                ]
            ]
        },
        {
            "frame_index": 10,
            "id": 10,
            "person_id": null,
            "keypoints": [
                [
                    152,
                    70,
                    0.1600736528635025
                ],
                [
                    144,
                    117,
                    0.5368565320968628
                ],
                [
                    80,
                    133,
                    0.3462652862071991
                ],
                [
                    80,
                    148,
                    0.015411749482154846
                ],
                [
                    128,
                    140,
                    0.2740855813026428
                ],
                [
                    208,
                    125,
                    0.5471159219741821
                ],
                [
                    216,
                    148,
                    0.03094821609556675
                ],
                [
                    128,
                    140,
                    0.28986799716949463
                ],
                [
                    128,
                    156,
                    0.030185695737600327
                ],
                [
                    312,
                    172,
                    0.027535639703273773
                ],
                [
                    280,
                    156,
                    0.0222647562623024
                ],
                [
                    296,
                    0,
                    0.026674050837755203
                ],
                [
                    152,
                    39,
                    0.01487678848206997
                ],
                [
                    312,
                    164,
                    0.017566118389368057
                ],
                [
                    144,
                    62,
                    0.14549647271633148
                ],
                [
                    168,
                    62,
                    0.16434022784233093
                ],
                [
                    112,
                    62,
                    0.7408594489097595
                ],
                [
                    192,
                    70,
                    0.34737324714660645
                ],
                [
                    304,
                    0,
                    1.0069842338562012
                ]
            ]
        },
        {
            "frame_index": 11,
            "id": 11,
            "person_id": null,
            "keypoints": [
                [
                    120,
                    62,
                    0.15348172187805176
                ],
                [
                    152,
                    125,
                    0.36652901768684387
                ],
                [
                    88,
                    140,
                    0.3550174832344055
                ],
                [
                    136,
                    156,
                    0.020223934203386307
                ],
                [
                    144,
                    140,
                    0.41416269540786743
                ],
                [
                    208,
                    125,
                    0.5145137906074524
                ],
                [
                    216,
                    148,
                    0.03420870751142502
                ],
                [
                    136,
                    148,
                    0.1312238872051239
                ],
                [
                    136,
                    156,
                    0.027941036969423294
                ],
                [
                    312,
                    172,
                    0.0268804132938385
                ],
                [
                    280,
                    156,
                    0.02496970258653164
                ],
                [
                    296,
                    0,
                    0.02690212056040764
                ],
                [
                    312,
                    70,
                    0.010903122834861279
                ],
                [
                    312,
                    172,
                    0.0170819740742445
                ],
                [
                    128,
                    62,
                    0.07090584933757782
                ],
                [
                    120,
                    62,
                    0.14255820214748383
                ],
                [
                    120,
                    62,
                    0.4858747124671936
                ],
                [
                    120,
                    62,
                    0.23700906336307526
                ],
                [
                    304,
                    0,
                    1.001946210861206
                ]
            ]
        },
        {
            "frame_index": 12,
            "id": 12,
            "person_id": null,
            "keypoints": [
                [
                    120,
                    54,
                    0.07591169327497482
                ],
                [
                    152,
                    117,
                    0.37913355231285095
                ],
                [
                    88,
                    133,
                    0.39437609910964966
                ],
                [
                    136,
                    156,
                    0.017589490860700607
                ],
                [
                    144,
                    140,
                    0.41578635573387146
                ],
                [
                    208,
                    117,
                    0.5225533246994019
                ],
                [
                    224,
                    148,
                    0.039900682866573334
                ],
                [
                    136,
                    148,
                    0.13454598188400269
                ],
                [
                    144,
                    156,
                    0.027374867349863052
                ],
                [
                    312,
                    172,
                    0.02718432992696762
                ],
                [
                    280,
                    156,
                    0.02196296490728855
                ],
                [
                    256,
                    7,
                    0.03074026107788086
                ],
                [
                    112,
                    54,
                    0.011664919555187225
                ],
                [
                    312,
                    172,
                    0.01831175573170185
                ],
                [
                    128,
                    54,
                    0.044339895248413086
                ],
                [
                    120,
                    54,
                    0.048093296587467194
                ],
                [
                    120,
                    54,
                    0.579104483127594
                ],
                [
                    120,
                    54,
                    0.15153181552886963
                ],
                [
                    304,
                    0,
                    1.0017030239105225
                ]
            ]
        }
    ],
    "category_id": 10
}