{
    "info": {
        "video_name": "10_121",
        "resolution": [
            320,
            180
        ],
        "num_frame": 13,
        "num_keypoints": 18,
        "keypoint_channels": [
            "x",
            "y",
            "score"
        ],
        "version": "1.0"
    },
    "annotations": [
        {
            "frame_index": 0,
            "id": 0,
            "person_id": null,
            "keypoints": [
                [
                    184,
                    70,
                    0.024576881900429726
                ],
                [
                    160,
                    109,
                    0.1963040828704834
                ],
                [
                    120,
                    109,
                    0.34204888343811035
                ],
                [
                    112,
                    148,
                    0.07017167657613754
                ],
                [
                    152,
                    117,
                    0.4866245985031128
                ],
                [
                    128,
                    109,
                    0.09338274598121643
                ],
                [
                    312,
                    172,
                    0.023746734485030174
                ],
                [
                    160,
                    109,
                    0.1137302815914154
                ],
                [
                    120,
                    172,
                    0.025316206738352776
                ],
                [
                    312,
                    172,
                    0.029360972344875336
                ],
                [
                    296,
                    172,
                    0.019061505794525146
                ],
                [
                    296,
                    0,
                    0.0243288092315197
                ],
                [
                    296,
                    172,
                    0.02655743807554245
                ],
                [
                    312,
                    164,
                    0.02719612419605255
                ],
                [
                    176,
                    70,
                    0.040770113468170166
                ],
                [
                    184,
                    70,
                    0.053062185645103455
                ],
                [
                    136,
                    70,
                    0.265840619802475
                ],
                [
                    192,
                    70,
                    0.1470286101102829
                ],
                [
                    304,
                    0,
                    1.0105795860290527
                ]
            ]
        },
        {
            "frame_index": 1,
            "id": 1,
            "person_id": null,
            "keypoints": [
                [
                    296,
                    0,
                    0.020035138353705406
                ],
                [
                    160,
                    109,
                    0.1594441533088684
                ],
                [
                    120,
                    109,
                    0.35904499888420105
                ],
                [
                    160,
                    62,
                    0.12892834842205048
                ],
                [
                    152,
                    117,
                    0.4918115437030792
                ],
                [
                    128,
                    109,
                    0.08810718357563019
                ],
                [
                    312,
                    172,
                    0.023680025711655617
                ],
                [
                    160,
                    109,
                    0.10221672058105469
                ],
                [
                    160,
                    101,
                    0.03439418226480484
                ],
                [
                    216,
                    101,
                    0.03201659396290779
                ],
                [
                    296,
                    172,
                    0.019359905272722244
                ],
                [
                    200,
                    101,
                    0.03854748606681824
                ],
                [
                    216,
                    109,
                    0.04661128297448158
                ],
                [
                    312,
                    164,
                    0.026466669514775276
                ],
                [
                    312,
                    7,
                    0.019533509388566017
                ],
                [
                    184,
                    62,
                    0.01771846041083336
                ],
                [
                    136,
                    70,
                    0.16078689694404602
                ],
                [
                    136,
                    62,
                    0.04898989573121071
                ],
                [
                    304,
                    0,
                    1.0105738639831543
                ]
            ]
        },
        {
            "frame_index": 2,
            "id": 2,
            "person_id": null,
            "keypoints": [
                [
                    296,
                    0,
                    0.021006545051932335
                ],
                [
                    152,
                    117,
                    0.11936502158641815
                ],
                [
                    120,
                    109,
                    0.3978874087333679
                ],
                [
                    160,
                    62,
                    0.09228815138339996
                ],
                [
                    152,
                    117,
                    0.5509592890739441
                ],
                [
                    168,
                    109,
                    0.06373381614685059
                ],
                [
                    160,
                    93,
                    0.031792305409908295
                ],
                [
                    160,
                    109,
                    0.10029586404561996
                ],
                [
                    192,
                    109,
                    0.035755086690187454
                ],
                [
                    216,
                    109,
                    0.05499452352523804
                ],
                [
                    296,
                    172,
                    0.01967812329530716
                ],
                [
                    200,
                    101,
                    0.04760628938674927
                ],
                [
                    216,
                    109,
                    0.10808657109737396
                ],
                [
                    312,
                    164,
                    0.02602071315050125
                ],
                [
                    144,
                    70,
                    0.03272276744246483
                ],
                [
                    144,
                    70,
                    0.023591414093971252
                ],
                [
                    136,
                    70,
                    0.16630199551582336
                ],
                [
                    144,
                    70,
                    0.06571586430072784
                ],
                [
                    304,
                    0,
                    1.0095953941345215
                ]
            ]
        },
        {
            "frame_index": 3,
            "id": 3,
            "person_id": null,
            "keypoints": [
                [
                    296,
                    0,
                    0.021116644144058228
                ],
                [
                    152,
                    117,
                    0.13455156981945038
                ],
                [
                    120,
                    109,
                    0.3046562075614929
                ],
                [
                    160,
                    62,
                    0.06973439455032349
                ],
                [
                    160,
                    109,
                    0.41235458850860596
                ],
                [
                    128,
                    109,
                    0.09721791744232178
                ],
                [
                    312,
                    172,
                    0.023227034136652946
                ],
                [
                    160,
                    109,
                    0.13623830676078796
                ],
                [
                    152,
                    148,
                    0.030673567205667496
                ],
                [
                    216,
                    101,
                    0.03829829394817352
                ],
                [
                    296,
                    172,
                    0.019678562879562378
                ],
                [
                    200,
                    109,
                    0.027927018702030182
                ],
                [
                    216,
                    101,
                    0.029327955096960068
                ],
                [
                    312,
                    164,
                    0.026282165199518204
                ],
                [
                    144,
                    70,
                    0.025524144992232323
                ],
                [
                    304,
                    7,
                    0.01691174879670143
                ],
                [
                    136,
                    70,
                    0.14704900979995728
                ],
                [
                    136,
                    70,
                    0.047838617116212845
                ],
                [
                    304,
                    0,
                    1.009779453277588
                ]
            ]
        },
        {
            "frame_index": 4,
            "id": 4,
            "person_id": null,
            "keypoints": [
                [
                    176,
                    93,
                    0.03432738035917282
                ],
                [
                    168,
                    109,
                    0.27225831151008606
                ],
                [
                    120,
                    117,
                    0.4940989911556244
                ],
                [
                    112,
                    148,
                    0.09983208775520325
                ],
                [
                    152,
                    117,
                    0.6379303336143494
                ],
                [
                    200,
                    109,
                    0.2115596979856491
                ],
                [
                    160,
                    93,
                    0.022675519809126854
                ],
                [
                    168,
                    109,
                    0.0520874559879303
                ],
                [
                    120,
                    172,
                    0.033127546310424805
                ],
                [
                    312,
                    172,
                    0.029683850705623627
                ],
                [
                    296,
                    172,
                    0.02010527066886425
                ],
                [
                    296,
                    0,
                    0.027835827320814133
                ],
                [
                    216,
                    109,
                    0.05393500253558159
                ],
                [
                    312,
                    164,
                    0.026345834136009216
                ],
                [
                    144,
                    70,
                    0.029576892033219337
                ],
                [
                    184,
                    70,
                    0.021108711138367653
                ],
                [
                    136,
                    70,
                    0.2442770004272461
                ],
                [
                    184,
                    78,
                    0.07846896350383759
                ],
                [
                    304,
                    0,
                    1.0029237270355225
                ]
            ]
        },
        {
            "frame_index": 5,
            "id": 5,
            "person_id": null,
            "keypoints": [
                [
                    184,
                    62,
                    0.02321236953139305
                ],
                [
                    168,
                    117,
                    0.13882286846637726
                ],
                [
                    120,
                    109,
                    0.20373277366161346
                ],
                [
                    112,
                    148,
                    0.04396677762269974
                ],
                [
                    152,
                    117,
                    0.4096577763557434
                ],
                [
                    128,
                    109,
                    0.05486898124217987
                ],
                [
                    312,
                    172,
                    0.023846132680773735
                ],
                [
                    160,
                    117,
                    0.08816403150558472
                ],
                [
                    120,
                    172,
                    0.023734239861369133
                ],
                [
                    312,
                    172,
                    0.028842434287071228
                ],
                [
                    296,
                    172,
                    0.0194624662399292
                ],
                [
                    296,
                    0,
                    0.023283889517188072
                ],
                [
                    296,
                    172,
                    0.027091126888990402
                ],
                [
                    312,
                    164,
                    0.026540366932749748
                ],
                [
                    176,
                    62,
                    0.03276805207133293
                ],
                [
                    184,
                    62,
                    0.04071059823036194
                ],
                [
                    136,
                    70,
                    0.05340173467993736
                ],
                [
                    200,
                    70,
                    0.22446434199810028
                ],
                [
                    304,
                    0,
                    1.0100514888763428
                ]
            ]
        },
        {
            "frame_index": 6,
            "id": 6,
            "person_id": null,
            "keypoints": [
                [
                    176,
                    62,
                    0.028537606820464134
                ],
                [
                    168,
                    117,
                    0.15327875316143036
                ],
                [
                    120,
                    117,
                    0.2300993949174881
                ],
                [
                    112,
                    148,
                    0.04504397138953209
                ],
                [
                    152,
                    117,
                    0.4181748628616333
                ],
                [
                    192,
                    117,
                    0.06146961450576782
                ],
                [
                    312,
                    172,
                    0.023836979642510414
                ],
                [
                    160,
                    109,
                    0.08990269154310226
                ],
                [
                    152,
                    148,
                    0.02415165677666664
                ],
                [
                    312,
                    172,
                    0.028833631426095963
                ],
                [
                    296,
                    172,
                    0.019451484084129333
                ],
                [
                    200,
                    109,
                    0.025778580456972122
                ],
                [
                    296,
                    172,
                    0.027088940143585205
                ],
                [
                    312,
                    164,
                    0.026557743549346924
                ],
                [
                    176,
                    62,
                    0.03990427032113075
                ],
                [
                    184,
                    62,
                    0.04913902282714844
                ],
                [
                    136,
                    70,
                    0.048679254949092865
                ],
                [
                    200,
                    70,
                    0.2817271053791046
                ],
                [
                    304,
                    0,
                    1.0104084014892578
                ]
            ]
        },
        {
            "frame_index": 7,
            "id": 7,
            "person_id": null,
            "keypoints": [
                [
                    176,
                    93,
                    0.12723709642887115
                ],
                [
                    168,
                    109,
                    0.3109964430332184
                ],
                [
                    128,
                    109,
                    0.4586224853992462
                ],
                [
                    112,
                    148,
                    0.09372419118881226
                ],
                [
                    152,
                    117,
                    0.6366917490959167
                ],
                [
                    200,
                    109,
                    0.18657119572162628
                ],
                [
                    168,
                    86,
                    0.05130533128976822
                ],
                [
                    160,
                    109,
                    0.0817987322807312
                ],
                [
                    120,
                    172,
                    0.029187502339482307
                ],
                [
                    208,
                    101,
                    0.04073793441057205
                ],
                [
                    296,
                    172,
                    0.01997704803943634
                ],
                [
                    192,
                    101,
                    0.034209735691547394
                ],
                [
                    216,
                    109,
                    0.21175439655780792
                ],
                [
                    312,
                    164,
                    0.025170017033815384
                ],
                [
                    168,
                    93,
                    0.12629054486751556
                ],
                [
                    176,
                    78,
                    0.10240533202886581
                ],
                [
                    144,
                    78,
                    0.23149731755256653
                ],
                [
                    184,
                    78,
                    0.1552707999944687
                ],
                [
                    304,
                    0,
                    1.0080708265304565
                ]
            ]
        },
        {
            "frame_index": 8,
            "id": 8,
            "person_id": null,
            "keypoints": [
                [
                    176,
                    93,
                    0.09497564285993576
                ],
                [
                    168,
                    109,
                    0.29919371008872986
                ],
                [
                    128,
                    109,
                    0.5160938501358032
                ],
                [
                    112,
                    148,
                    0.09107360243797302
                ],
                [
                    152,
                    117,
                    0.6005899906158447
                ],
                [
                    200,
                    109,
                    0.23764312267303467
                ],
                [
                    168,
                    93,
                    0.04654473811388016
                ],
                [
                    160,
                    109,
                    0.09480822086334229
                ],
                [
                    120,
                    172,
                    0.02829829230904579
                ],
                [
                    208,
                    101,
                    0.030435971915721893
                ],
                [
                    296,
                    172,
                    0.01946483552455902
                ],
                [
                    296,
                    0,
                    0.02235650084912777
                ],
                [
                    216,
                    109,
                    0.13384824991226196
                ],
                [
                    312,
                    164,
                    0.025612276047468185
                ],
                [
                    168,
                    93,
                    0.09480958431959152
                ],
                [
                    184,
                    70,
                    0.05159158259630203
                ],
                [
                    144,
                    78,
                    0.1464574635028839
                ],
                [
                    184,
                    78,
                    0.12021179497241974
                ],
                [
                    304,
                    0,
                    1.0111289024353027
                ]
            ]
        },
        {
            "frame_index": 9,
            "id": 9,
            "person_id": null,
            "keypoints": [
                [
                    296,
                    0,
                    0.018805084750056267
                ],
                [
                    160,
                    109,
                    0.12265408039093018
                ],
                [
                    120,
                    117,
                    0.43633899092674255
                ],
                [
                    160,
                    62,
                    0.10053662955760956
                ],
                [
                    152,
                    117,
                    0.5384562611579895
                ],
                [
                    200,
                    109,
                    0.10367730259895325
                ],
                [
                    160,
                    93,
                    0.022767847403883934
                ],
                [
                    168,
                    101,
                    0.10020902007818222
                ],
                [
                    120,
                    172,
                    0.027083517983555794
                ],
                [
                    312,
                    172,
                    0.029297299683094025
                ],
                [
                    296,
                    172,
                    0.020063988864421844
                ],
                [
                    200,
                    101,
                    0.025553863495588303
                ],
                [
                    216,
                    109,
                    0.08381308615207672
                ],
                [
                    312,
                    164,
                    0.026999060064554214
                ],
                [
                    144,
                    70,
                    0.020522329956293106
                ],
                [
                    184,
                    70,
                    0.01781468838453293
                ],
                [
                    136,
                    70,
                    0.2921972870826721
                ],
                [
                    136,
                    70,
                    0.07431505620479584
                ],
                [
                    304,
                    0,
                    1.0071460008621216
                ]
            ]
        },
        {
            "frame_index": 10,
            "id": 10,
            "person_id": null,
            "keypoints": [
                [
                    296,
                    0,
                    0.02158854901790619
                ],
                [
                    160,
                    117,
                    0.1327398717403412
                ],
                [
                    120,
                    117,
                    0.4168587028980255
                ],
                [
                    160,
                    62,
                    0.16856320202350616
                ],
                [
                    152,
                    117,
                    0.5802589058876038
                ],
                [
                    200,
                    109,
                    0.1399049609899521
                ],
                [
                    312,
                    172,
                    0.022173965349793434
                ],
                [
                    168,
                    109,
                    0.08711572736501694
                ],
                [
                    120,
                    172,
                    0.030934765934944153
                ],
                [
                    208,
                    109,
                    0.029974903911352158
                ],
                [
                    296,
                    172,
                    0.019860342144966125
                ],
                [
                    200,
                    93,
                    0.0316929928958416
                ],
                [
                    216,
                    109,
                    0.084623783826828
                ],
                [
                    312,
                    164,
                    0.02698127180337906
                ],
                [
                    144,
                    70,
                    0.029741434380412102
                ],
                [
                    184,
                    70,
                    0.01817670837044716
                ],
                [
                    136,
                    70,
                    0.14104515314102173
                ],
                [
                    136,
                    70,
                    0.07515957951545715
                ],
                [
                    304,
                    0,
                    1.0096369981765747
                ]
            ]
        },
        {
            "frame_index": 11,
            "id": 11,
            "person_id": null,
            "keypoints": [
                [
                    296,
                    0,
                    0.021822664886713028
                ],
                [
                    152,
                    117,
                    0.1020832359790802
                ],
                [
                    120,
                    117,
                    0.41237014532089233
                ],
                [
                    160,
                    62,
                    0.16068343818187714
                ],
                [
                    152,
                    117,
                    0.5593655109405518
                ],
                [
                    200,
                    109,
                    0.12634366750717163
                ],
                [
                    312,
                    172,
                    0.022890454158186913
                ],
                [
                    160,
                    109,
                    0.08823803812265396
                ],
                [
                    120,
                    172,
                    0.029490038752555847
                ],
                [
                    216,
                    101,
                    0.030266087502241135
                ],
                [
                    296,
                    172,
                    0.019849400967359543
                ],
                [
                    200,
                    93,
                    0.032657552510499954
                ],
                [
                    216,
                    109,
                    0.08165740966796875
                ],
                [
                    312,
                    164,
                    0.02625849097967148
                ],
                [
                    296,
                    0,
                    0.021102309226989746
                ],
                [
                    304,
                    7,
                    0.018195942044258118
                ],
                [
                    136,
                    70,
                    0.13142351806163788
                ],
                [
                    136,
                    70,
                    0.06686292588710785
                ],
                [
                    304,
                    0,
                    1.0104129314422607
                ]
            ]
        },
        {
            "frame_index": 12,
            "id": 12,
            "person_id": null,
            "keypoints": [
                [
                    296,
                    0,
                    0.021352237090468407
                ],
                [
                    152,
                    117,
                    0.108106330037117
                ],
                [
                    120,
                    109,
                    0.1907956302165985
                ],
                [
                    168,
                    109,
                    0.06252818554639816
                ],
                [
                    160,
                    109,
                    0.35165759921073914
                ],
                [
                    120,
                    109,
                    0.1463690847158432
                ],
                [
                    160,
                    109,
                    0.025083286687731743
                ],
                [
                    160,
                    109,
                    0.15799689292907715
                ],
                [
                    168,
                    133,
                    0.037993114441633224
                ],
                [
                    120,
                    109,
                    0.033262062817811966
                ],
                [
                    296,
                    172,
                    0.019847780466079712
                ],
                [
                    200,
                    101,
                    0.02971367910504341
                ],
                [
                    296,
                    172,
                    0.026927899569272995
                ],
                [
                    312,
                    164,
                    0.0260834451764822
                ],
                [
                    296,
                    0,
                    0.021255291998386383
                ],
                [
                    304,
                    7,
                    0.01792106218636036
                ],
                [
                    136,
                    70,
                    0.09905114769935608
                ],
                [
                    136,
                    70,
                    0.1203741729259491
                ],
                [
                    304,
                    0,
                    1.0109121799468994
                ]
            ]
        }
    ],
    "category_id": 10
}