{
    "info": {
        "video_name": "10_102",
        "resolution": [
            320,
            180
        ],
        "num_frame": 1,
        "num_keypoints": 18,
        "keypoint_channels": [
            "x",
            "y",
            "score"
        ],
        "version": "1.0"
    },
    "annotations": [
        {
            "frame_index": 0,
            "id": 0,
            "person_id": null,
            "keypoints": [
                [
                    144,
                    46,
                    0.21165268123149872
                ],
                [
                    152,
                    93,
                    0.614145040512085
                ],
                [
                    104,
                    101,
                    0.6738123297691345
                ],
                [
                    96,
                    156,
                    0.18097317218780518
                ],
                [
                    136,
                    117,
                    0.6999916434288025
                ],
                [
                    192,
                    93,
                    0.5669853091239929
                ],
                [
                    208,
                    148,
                    0.03530842065811157
                ],
                [
                    304,
                    7,
                    0.02841552533209324
                ],
                [
                    96,
                    172,
                    0.044443078339099884
                ],
                [
                    96,
                    164,
                    0.028178300708532333
                ],
                [
                    96,
                    164,
                    0.0193657074123621
                ],
                [
                    296,
                    0,
                    0.04142037406563759
                ],
                [
                    184,
                    46,
                    0.013516029343008995
                ],
                [
                    312,
                    172,
                    0.01283824723213911
                ],
                [
                    144,
                    46,
                    0.12116079032421112
                ],
                [
                    168,
                    46,
                    0.07815657556056976
                ],
                [
                    128,
                    54,
                    0.7143328785896301
                ],
                [
                    176,
                    54,
                    0.5128594636917114
                ],
                [
                    296,
                    164,
                    1.0286860466003418
                ]
            ]
        }
    ],
    "category_id": 10
}