{
    "info": {
        "video_name": "10_10",
        "resolution": [
            320,
            180
        ],
        "num_frame": 12,
        "num_keypoints": 18,
        "keypoint_channels": [
            "x",
            "y",
            "score"
        ],
        "version": "1.0"
    },
    "annotations": [
        {
            "frame_index": 0,
            "id": 0,
            "person_id": null,
            "keypoints": [
                [
                    144,
                    62,
                    0.3002188503742218
                ],
                [
                    160,
                    93,
                    0.6340413689613342
                ],
                [
                    112,
                    93,
                    0.6319600939750671
                ],
                [
                    120,
                    156,
                    0.2730826437473297
                ],
                [
                    144,
                    125,
                    0.5651814937591553
                ],
                [
                    200,
                    101,
                    0.5948202610015869
                ],
                [
                    192,
                    156,
                    0.20059147477149963
                ],
                [
                    160,
                    133,
                    0.40050163865089417
                ],
                [
                    120,
                    172,
                    0.08100496232509613
                ],
                [
                    312,
                    172,
                    0.03008323907852173
                ],
                [
                    120,
                    164,
                    0.03299397602677345
                ],
                [
                    192,
                    172,
                    0.10042992979288101
                ],
                [
                    200,
                    172,
                    0.03345371410250664
                ],
                [
                    312,
                    172,
                    0.021235156804323196
                ],
                [
                    144,
                    54,
                    0.311271607875824
                ],
                [
                    152,
                    54,
                    0.21711984276771545
                ],
                [
                    136,
                    62,
                    0.6349179148674011
                ],
                [
                    160,
                    54,
                    0.13070502877235413
                ],
                [
                    296,
                    164,
                    1.0247986316680908
                ]
            ]
        },
        {
            "frame_index": 1,
            "id": 1,
            "person_id": null,
            "keypoints": [
                [
                    144,
                    62,
                    0.3588380217552185
                ],
                [
                    160,
                    93,
                    0.6264729499816895
                ],
                [
                    120,
                    93,
                    0.6175061464309692
                ],
                [
                    120,
                    156,
                    0.2739570438861847
                ],
                [
                    144,
                    125,
                    0.5739915370941162
                ],
                [
                    200,
                    101,
                    0.5955800414085388
                ],
                [
                    192,
                    156,
                    0.19569768011569977
                ],
                [
                    160,
                    133,
                    0.41557982563972473
                ],
                [
                    120,
                    172,
                    0.08136570453643799
                ],
                [
                    312,
                    172,
                    0.029974814504384995
                ],
                [
                    120,
                    164,
                    0.03281230852007866
                ],
                [
                    192,
                    172,
                    0.0973457619547844
                ],
                [
                    200,
                    172,
                    0.031210806220769882
                ],
                [
                    312,
                    172,
                    0.02072944864630699
                ],
                [
                    144,
                    54,
                    0.35777273774147034
                ],
                [
                    144,
                    54,
                    0.300245076417923
                ],
                [
                    136,
                    62,
                    0.581692636013031
                ],
                [
                    160,
                    54,
                    0.16397304832935333
                ],
                [
                    296,
                    164,
                    1.0243428945541382
                ]
            ]
        },
        {
            "frame_index": 2,
            "id": 2,
            "person_id": null,
            "keypoints": [
                [
                    144,
                    70,
                    0.22388267517089844
                ],
                [
                    152,
                    93,
                    0.6292582750320435
                ],
                [
                    112,
                    93,
                    0.6171801686286926
                ],
                [
                    120,
                    156,
                    0.2722078561782837
                ],
                [
                    144,
                    117,
                    0.5391284823417664
                ],
                [
                    200,
                    101,
                    0.6118999123573303
                ],
                [
                    192,
                    156,
                    0.20058971643447876
                ],
                [
                    160,
                    125,
                    0.35550081729888916
                ],
                [
                    120,
                    172,
                    0.08095747232437134
                ],
                [
                    312,
                    172,
                    0.030065085738897324
                ],
                [
                    120,
                    164,
                    0.03491322323679924
                ],
                [
                    192,
                    172,
                    0.09805760532617569
                ],
                [
                    192,
                    172,
                    0.030863292515277863
                ],
                [
                    312,
                    172,
                    0.020988641306757927
                ],
                [
                    144,
                    62,
                    0.22916555404663086
                ],
                [
                    152,
                    70,
                    0.1836034208536148
                ],
                [
                    136,
                    62,
                    0.6465813517570496
                ],
                [
                    168,
                    70,
                    0.24050778150558472
                ],
                [
                    296,
                    164,
                    1.0256470441818237
                ]
            ]
        },
        {
            "frame_index": 3,
            "id": 3,
            "person_id": null,
            "keypoints": [
                [
                    136,
                    62,
                    0.2559977173805237
                ],
                [
                    152,
                    93,
                    0.6177149415016174
                ],
                [
                    112,
                    93,
                    0.6194801926612854
                ],
                [
                    120,
                    156,
                    0.2605516314506531
                ],
                [
                    144,
                    117,
                    0.5380440354347229
                ],
                [
                    200,
                    101,
                    0.6250521540641785
                ],
                [
                    192,
                    156,
                    0.20507366955280304
                ],
                [
                    160,
                    125,
                    0.37657439708709717
                ],
                [
                    120,
                    172,
                    0.08136723935604095
                ],
                [
                    312,
                    172,
                    0.028964687138795853
                ],
                [
                    120,
                    164,
                    0.03350657969713211
                ],
                [
                    192,
                    172,
                    0.10034358501434326
                ],
                [
                    192,
                    172,
                    0.030636243522167206
                ],
                [
                    312,
                    172,
                    0.020557887852191925
                ],
                [
                    136,
                    62,
                    0.23995202779769897
                ],
                [
                    136,
                    54,
                    0.20351968705654144
                ],
                [
                    136,
                    62,
                    0.48570290207862854
                ],
                [
                    168,
                    70,
                    0.2240307778120041
                ],
                [
                    296,
                    164,
                    1.024841547012329
                ]
            ]
        },
        {
            "frame_index": 4,
            "id": 4,
            "person_id": null,
            "keypoints": [
                [
                    144,
                    62,
                    0.24641403555870056
                ],
                [
                    152,
                    93,
                    0.6359960436820984
                ],
                [
                    112,
                    93,
                    0.6189766526222229
                ],
                [
                    120,
                    156,
                    0.2610665559768677
                ],
                [
                    144,
                    117,
                    0.5549660325050354
                ],
                [
                    200,
                    101,
                    0.6172928214073181
                ],
                [
                    192,
                    156,
                    0.20044982433319092
                ],
                [
                    160,
                    133,
                    0.39438483119010925
                ],
                [
                    120,
                    172,
                    0.08171704411506653
                ],
                [
                    312,
                    172,
                    0.030252739787101746
                ],
                [
                    120,
                    164,
                    0.0328645296394825
                ],
                [
                    192,
                    172,
                    0.09979381412267685
                ],
                [
                    200,
                    172,
                    0.03304417431354523
                ],
                [
                    312,
                    172,
                    0.021104611456394196
                ],
                [
                    144,
                    62,
                    0.23009800910949707
                ],
                [
                    152,
                    62,
                    0.18030144274234772
                ],
                [
                    136,
                    62,
                    0.5605008602142334
                ],
                [
                    168,
                    70,
                    0.24452459812164307
                ],
                [
                    296,
                    164,
                    1.0222586393356323
                ]
            ]
        },
        {
            "frame_index": 5,
            "id": 5,
            "person_id": null,
            "keypoints": [
                [
                    152,
                    78,
                    0.28086331486701965
                ],
                [
                    152,
                    93,
                    0.610331654548645
                ],
                [
                    112,
                    93,
                    0.6230463981628418
                ],
                [
                    120,
                    156,
                    0.26711663603782654
                ],
                [
                    144,
                    117,
                    0.5546351075172424
                ],
                [
                    200,
                    101,
                    0.6235187649726868
                ],
                [
                    192,
                    156,
                    0.1995018571615219
                ],
                [
                    160,
                    133,
                    0.3970511555671692
                ],
                [
                    120,
                    172,
                    0.08075283467769623
                ],
                [
                    312,
                    172,
                    0.030560694634914398
                ],
                [
                    120,
                    164,
                    0.033564817160367966
                ],
                [
                    192,
                    172,
                    0.10053016990423203
                ],
                [
                    200,
                    172,
                    0.033800482749938965
                ],
                [
                    312,
                    172,
                    0.02150755561888218
                ],
                [
                    152,
                    70,
                    0.23999987542629242
                ],
                [
                    160,
                    70,
                    0.19985750317573547
                ],
                [
                    136,
                    62,
                    0.6871420741081238
                ],
                [
                    176,
                    70,
                    0.22523868083953857
                ],
                [
                    296,
                    164,
                    1.0222841501235962
                ]
            ]
        },
        {
            "frame_index": 6,
            "id": 6,
            "person_id": null,
            "keypoints": [
                [
                    152,
                    70,
                    0.22827865183353424
                ],
                [
                    152,
                    93,
                    0.619255006313324
                ],
                [
                    112,
                    93,
                    0.6240322589874268
                ],
                [
                    120,
                    156,
                    0.27151036262512207
                ],
                [
                    144,
                    125,
                    0.5629114508628845
                ],
                [
                    200,
                    101,
                    0.6171732544898987
                ],
                [
                    192,
                    156,
                    0.2014428824186325
                ],
                [
                    160,
                    133,
                    0.434932142496109
                ],
                [
                    120,
                    172,
                    0.08033515512943268
                ],
                [
                    312,
                    172,
                    0.029752831906080246
                ],
                [
                    120,
                    164,
                    0.03373723477125168
                ],
                [
                    192,
                    172,
                    0.10087209939956665
                ],
                [
                    200,
                    172,
                    0.03209167346358299
                ],
                [
                    312,
                    172,
                    0.02099669724702835
                ],
                [
                    144,
                    62,
                    0.21462100744247437
                ],
                [
                    152,
                    62,
                    0.13184767961502075
                ],
                [
                    136,
                    62,
                    0.6404259204864502
                ],
                [
                    168,
                    62,
                    0.20172101259231567
                ],
                [
                    296,
                    164,
                    1.0226863622665405
                ]
            ]
        },
        {
            "frame_index": 7,
            "id": 7,
            "person_id": null,
            "keypoints": [
                [
                    136,
                    62,
                    0.5861181616783142
                ],
                [
                    160,
                    93,
                    0.6213265061378479
                ],
                [
                    120,
                    93,
                    0.6078915596008301
                ],
                [
                    120,
                    156,
                    0.26734644174575806
                ],
                [
                    144,
                    125,
                    0.5739732980728149
                ],
                [
                    200,
                    101,
                    0.6339064240455627
                ],
                [
                    192,
                    156,
                    0.19627581536769867
                ],
                [
                    160,
                    133,
                    0.4098854064941406
                ],
                [
                    120,
                    172,
                    0.0781436413526535
                ],
                [
                    312,
                    172,
                    0.02925221621990204
                ],
                [
                    120,
                    164,
                    0.034990519285202026
                ],
                [
                    192,
                    172,
                    0.09693245589733124
                ],
                [
                    200,
                    172,
                    0.03137289360165596
                ],
                [
                    312,
                    172,
                    0.02042970433831215
                ],
                [
                    136,
                    54,
                    0.2740892767906189
                ],
                [
                    136,
                    54,
                    0.7399604916572571
                ],
                [
                    312,
                    140,
                    0.027476990595459938
                ],
                [
                    160,
                    54,
                    0.30907559394836426
                ],
                [
                    296,
                    164,
                    1.0248514413833618
                ]
            ]
        },
        {
            "frame_index": 8,
            "id": 8,
            "person_id": null,
            "keypoints": [
                [
                    144,
                    62,
                    0.35418701171875
                ],
                [
                    160,
                    93,
                    0.647560179233551
                ],
                [
                    112,
                    93,
                    0.619819700717926
                ],
                [
                    120,
                    156,
                    0.269648015499115
                ],
                [
                    144,
                    125,
                    0.5801384449005127
                ],
                [
                    200,
                    101,
                    0.5999847054481506
                ],
                [
                    192,
                    156,
                    0.19916856288909912
                ],
                [
                    160,
                    133,
                    0.4074477255344391
                ],
                [
                    120,
                    172,
                    0.07862834632396698
                ],
                [
                    312,
                    172,
                    0.029509074985980988
                ],
                [
                    120,
                    164,
                    0.03507276251912117
                ],
                [
                    192,
                    172,
                    0.09929122775793076
                ],
                [
                    200,
                    172,
                    0.03285354748368263
                ],
                [
                    312,
                    172,
                    0.0208703875541687
                ],
                [
                    144,
                    54,
                    0.33399179577827454
                ],
                [
                    144,
                    54,
                    0.2959384620189667
                ],
                [
                    136,
                    62,
                    0.5946961641311646
                ],
                [
                    160,
                    54,
                    0.1768026500940323
                ],
                [
                    296,
                    164,
                    1.0255087614059448
                ]
            ]
        },
        {
            "frame_index": 9,
            "id": 9,
            "person_id": null,
            "keypoints": [
                [
                    144,
                    86,
                    0.22118669748306274
                ],
                [
                    160,
                    93,
                    0.6015138626098633
                ],
                [
                    112,
                    93,
                    0.6191355586051941
                ],
                [
                    120,
                    156,
                    0.2339821755886078
                ],
                [
                    144,
                    125,
                    0.5102345943450928
                ],
                [
                    200,
                    101,
                    0.5781285166740417
                ],
                [
                    192,
                    156,
                    0.17260202765464783
                ],
                [
                    160,
                    125,
                    0.41074690222740173
                ],
                [
                    120,
                    172,
                    0.07844507694244385
                ],
                [
                    312,
                    172,
                    0.02776098996400833
                ],
                [
                    120,
                    164,
                    0.030573220923542976
                ],
                [
                    192,
                    172,
                    0.08199821412563324
                ],
                [
                    200,
                    172,
                    0.029322419315576553
                ],
                [
                    312,
                    172,
                    0.021122708916664124
                ],
                [
                    152,
                    78,
                    0.16297908127307892
                ],
                [
                    160,
                    86,
                    0.22190339863300323
                ],
                [
                    136,
                    62,
                    0.4006175398826599
                ],
                [
                    136,
                    54,
                    0.27849164605140686
                ],
                [
                    296,
                    164,
                    1.024139165878296
                ]
            ]
        },
        {
            "frame_index": 10,
            "id": 10,
            "person_id": null,
            "keypoints": [
                [
                    152,
                    62,
                    0.2975028455257416
                ],
                [
                    160,
                    93,
                    0.6236290335655212
                ],
                [
                    112,
                    93,
                    0.6228907108306885
                ],
                [
                    120,
                    156,
                    0.26296550035476685
                ],
                [
                    144,
                    117,
                    0.5060722827911377
                ],
                [
                    200,
                    101,
                    0.6225038170814514
                ],
                [
                    192,
                    156,
                    0.1805705577135086
                ],
                [
                    160,
                    125,
                    0.38798630237579346
                ],
                [
                    120,
                    172,
                    0.0850333720445633
                ],
                [
                    312,
                    172,
                    0.02796601504087448
                ],
                [
                    112,
                    164,
                    0.03525075688958168
                ],
                [
                    192,
                    172,
                    0.09079509973526001
                ],
                [
                    200,
                    172,
                    0.032421551644802094
                ],
                [
                    312,
                    172,
                    0.02008630894124508
                ],
                [
                    144,
                    54,
                    0.3643910586833954
                ],
                [
                    152,
                    54,
                    0.18431122601032257
                ],
                [
                    136,
                    62,
                    0.6656289100646973
                ],
                [
                    176,
                    62,
                    0.2921513617038727
                ],
                [
                    296,
                    164,
                    1.0211424827575684
                ]
            ]
        },
        {
            "frame_index": 11,
            "id": 11,
            "person_id": null,
            "keypoints": [
                [
                    152,
                    70,
                    0.24659641087055206
                ],
                [
                    152,
                    93,
                    0.6377103328704834
                ],
                [
                    112,
                    93,
                    0.6116026043891907
                ],
                [
                    120,
                    156,
                    0.26006999611854553
                ],
                [
                    144,
                    117,
                    0.5888864398002625
                ],
                [
                    200,
                    101,
                    0.60336834192276
                ],
                [
                    192,
                    156,
                    0.180436372756958
                ],
                [
                    160,
                    125,
                    0.35887596011161804
                ],
                [
                    120,
                    172,
                    0.08014702796936035
                ],
                [
                    312,
                    172,
                    0.02987942099571228
                ],
                [
                    120,
                    164,
                    0.035415612161159515
                ],
                [
                    192,
                    172,
                    0.09037850052118301
                ],
                [
                    192,
                    172,
                    0.0296756774187088
                ],
                [
                    312,
                    172,
                    0.02072789892554283
                ],
                [
                    144,
                    62,
                    0.2134363055229187
                ],
                [
                    160,
                    70,
                    0.19375497102737427
                ],
                [
                    136,
                    62,
                    0.7245264649391174
                ],
                [
                    176,
                    62,
                    0.2646543085575104
                ],
                [
                    296,
                    164,
                    1.0235249996185303
                ]
            ]
        }
    ],
    "category_id": 10
}