{
    "info": {
        "video_name": "10_152",
        "resolution": [
            320,
            180
        ],
        "num_frame": 9,
        "num_keypoints": 18,
        "keypoint_channels": [
            "x",
            "y",
            "score"
        ],
        "version": "1.0"
    },
    "annotations": [
        {
            "frame_index": 0,
            "id": 0,
            "person_id": null,
            "keypoints": [
                [
                    128,
                    70,
                    0.4128197133541107
                ],
                [
                    144,
                    125,
                    0.4063357412815094
                ],
                [
                    88,
                    133,
                    0.3514910340309143
                ],
                [
                    88,
                    148,
                    0.016446178779006004
                ],
                [
                    128,
                    140,
                    0.16837534308433533
                ],
                [
                    208,
                    125,
                    0.5408310294151306
                ],
                [
                    216,
                    148,
                    0.03437575697898865
                ],
                [
                    128,
                    140,
                    0.18496757745742798
                ],
                [
                    56,
                    172,
                    0.0258222296833992
                ],
                [
                    312,
                    172,
                    0.02501167356967926
                ],
                [
                    136,
                    156,
                    0.019033364951610565
                ],
                [
                    296,
                    0,
                    0.030762746930122375
                ],
                [
                    312,
                    70,
                    0.010969007387757301
                ],
                [
                    312,
                    172,
                    0.017871681600809097
                ],
                [
                    128,
                    70,
                    0.27524885535240173
                ],
                [
                    136,
                    62,
                    0.358195424079895
                ],
                [
                    112,
                    101,
                    0.022437158972024918
                ],
                [
                    176,
                    62,
                    0.7756012082099915
                ],
                [
                    304,
                    0,
                    1.0052413940429688
                ]
            ]
        },
        {
            "frame_index": 1,
            "id": 1,
            "person_id": null,
            "keypoints": [
                [
                    120,
                    78,
                    0.401807576417923
                ],
                [
                    144,
                    125,
                    0.4104655981063843
                ],
                [
                    88,
                    125,
                    0.42853087186813354
                ],
                [
                    88,
                    148,
                    0.023007137700915337
                ],
                [
                    128,
                    140,
                    0.18820668756961823
                ],
                [
                    208,
                    117,
                    0.5351510047912598
                ],
                [
                    216,
                    148,
                    0.031126273795962334
                ],
                [
                    128,
                    140,
                    0.20387953519821167
                ],
                [
                    56,
                    172,
                    0.026341620832681656
                ],
                [
                    312,
                    172,
                    0.026126712560653687
                ],
                [
                    280,
                    156,
                    0.02085653319954872
                ],
                [
                    296,
                    0,
                    0.03011522814631462
                ],
                [
                    312,
                    70,
                    0.010460755787789822
                ],
                [
                    312,
                    172,
                    0.016851697117090225
                ],
                [
                    120,
                    70,
                    0.2567517161369324
                ],
                [
                    136,
                    62,
                    0.37861213088035583
                ],
                [
                    112,
                    101,
                    0.11925112456083298
                ],
                [
                    176,
                    62,
                    0.802456259727478
                ],
                [
                    304,
                    0,
                    1.0066642761230469
                ]
            ]
        },
        {
            "frame_index": 2,
            "id": 2,
            "person_id": null,
            "keypoints": [
                [
                    128,
                    78,
                    0.09869855642318726
                ],
                [
                    144,
                    125,
                    0.38431602716445923
                ],
                [
                    88,
                    125,
                    0.3205691874027252
                ],
                [
                    88,
                    148,
                    0.017284201458096504
                ],
                [
                    128,
                    140,
                    0.15632754564285278
                ],
                [
                    208,
                    125,
                    0.532831072807312
                ],
                [
                    216,
                    148,
                    0.03217126429080963
                ],
                [
                    128,
                    140,
                    0.21481561660766602
                ],
                [
                    56,
                    172,
                    0.024617137387394905
                ],
                [
                    312,
                    172,
                    0.02484888955950737
                ],
                [
                    136,
                    156,
                    0.019591253250837326
                ],
                [
                    296,
                    0,
                    0.030803319066762924
                ],
                [
                    136,
                    125,
                    0.011803063564002514
                ],
                [
                    312,
                    172,
                    0.017011065036058426
                ],
                [
                    120,
                    109,
                    0.13233178853988647
                ],
                [
                    144,
                    62,
                    0.09374231845140457
                ],
                [
                    112,
                    109,
                    0.053765758872032166
                ],
                [
                    176,
                    62,
                    0.7650156617164612
                ],
                [
                    304,
                    0,
                    1.003493070602417
                ]
            ]
        },
        {
            "frame_index": 3,
            "id": 3,
            "person_id": null,
            "keypoints": [
                [
                    120,
                    78,
                    0.3695456087589264
                ],
                [
                    144,
                    125,
                    0.4043017625808716
                ],
                [
                    88,
                    125,
                    0.4240260422229767
                ],
                [
                    88,
                    148,
                    0.018711678683757782
                ],
                [
                    136,
                    140,
                    0.13928723335266113
                ],
                [
                    208,
                    125,
                    0.5246445536613464
                ],
                [
                    216,
                    148,
                    0.03680688887834549
                ],
                [
                    128,
                    140,
                    0.15175476670265198
                ],
                [
                    56,
                    172,
                    0.027134019881486893
                ],
                [
                    312,
                    172,
                    0.024569448083639145
                ],
                [
                    120,
                    156,
                    0.018106713891029358
                ],
                [
                    296,
                    0,
                    0.028915181756019592
                ],
                [
                    312,
                    70,
                    0.010979153215885162
                ],
                [
                    312,
                    172,
                    0.017003623768687248
                ],
                [
                    120,
                    70,
                    0.19062873721122742
                ],
                [
                    136,
                    62,
                    0.30693307518959045
                ],
                [
                    112,
                    101,
                    0.036568913608789444
                ],
                [
                    176,
                    62,
                    0.7978326678276062
                ],
                [
                    304,
                    0,
                    1.003010630607605
                ]
            ]
        },
        {
            "frame_index": 4,
            "id": 4,
            "person_id": null,
            "keypoints": [
                [
                    128,
                    70,
                    0.28032881021499634
                ],
                [
                    144,
                    125,
                    0.43136322498321533
                ],
                [
                    88,
                    125,
                    0.4355963170528412
                ],
                [
                    88,
                    148,
                    0.019920680671930313
                ],
                [
                    136,
                    140,
                    0.15543033182621002
                ],
                [
                    208,
                    117,
                    0.5351496338844299
                ],
                [
                    216,
                    148,
                    0.038060471415519714
                ],
                [
                    128,
                    140,
                    0.1791515052318573
                ],
                [
                    56,
                    172,
                    0.02653820812702179
                ],
                [
                    312,
                    172,
                    0.024331144988536835
                ],
                [
                    120,
                    156,
                    0.018073314800858498
                ],
                [
                    296,
                    0,
                    0.029254592955112457
                ],
                [
                    312,
                    70,
                    0.010785582475364208
                ],
                [
                    312,
                    172,
                    0.017868347465991974
                ],
                [
                    120,
                    70,
                    0.1508871614933014
                ],
                [
                    136,
                    62,
                    0.21466024219989777
                ],
                [
                    112,
                    101,
                    0.1442546546459198
                ],
                [
                    176,
                    62,
                    0.7745513916015625
                ],
                [
                    296,
                    164,
                    1.0047459602355957
                ]
            ]
        },
        {
            "frame_index": 5,
            "id": 5,
            "person_id": null,
            "keypoints": [
                [
                    120,
                    78,
                    0.3381996750831604
                ],
                [
                    144,
                    125,
                    0.39259785413742065
                ],
                [
                    88,
                    125,
                    0.4435693323612213
                ],
                [
                    88,
                    148,
                    0.016252510249614716
                ],
                [
                    128,
                    140,
                    0.14364707469940186
                ],
                [
                    208,
                    125,
                    0.5419373512268066
                ],
                [
                    216,
                    148,
                    0.0340377613902092
                ],
                [
                    128,
                    140,
                    0.15652339160442352
                ],
                [
                    56,
                    172,
                    0.026295246556401253
                ],
                [
                    312,
                    172,
                    0.02485223114490509
                ],
                [
                    136,
                    156,
                    0.018255069851875305
                ],
                [
                    256,
                    7,
                    0.032327357679605484
                ],
                [
                    312,
                    70,
                    0.010634100995957851
                ],
                [
                    312,
                    172,
                    0.017813721671700478
                ],
                [
                    120,
                    70,
                    0.20860061049461365
                ],
                [
                    136,
                    62,
                    0.280003160238266
                ],
                [
                    112,
                    109,
                    0.0235104002058506
                ],
                [
                    176,
                    62,
                    0.7664273381233215
                ],
                [
                    304,
                    0,
                    1.0053398609161377
                ]
            ]
        },
        {
            "frame_index": 6,
            "id": 6,
            "person_id": null,
            "keypoints": [
                [
                    296,
                    0,
                    0.024703701958060265
                ],
                [
                    152,
                    125,
                    0.3422965109348297
                ],
                [
                    104,
                    117,
                    0.12528091669082642
                ],
                [
                    88,
                    133,
                    0.01743660308420658
                ],
                [
                    128,
                    140,
                    0.05787825584411621
                ],
                [
                    208,
                    125,
                    0.49409544467926025
                ],
                [
                    216,
                    148,
                    0.03544928878545761
                ],
                [
                    128,
                    140,
                    0.16411590576171875
                ],
                [
                    128,
                    156,
                    0.024777168408036232
                ],
                [
                    312,
                    172,
                    0.02510688826441765
                ],
                [
                    280,
                    156,
                    0.017674017697572708
                ],
                [
                    256,
                    7,
                    0.03403767943382263
                ],
                [
                    80,
                    125,
                    0.010395982302725315
                ],
                [
                    312,
                    172,
                    0.016978487372398376
                ],
                [
                    128,
                    109,
                    0.03353069722652435
                ],
                [
                    144,
                    62,
                    0.03274103254079819
                ],
                [
                    112,
                    101,
                    0.014075636863708496
                ],
                [
                    168,
                    62,
                    0.7235662341117859
                ],
                [
                    304,
                    0,
                    1.0016863346099854
                ]
            ]
        },
        {
            "frame_index": 7,
            "id": 7,
            "person_id": null,
            "keypoints": [
                [
                    120,
                    78,
                    0.0940602719783783
                ],
                [
                    144,
                    125,
                    0.40011104941368103
                ],
                [
                    88,
                    125,
                    0.435852587223053
                ],
                [
                    80,
                    148,
                    0.01920122466981411
                ],
                [
                    128,
                    140,
                    0.0978810265660286
                ],
                [
                    208,
                    125,
                    0.5128045082092285
                ],
                [
                    216,
                    148,
                    0.032414838671684265
                ],
                [
                    128,
                    140,
                    0.17018239200115204
                ],
                [
                    128,
                    156,
                    0.0253067035228014
                ],
                [
                    312,
                    172,
                    0.024985477328300476
                ],
                [
                    136,
                    156,
                    0.02029920369386673
                ],
                [
                    256,
                    7,
                    0.030221104621887207
                ],
                [
                    40,
                    172,
                    0.010599232278764248
                ],
                [
                    312,
                    172,
                    0.017865318804979324
                ],
                [
                    128,
                    70,
                    0.037440404295921326
                ],
                [
                    136,
                    70,
                    0.04401236027479172
                ],
                [
                    112,
                    101,
                    0.04992007464170456
                ],
                [
                    176,
                    62,
                    0.7610962986946106
                ],
                [
                    304,
                    54,
                    1.0028609037399292
                ]
            ]
        },
        {
            "frame_index": 8,
            "id": 8,
            "person_id": null,
            "keypoints": [
                [
                    120,
                    78,
                    0.22396838665008545
                ],
                [
                    144,
                    125,
                    0.4217521548271179
                ],
                [
                    88,
                    125,
                    0.4138220250606537
                ],
                [
                    80,
                    148,
                    0.01935974881052971
                ],
                [
                    128,
                    140,
                    0.0834566131234169
                ],
                [
                    208,
                    117,
                    0.5261302590370178
                ],
                [
                    216,
                    148,
                    0.035423509776592255
                ],
                [
                    128,
                    140,
                    0.19360686838626862
                ],
                [
                    128,
                    156,
                    0.027529265731573105
                ],
                [
                    312,
                    172,
                    0.023494280874729156
                ],
                [
                    136,
                    156,
                    0.01945650950074196
                ],
                [
                    256,
                    7,
                    0.029819324612617493
                ],
                [
                    136,
                    125,
                    0.011011947877705097
                ],
                [
                    312,
                    172,
                    0.016892744228243828
                ],
                [
                    120,
                    70,
                    0.10770373046398163
                ],
                [
                    136,
                    62,
                    0.21852527558803558
                ],
                [
                    112,
                    101,
                    0.020062025636434555
                ],
                [
                    176,
                    62,
                    0.794596791267395
                ],
                [
                    296,
                    164,
                    1.0054175853729248
                ]
            ]
        }
    ],
    "category_id": 10
}