{
    "info": {
        "video_name": "1_0",
        "resolution": [
            320,
            180
        ],
        "num_frame": 6,
        "num_keypoints": 18,
        "keypoint_channels": [
            "x",
            "y",
            "score"
        ],
        "version": "1.0"
    },
    "annotations": [
        {
            "frame_index": 0,
            "id": 0,
            "person_id": null,
            "keypoints": [
                [
                    168,
                    70,
                    0.1535263955593109
                ],
                [
                    160,
                    101,
                    0.6274484992027283
                ],
                [
                    112,
                    93,
                    0.6132561564445496
                ],
                [
                    96,
                    156,
                    0.32577240467071533
                ],
                [
                    224,
                    172,
                    0.03863758593797684
                ],
                [
                    208,
                    101,
                    0.424083411693573
                ],
                [
                    224,
                    156,
                    0.3763502240180969
                ],
                [
                    184,
                    101,
                    0.5992164611816406
                ],
                [
                    224,
                    172,
                    0.08071915805339813
                ],
                [
                    96,
                    164,
                    0.044061169028282166
                ],
                [
                    96,
                    164,
                    0.0380934402346611
                ],
                [
                    224,
                    172,
                    0.14325682818889618
                ],
                [
                    88,
                    156,
                    0.04390484094619751
                ],
                [
                    304,
                    172,
                    0.0157102532684803
                ],
                [
                    160,
                    62,
                    0.07109358161687851
                ],
                [
                    168,
                    78,
                    0.0620303675532341
                ],
                [
                    144,
                    62,
                    0.7081465721130371
                ],
                [
                    96,
                    164,
                    0.04573823884129524
                ],
                [
                    288,
                    172,
                    1.0087839365005493
                ]
            ]
        },
        {
            "frame_index": 1,
            "id": 1,
            "person_id": null,
            "keypoints": [
                [
                    160,
                    46,
                    0.4135951101779938
                ],
                [
                    168,
                    101,
                    0.6495156288146973
                ],
                [
                    112,
                    93,
                    0.5980910062789917
                ],
                [
                    96,
                    156,
                    0.3318743109703064
                ],
                [
                    224,
                    172,
                    0.03934863954782486
                ],
                [
                    208,
                    93,
                    0.6141146421432495
                ],
                [
                    224,
                    156,
                    0.3727213144302368
                ],
                [
                    184,
                    109,
                    0.6005339026451111
                ],
                [
                    224,
                    172,
                    0.08111658692359924
                ],
                [
                    96,
                    164,
                    0.04365649074316025
                ],
                [
                    96,
                    164,
                    0.038849182426929474
                ],
                [
                    224,
                    172,
                    0.14798124134540558
                ],
                [
                    88,
                    164,
                    0.043331120163202286
                ],
                [
                    312,
                    172,
                    0.016004065051674843
                ],
                [
                    152,
                    46,
                    0.2878662049770355
                ],
                [
                    168,
                    39,
                    0.2993521988391876
                ],
                [
                    136,
                    54,
                    0.7592812180519104
                ],
                [
                    184,
                    46,
                    0.3496822714805603
                ],
                [
                    288,
                    172,
                    1.009108543395996
                ]
            ]
        },
        {
            "frame_index": 2,
            "id": 2,
            "person_id": null,
            "keypoints": [
                [
                    168,
                    54,
                    0.4680508077144623
                ],
                [
                    168,
                    101,
                    0.6074355840682983
                ],
                [
                    112,
                    93,
                    0.6342526078224182
                ],
                [
                    96,
                    156,
                    0.3373890221118927
                ],
                [
                    224,
                    172,
                    0.03651632368564606
                ],
                [
                    208,
                    93,
                    0.5488943457603455
                ],
                [
                    224,
                    156,
                    0.37010499835014343
                ],
                [
                    184,
                    109,
                    0.689445972442627
                ],
                [
                    224,
                    172,
                    0.07993412017822266
                ],
                [
                    96,
                    164,
                    0.0433947890996933
                ],
                [
                    96,
                    164,
                    0.03829605504870415
                ],
                [
                    224,
                    172,
                    0.13985101878643036
                ],
                [
                    88,
                    164,
                    0.04281130060553551
                ],
                [
                    312,
                    172,
                    0.015898393467068672
                ],
                [
                    160,
                    46,
                    0.46337583661079407
                ],
                [
                    176,
                    46,
                    0.35774996876716614
                ],
                [
                    136,
                    54,
                    0.7858733534812927
                ],
                [
                    184,
                    54,
                    0.30726027488708496
                ],
                [
                    288,
                    172,
                    1.0075128078460693
                ]
            ]
        },
        {
            "frame_index": 3,
            "id": 3,
            "person_id": null,
            "keypoints": [
                [
                    168,
                    54,
                    0.12133076786994934
                ],
                [
                    160,
                    93,
                    0.6126803159713745
                ],
                [
                    112,
                    93,
                    0.6208165287971497
                ],
                [
                    96,
                    156,
                    0.3273896276950836
                ],
                [
                    224,
                    172,
                    0.03647702932357788
                ],
                [
                    208,
                    93,
                    0.49981197714805603
                ],
                [
                    224,
                    156,
                    0.29546812176704407
                ],
                [
                    184,
                    109,
                    0.6286213397979736
                ],
                [
                    224,
                    172,
                    0.07675112783908844
                ],
                [
                    96,
                    164,
                    0.044522471725940704
                ],
                [
                    96,
                    164,
                    0.03922432288527489
                ],
                [
                    224,
                    172,
                    0.13193722069263458
                ],
                [
                    88,
                    164,
                    0.043413445353507996
                ],
                [
                    304,
                    172,
                    0.015889376401901245
                ],
                [
                    160,
                    46,
                    0.09874126315116882
                ],
                [
                    176,
                    46,
                    0.0495113804936409
                ],
                [
                    136,
                    54,
                    0.694933295249939
                ],
                [
                    184,
                    46,
                    0.10535131394863129
                ],
                [
                    304,
                    0,
                    1.0078898668289185
                ]
            ]
        },
        {
            "frame_index": 4,
            "id": 4,
            "person_id": null,
            "keypoints": [
                [
                    176,
                    54,
                    0.5638281106948853
                ],
                [
                    160,
                    101,
                    0.6447831392288208
                ],
                [
                    112,
                    93,
                    0.6349618434906006
                ],
                [
                    96,
                    156,
                    0.32906922698020935
                ],
                [
                    224,
                    172,
                    0.0360700786113739
                ],
                [
                    208,
                    93,
                    0.4955809414386749
                ],
                [
                    224,
                    156,
                    0.33047008514404297
                ],
                [
                    184,
                    109,
                    0.6683706641197205
                ],
                [
                    224,
                    172,
                    0.08149103820323944
                ],
                [
                    96,
                    164,
                    0.04450629651546478
                ],
                [
                    96,
                    164,
                    0.038228388875722885
                ],
                [
                    224,
                    172,
                    0.1407787799835205
                ],
                [
                    88,
                    156,
                    0.04060354083776474
                ],
                [
                    224,
                    172,
                    0.017268594354391098
                ],
                [
                    168,
                    46,
                    0.5410719513893127
                ],
                [
                    176,
                    46,
                    0.4482475519180298
                ],
                [
                    136,
                    54,
                    0.8046693205833435
                ],
                [
                    184,
                    54,
                    0.22111855447292328
                ],
                [
                    288,
                    172,
                    1.0079147815704346
                ]
            ]
        },
        {
            "frame_index": 5,
            "id": 5,
            "person_id": null,
            "keypoints": [
                [
                    168,
                    46,
                    0.5161475539207458
                ],
                [
                    160,
                    93,
                    0.669542133808136
                ],
                [
                    112,
                    93,
                    0.6335999369621277
                ],
                [
                    96,
                    156,
                    0.34026187658309937
                ],
                [
                    224,
                    172,
                    0.0362057238817215
                ],
                [
                    208,
                    93,
                    0.6319241523742676
                ],
                [
                    224,
                    156,
                    0.35040995478630066
                ],
                [
                    184,
                    109,
                    0.6150782704353333
                ],
                [
                    224,
                    172,
                    0.07878608256578445
                ],
                [
                    96,
                    164,
                    0.04492847993969917
                ],
                [
                    96,
                    164,
                    0.038272738456726074
                ],
                [
                    224,
                    172,
                    0.13547901809215546
                ],
                [
                    88,
                    156,
                    0.04116117209196091
                ],
                [
                    304,
                    172,
                    0.016052182763814926
                ],
                [
                    160,
                    46,
                    0.41083475947380066
                ],
                [
                    176,
                    39,
                    0.42102760076522827
                ],
                [
                    136,
                    54,
                    0.7917349338531494
                ],
                [
                    184,
                    46,
                    0.3858141005039215
                ],
                [
                    288,
                    172,
                    1.0090322494506836
                ]
            ]
        }
    ],
    "category_id": 1
}