{
    "info": {
        "video_name": "1_10",
        "resolution": [
            320,
            180
        ],
        "num_frame": 3,
        "num_keypoints": 18,
        "keypoint_channels": [
            "x",
            "y",
            "score"
        ],
        "version": "1.0"
    },
    "annotations": [
        {
            "frame_index": 0,
            "id": 0,
            "person_id": null,
            "keypoints": [
                [
                    136,
                    31,
                    0.5893444418907166
                ],
                [
                    144,
                    86,
                    0.7201980948448181
                ],
                [
                    112,
                    86,
                    0.6694804430007935
                ],
                [
                    120,
                    148,
                    0.716314971446991
                ],
                [
                    128,
                    156,
                    0.05303044617176056
                ],
                [
                    176,
                    93,
                    0.7036539912223816
                ],
                [
                    184,
                    148,
                    0.5736352801322937
                ],
                [
                    192,
                    148,
                    0.05523844063282013
                ],
                [
                    136,
                    156,
                    0.14538776874542236
                ],
                [
                    128,
                    164,
                    0.04235183075070381
                ],
                [
                    0,
                    15,
                    0.023369401693344116
                ],
                [
                    152,
                    172,
                    0.11212589591741562
                ],
                [
                    136,
                    164,
                    0.03403904289007187
                ],
                [
                    128,
                    164,
                    0.018336623907089233
                ],
                [
                    136,
                    31,
                    0.3455573320388794
                ],
                [
                    152,
                    23,
                    0.5910564064979553
                ],
                [
                    128,
                    39,
                    0.09103225916624069
                ],
                [
                    168,
                    39,
                    0.5754098892211914
                ],
                [
                    304,
                    39,
                    1.0063738822937012
                ]
            ]
        },
        {
            "frame_index": 1,
            "id": 1,
            "person_id": null,
            "keypoints": [
                [
                    152,
                    70,
                    0.26764336228370667
                ],
                [
                    144,
                    86,
                    0.7194347977638245
                ],
                [
                    112,
                    86,
                    0.6645379662513733
                ],
                [
                    120,
                    148,
                    0.7256075143814087
                ],
                [
                    128,
                    156,
                    0.07315155863761902
                ],
                [
                    176,
                    93,
                    0.7031269073486328
                ],
                [
                    184,
                    148,
                    0.5978330969810486
                ],
                [
                    192,
                    148,
                    0.08693952113389969
                ],
                [
                    136,
                    164,
                    0.163380965590477
                ],
                [
                    128,
                    164,
                    0.04489508643746376
                ],
                [
                    0,
                    15,
                    0.023090705275535583
                ],
                [
                    160,
                    172,
                    0.1322963386774063
                ],
                [
                    136,
                    164,
                    0.036949459463357925
                ],
                [
                    128,
                    164,
                    0.022214669734239578
                ],
                [
                    144,
                    70,
                    0.25136372447013855
                ],
                [
                    152,
                    70,
                    0.2105226218700409
                ],
                [
                    136,
                    46,
                    0.44767633080482483
                ],
                [
                    168,
                    39,
                    0.226476788520813
                ],
                [
                    304,
                    39,
                    1.0064239501953125
                ]
            ]
        },
        {
            "frame_index": 2,
            "id": 2,
            "person_id": null,
            "keypoints": [
                [
                    136,
                    39,
                    0.6404289603233337
                ],
                [
                    144,
                    86,
                    0.720108151435852
                ],
                [
                    112,
                    86,
                    0.6523194909095764
                ],
                [
                    120,
                    148,
                    0.7245049476623535
                ],
                [
                    128,
                    156,
                    0.03962109982967377
                ],
                [
                    176,
                    93,
                    0.6839072704315186
                ],
                [
                    184,
                    148,
                    0.5404442548751831
                ],
                [
                    192,
                    148,
                    0.050571881234645844
                ],
                [
                    128,
                    156,
                    0.12648117542266846
                ],
                [
                    128,
                    164,
                    0.03806892782449722
                ],
                [
                    0,
                    15,
                    0.0234549418091774
                ],
                [
                    160,
                    172,
                    0.09598652273416519
                ],
                [
                    136,
                    164,
                    0.02540508657693863
                ],
                [
                    112,
                    164,
                    0.01563761942088604
                ],
                [
                    136,
                    31,
                    0.4828713536262512
                ],
                [
                    152,
                    23,
                    0.6496638059616089
                ],
                [
                    128,
                    39,
                    0.1993671953678131
                ],
                [
                    168,
                    39,
                    0.6168084144592285
                ],
                [
                    304,
                    39,
                    1.0061652660369873
                ]
            ]
        }
    ],
    "category_id": 1
}