{
    "info": {
        "video_name": "1_102",
        "resolution": [
            320,
            180
        ],
        "num_frame": 2,
        "num_keypoints": 18,
        "keypoint_channels": [
            "x",
            "y",
            "score"
        ],
        "version": "1.0"
    },
    "annotations": [
        {
            "frame_index": 0,
            "id": 0,
            "person_id": null,
            "keypoints": [
                [
                    152,
                    62,
                    0.8608725070953369
                ],
                [
                    160,
                    86,
                    0.7305110692977905
                ],
                [
                    120,
                    86,
                    0.641664445400238
                ],
                [
                    80,
                    148,
                    0.5540105104446411
                ],
                [
                    312,
                    125,
                    0.04491201043128967
                ],
                [
                    192,
                    86,
                    0.7219859957695007
                ],
                [
                    240,
                    148,
                    0.6700290441513062
                ],
                [
                    192,
                    148,
                    0.2732999622821808
                ],
                [
                    304,
                    140,
                    0.08148837834596634
                ],
                [
                    312,
                    140,
                    0.03575073182582855
                ],
                [
                    240,
                    156,
                    0.03161274641752243
                ],
                [
                    184,
                    156,
                    0.09016478806734085
                ],
                [
                    0,
                    148,
                    0.03141243755817413
                ],
                [
                    312,
                    172,
                    0.021426597610116005
                ],
                [
                    144,
                    54,
                    0.8032771348953247
                ],
                [
                    160,
                    54,
                    0.7989230751991272
                ],
                [
                    136,
                    62,
                    0.6595922708511353
                ],
                [
                    176,
                    46,
                    0.7577325701713562
                ],
                [
                    296,
                    164,
                    1.0166282653808594
                ]
            ]
        },
        {
            "frame_index": 1,
            "id": 1,
            "person_id": null,
            "keypoints": [
                [
                    152,
                    62,
                    0.8530585169792175
                ],
                [
                    160,
                    86,
                    0.7730011343955994
                ],
                [
                    128,
                    86,
                    0.645267903804779
                ],
                [
                    80,
                    148,
                    0.5630717277526855
                ],
                [
                    312,
                    125,
                    0.04474102705717087
                ],
                [
                    192,
                    86,
                    0.73794025182724
                ],
                [
                    240,
                    148,
                    0.6707574129104614
                ],
                [
                    192,
                    148,
                    0.4085366129875183
                ],
                [
                    304,
                    140,
                    0.0809604823589325
                ],
                [
                    312,
                    140,
                    0.035464320331811905
                ],
                [
                    240,
                    156,
                    0.035066068172454834
                ],
                [
                    184,
                    156,
                    0.10163203626871109
                ],
                [
                    0,
                    148,
                    0.031890347599983215
                ],
                [
                    312,
                    172,
                    0.02132953330874443
                ],
                [
                    144,
                    54,
                    0.8285101056098938
                ],
                [
                    160,
                    54,
                    0.8156582713127136
                ],
                [
                    136,
                    54,
                    0.5490644574165344
                ],
                [
                    176,
                    54,
                    0.8212822079658508
                ],
                [
                    296,
                    164,
                    1.0162439346313477
                ]
            ]
        }
    ],
    "category_id": 1
}