{
    "info": {
        "video_name": "1_105",
        "resolution": [
            320,
            180
        ],
        "num_frame": 3,
        "num_keypoints": 18,
        "keypoint_channels": [
            "x",
            "y",
            "score"
        ],
        "version": "1.0"
    },
    "annotations": [
        {
            "frame_index": 0,
            "id": 0,
            "person_id": null,
            "keypoints": [
                [
                    144,
                    86,
                    0.41111841797828674
                ],
                [
                    152,
                    86,
                    0.6471214890480042
                ],
                [
                    120,
                    86,
                    0.7136683464050293
                ],
                [
                    80,
                    140,
                    0.5328887104988098
                ],
                [
                    64,
                    148,
                    0.2871452569961548
                ],
                [
                    184,
                    86,
                    0.6158003211021423
                ],
                [
                    216,
                    133,
                    0.33577337861061096
                ],
                [
                    224,
                    148,
                    0.13704176247119904
                ],
                [
                    40,
                    156,
                    0.08470402657985687
                ],
                [
                    312,
                    140,
                    0.0347590409219265
                ],
                [
                    24,
                    156,
                    0.021386293694376945
                ],
                [
                    48,
                    172,
                    0.05260365083813667
                ],
                [
                    48,
                    164,
                    0.018484555184841156
                ],
                [
                    312,
                    172,
                    0.018414858728647232
                ],
                [
                    144,
                    78,
                    0.3954794704914093
                ],
                [
                    152,
                    78,
                    0.4655797481536865
                ],
                [
                    48,
                    125,
                    0.26312917470932007
                ],
                [
                    176,
                    46,
                    0.7285897731781006
                ],
                [
                    296,
                    164,
                    1.021718144416809
                ]
            ]
        },
        {
            "frame_index": 1,
            "id": 1,
            "person_id": null,
            "keypoints": [
                [
                    144,
                    78,
                    0.3449026346206665
                ],
                [
                    152,
                    86,
                    0.6756629347801208
                ],
                [
                    120,
                    86,
                    0.7084011435508728
                ],
                [
                    80,
                    140,
                    0.5402378439903259
                ],
                [
                    64,
                    148,
                    0.3303375542163849
                ],
                [
                    192,
                    86,
                    0.6825602650642395
                ],
                [
                    232,
                    148,
                    0.32977962493896484
                ],
                [
                    224,
                    148,
                    0.08101492375135422
                ],
                [
                    40,
                    156,
                    0.092272087931633
                ],
                [
                    312,
                    140,
                    0.03207213804125786
                ],
                [
                    24,
                    156,
                    0.023467108607292175
                ],
                [
                    184,
                    156,
                    0.06524862349033356
                ],
                [
                    32,
                    164,
                    0.020111609250307083
                ],
                [
                    312,
                    172,
                    0.018225524574518204
                ],
                [
                    48,
                    125,
                    0.3652738630771637
                ],
                [
                    56,
                    125,
                    0.349214106798172
                ],
                [
                    48,
                    125,
                    0.3317382335662842
                ],
                [
                    168,
                    46,
                    0.7655587792396545
                ],
                [
                    296,
                    164,
                    1.0223008394241333
                ]
            ]
        },
        {
            "frame_index": 2,
            "id": 2,
            "person_id": null,
            "keypoints": [
                [
                    56,
                    125,
                    0.3395698368549347
                ],
                [
                    152,
                    86,
                    0.7024084329605103
                ],
                [
                    120,
                    86,
                    0.6964483857154846
                ],
                [
                    80,
                    140,
                    0.542778491973877
                ],
                [
                    64,
                    148,
                    0.3475796580314636
                ],
                [
                    192,
                    86,
                    0.6400957703590393
                ],
                [
                    224,
                    140,
                    0.325712114572525
                ],
                [
                    224,
                    148,
                    0.10639438778162003
                ],
                [
                    40,
                    156,
                    0.09507142007350922
                ],
                [
                    312,
                    140,
                    0.03231656551361084
                ],
                [
                    24,
                    156,
                    0.023750141263008118
                ],
                [
                    184,
                    148,
                    0.09705215692520142
                ],
                [
                    32,
                    164,
                    0.021832814440131187
                ],
                [
                    56,
                    164,
                    0.018584270030260086
                ],
                [
                    48,
                    125,
                    0.3591538071632385
                ],
                [
                    56,
                    125,
                    0.3444557189941406
                ],
                [
                    48,
                    125,
                    0.3272359073162079
                ],
                [
                    168,
                    46,
                    0.757600724697113
                ],
                [
                    296,
                    164,
                    1.0225967168807983
                ]
            ]
        }
    ],
    "category_id": 1
}