{
    "info": {
        "video_name": "1_106",
        "resolution": [
            320,
            180
        ],
        "num_frame": 5,
        "num_keypoints": 18,
        "keypoint_channels": [
            "x",
            "y",
            "score"
        ],
        "version": "1.0"
    },
    "annotations": [
        {
            "frame_index": 0,
            "id": 0,
            "person_id": null,
            "keypoints": [
                [
                    136,
                    54,
                    0.23265604674816132
                ],
                [
                    152,
                    86,
                    0.7160477042198181
                ],
                [
                    120,
                    86,
                    0.6135678887367249
                ],
                [
                    72,
                    148,
                    0.5459554195404053
                ],
                [
                    296,
                    140,
                    0.10122309625148773
                ],
                [
                    192,
                    93,
                    0.5918984413146973
                ],
                [
                    240,
                    148,
                    0.5422278642654419
                ],
                [
                    304,
                    140,
                    0.10726769268512726
                ],
                [
                    288,
                    140,
                    0.1445806920528412
                ],
                [
                    312,
                    156,
                    0.044263049960136414
                ],
                [
                    304,
                    156,
                    0.02745889686048031
                ],
                [
                    296,
                    140,
                    0.10509258508682251
                ],
                [
                    296,
                    148,
                    0.05303613096475601
                ],
                [
                    312,
                    172,
                    0.024378284811973572
                ],
                [
                    136,
                    46,
                    0.1926305592060089
                ],
                [
                    144,
                    46,
                    0.25400808453559875
                ],
                [
                    128,
                    54,
                    0.13065490126609802
                ],
                [
                    168,
                    46,
                    0.7543938755989075
                ],
                [
                    0,
                    0,
                    0.9967859983444214
                ]
            ]
        },
        {
            "frame_index": 1,
            "id": 1,
            "person_id": null,
            "keypoints": [
                [
                    144,
                    86,
                    0.4392470717430115
                ],
                [
                    160,
                    86,
                    0.5779054164886475
                ],
                [
                    120,
                    86,
                    0.6023604273796082
                ],
                [
                    64,
                    148,
                    0.4423932731151581
                ],
                [
                    96,
                    125,
                    0.18747660517692566
                ],
                [
                    192,
                    86,
                    0.5661492347717285
                ],
                [
                    248,
                    148,
                    0.5864014029502869
                ],
                [
                    184,
                    117,
                    0.4236866235733032
                ],
                [
                    288,
                    140,
                    0.18189720809459686
                ],
                [
                    288,
                    148,
                    0.05162252485752106
                ],
                [
                    240,
                    156,
                    0.02950403466820717
                ],
                [
                    296,
                    140,
                    0.13880416750907898
                ],
                [
                    296,
                    148,
                    0.07357750833034515
                ],
                [
                    296,
                    148,
                    0.03317144140601158
                ],
                [
                    144,
                    78,
                    0.47655636072158813
                ],
                [
                    152,
                    78,
                    0.5671069622039795
                ],
                [
                    128,
                    62,
                    0.09007546305656433
                ],
                [
                    168,
                    46,
                    0.622744619846344
                ],
                [
                    0,
                    0,
                    0.9966102242469788
                ]
            ]
        },
        {
            "frame_index": 2,
            "id": 2,
            "person_id": null,
            "keypoints": [
                [
                    144,
                    86,
                    0.37373483180999756
                ],
                [
                    160,
                    86,
                    0.5847655534744263
                ],
                [
                    120,
                    86,
                    0.578986644744873
                ],
                [
                    64,
                    148,
                    0.23126688599586487
                ],
                [
                    72,
                    140,
                    0.30571579933166504
                ],
                [
                    184,
                    86,
                    0.5880730152130127
                ],
                [
                    248,
                    148,
                    0.5776078701019287
                ],
                [
                    312,
                    140,
                    0.1088649332523346
                ],
                [
                    288,
                    140,
                    0.1836235374212265
                ],
                [
                    288,
                    148,
                    0.05267158895730972
                ],
                [
                    304,
                    156,
                    0.028656229376792908
                ],
                [
                    296,
                    140,
                    0.133744016289711
                ],
                [
                    296,
                    148,
                    0.06880132108926773
                ],
                [
                    296,
                    148,
                    0.03152523562312126
                ],
                [
                    144,
                    78,
                    0.33237433433532715
                ],
                [
                    152,
                    78,
                    0.43794769048690796
                ],
                [
                    136,
                    62,
                    0.06911900639533997
                ],
                [
                    176,
                    46,
                    0.5985825061798096
                ],
                [
                    0,
                    0,
                    0.996290922164917
                ]
            ]
        },
        {
            "frame_index": 3,
            "id": 3,
            "person_id": null,
            "keypoints": [
                [
                    136,
                    54,
                    0.4347969889640808
                ],
                [
                    160,
                    93,
                    0.6764890551567078
                ],
                [
                    112,
                    93,
                    0.575285792350769
                ],
                [
                    72,
                    148,
                    0.467237263917923
                ],
                [
                    296,
                    140,
                    0.13349752128124237
                ],
                [
                    200,
                    93,
                    0.5922362804412842
                ],
                [
                    240,
                    148,
                    0.5766578912734985
                ],
                [
                    304,
                    140,
                    0.12174062430858612
                ],
                [
                    288,
                    140,
                    0.2058550864458084
                ],
                [
                    288,
                    148,
                    0.07369120419025421
                ],
                [
                    288,
                    156,
                    0.03328574821352959
                ],
                [
                    296,
                    140,
                    0.16560512781143188
                ],
                [
                    296,
                    148,
                    0.0932169184088707
                ],
                [
                    296,
                    148,
                    0.04073384404182434
                ],
                [
                    128,
                    46,
                    0.22293563187122345
                ],
                [
                    144,
                    46,
                    0.3566834628582001
                ],
                [
                    288,
                    117,
                    0.06565509736537933
                ],
                [
                    168,
                    54,
                    0.7447986602783203
                ],
                [
                    0,
                    0,
                    0.9963032007217407
                ]
            ]
        },
        {
            "frame_index": 4,
            "id": 4,
            "person_id": null,
            "keypoints": [
                [
                    128,
                    54,
                    0.31074535846710205
                ],
                [
                    152,
                    93,
                    0.6780204772949219
                ],
                [
                    112,
                    93,
                    0.6344494819641113
                ],
                [
                    72,
                    148,
                    0.4712281823158264
                ],
                [
                    16,
                    140,
                    0.12606216967105865
                ],
                [
                    192,
                    93,
                    0.6253662109375
                ],
                [
                    240,
                    148,
                    0.5534543991088867
                ],
                [
                    304,
                    140,
                    0.11596497893333435
                ],
                [
                    288,
                    140,
                    0.19330543279647827
                ],
                [
                    288,
                    148,
                    0.06523237377405167
                ],
                [
                    304,
                    156,
                    0.03184057027101517
                ],
                [
                    296,
                    140,
                    0.1551418900489807
                ],
                [
                    296,
                    148,
                    0.08587648719549179
                ],
                [
                    296,
                    148,
                    0.0380440317094326
                ],
                [
                    128,
                    54,
                    0.15437257289886475
                ],
                [
                    144,
                    46,
                    0.2979154884815216
                ],
                [
                    24,
                    117,
                    0.09211918711662292
                ],
                [
                    168,
                    54,
                    0.8304925560951233
                ],
                [
                    0,
                    0,
                    0.9962937831878662
                ]
            ]
        }
    ],
    "category_id": 1
}