{
    "info": {
        "video_name": "1_111",
        "resolution": [
            320,
            180
        ],
        "num_frame": 6,
        "num_keypoints": 18,
        "keypoint_channels": [
            "x",
            "y",
            "score"
        ],
        "version": "1.0"
    },
    "annotations": [
        {
            "frame_index": 0,
            "id": 0,
            "person_id": null,
            "keypoints": [
                [
                    136,
                    70,
                    0.36592942476272583
                ],
                [
                    160,
                    101,
                    0.705838680267334
                ],
                [
                    120,
                    101,
                    0.5948074460029602
                ],
                [
                    88,
                    148,
                    0.2497369647026062
                ],
                [
                    296,
                    0,
                    0.03268101066350937
                ],
                [
                    200,
                    101,
                    0.6512114405632019
                ],
                [
                    224,
                    148,
                    0.18795396387577057
                ],
                [
                    304,
                    7,
                    0.03061460517346859
                ],
                [
                    232,
                    101,
                    0.04856931418180466
                ],
                [
                    304,
                    164,
                    0.03149338439106941
                ],
                [
                    88,
                    156,
                    0.019462794065475464
                ],
                [
                    304,
                    156,
                    0.04948052018880844
                ],
                [
                    312,
                    156,
                    0.023864809423685074
                ],
                [
                    312,
                    172,
                    0.020740844309329987
                ],
                [
                    128,
                    70,
                    0.250590443611145
                ],
                [
                    136,
                    62,
                    0.288814514875412
                ],
                [
                    128,
                    70,
                    0.11309359222650528
                ],
                [
                    176,
                    54,
                    0.6040428280830383
                ],
                [
                    0,
                    86,
                    0.9917372465133667
                ]
            ]
        },
        {
            "frame_index": 1,
            "id": 1,
            "person_id": null,
            "keypoints": [
                [
                    160,
                    70,
                    0.8969804048538208
                ],
                [
                    160,
                    93,
                    0.7434291839599609
                ],
                [
                    112,
                    101,
                    0.6315150260925293
                ],
                [
                    88,
                    148,
                    0.38931310176849365
                ],
                [
                    296,
                    0,
                    0.03267950564622879
                ],
                [
                    200,
                    101,
                    0.6673780679702759
                ],
                [
                    224,
                    148,
                    0.20624040067195892
                ],
                [
                    304,
                    7,
                    0.030540509149432182
                ],
                [
                    232,
                    172,
                    0.05112702399492264
                ],
                [
                    304,
                    164,
                    0.031508490443229675
                ],
                [
                    232,
                    164,
                    0.02131422609090805
                ],
                [
                    224,
                    172,
                    0.051316894590854645
                ],
                [
                    312,
                    156,
                    0.024164047092199326
                ],
                [
                    312,
                    172,
                    0.020707758143544197
                ],
                [
                    152,
                    62,
                    0.7847837805747986
                ],
                [
                    168,
                    62,
                    0.7097262740135193
                ],
                [
                    136,
                    62,
                    0.6462271809577942
                ],
                [
                    176,
                    54,
                    0.8198781609535217
                ],
                [
                    0,
                    86,
                    0.9918684959411621
                ]
            ]
        },
        {
            "frame_index": 2,
            "id": 2,
            "person_id": null,
            "keypoints": [
                [
                    160,
                    70,
                    0.8869989514350891
                ],
                [
                    160,
                    93,
                    0.7413569092750549
                ],
                [
                    112,
                    101,
                    0.6342608332633972
                ],
                [
                    88,
                    148,
                    0.32375821471214294
                ],
                [
                    296,
                    0,
                    0.03434106707572937
                ],
                [
                    200,
                    93,
                    0.6906710267066956
                ],
                [
                    224,
                    148,
                    0.17338703572750092
                ],
                [
                    304,
                    7,
                    0.030216580256819725
                ],
                [
                    232,
                    172,
                    0.05274464935064316
                ],
                [
                    304,
                    164,
                    0.0313701368868351
                ],
                [
                    0,
                    156,
                    0.021710600703954697
                ],
                [
                    232,
                    172,
                    0.05348695069551468
                ],
                [
                    312,
                    156,
                    0.02535456418991089
                ],
                [
                    312,
                    172,
                    0.020436495542526245
                ],
                [
                    152,
                    62,
                    0.7419441342353821
                ],
                [
                    168,
                    62,
                    0.7178584337234497
                ],
                [
                    136,
                    62,
                    0.6476411819458008
                ],
                [
                    176,
                    54,
                    0.8101874589920044
                ],
                [
                    0,
                    86,
                    0.9919087290763855
                ]
            ]
        },
        {
            "frame_index": 3,
            "id": 3,
            "person_id": null,
            "keypoints": [
                [
                    152,
                    70,
                    0.8886280059814453
                ],
                [
                    160,
                    93,
                    0.7486007213592529
                ],
                [
                    112,
                    101,
                    0.620330274105072
                ],
                [
                    88,
                    148,
                    0.3428190052509308
                ],
                [
                    296,
                    0,
                    0.033973246812820435
                ],
                [
                    200,
                    93,
                    0.6707665920257568
                ],
                [
                    224,
                    148,
                    0.23098136484622955
                ],
                [
                    304,
                    7,
                    0.03177347034215927
                ],
                [
                    232,
                    172,
                    0.053206246346235275
                ],
                [
                    304,
                    164,
                    0.03074534237384796
                ],
                [
                    0,
                    156,
                    0.02336239069700241
                ],
                [
                    232,
                    172,
                    0.056661248207092285
                ],
                [
                    312,
                    156,
                    0.024238545447587967
                ],
                [
                    312,
                    172,
                    0.019973672926425934
                ],
                [
                    144,
                    62,
                    0.832408607006073
                ],
                [
                    160,
                    62,
                    0.7715720534324646
                ],
                [
                    136,
                    62,
                    0.6143561601638794
                ],
                [
                    176,
                    54,
                    0.8701943159103394
                ],
                [
                    0,
                    86,
                    0.9918868541717529
                ]
            ]
        },
        {
            "frame_index": 4,
            "id": 4,
            "person_id": null,
            "keypoints": [
                [
                    152,
                    70,
                    0.8763236999511719
                ],
                [
                    160,
                    93,
                    0.7523617744445801
                ],
                [
                    120,
                    93,
                    0.5972760319709778
                ],
                [
                    88,
                    148,
                    0.42336857318878174
                ],
                [
                    296,
                    0,
                    0.03398572653532028
                ],
                [
                    200,
                    93,
                    0.6929319500923157
                ],
                [
                    224,
                    148,
                    0.2514737546443939
                ],
                [
                    304,
                    7,
                    0.03159607946872711
                ],
                [
                    232,
                    172,
                    0.05172184109687805
                ],
                [
                    304,
                    164,
                    0.03082168474793434
                ],
                [
                    0,
                    156,
                    0.022638846188783646
                ],
                [
                    232,
                    172,
                    0.051434654742479324
                ],
                [
                    312,
                    156,
                    0.024792734533548355
                ],
                [
                    312,
                    172,
                    0.020141318440437317
                ],
                [
                    144,
                    62,
                    0.816871702671051
                ],
                [
                    160,
                    62,
                    0.7581591010093689
                ],
                [
                    136,
                    62,
                    0.6217028498649597
                ],
                [
                    176,
                    54,
                    0.8544901013374329
                ],
                [
                    0,
                    86,
                    0.9918261766433716
                ]
            ]
        },
        {
            "frame_index": 5,
            "id": 5,
            "person_id": null,
            "keypoints": [
                [
                    152,
                    70,
                    0.883317232131958
                ],
                [
                    160,
                    93,
                    0.7184270620346069
                ],
                [
                    120,
                    101,
                    0.6259016990661621
                ],
                [
                    88,
                    148,
                    0.39248260855674744
                ],
                [
                    296,
                    0,
                    0.03378969430923462
                ],
                [
                    200,
                    101,
                    0.6538533568382263
                ],
                [
                    224,
                    148,
                    0.2628629207611084
                ],
                [
                    304,
                    7,
                    0.03154416382312775
                ],
                [
                    232,
                    172,
                    0.0510159507393837
                ],
                [
                    304,
                    164,
                    0.03054630756378174
                ],
                [
                    0,
                    156,
                    0.023389000445604324
                ],
                [
                    224,
                    172,
                    0.054196346551179886
                ],
                [
                    312,
                    156,
                    0.024433385580778122
                ],
                [
                    312,
                    172,
                    0.02005057781934738
                ],
                [
                    144,
                    62,
                    0.8290377259254456
                ],
                [
                    160,
                    62,
                    0.7846249938011169
                ],
                [
                    136,
                    62,
                    0.6029723286628723
                ],
                [
                    176,
                    54,
                    0.8741691708564758
                ],
                [
                    312,
                    117,
                    0.9925916194915771
                ]
            ]
        }
    ],
    "category_id": 1
}