{
    "info": {
        "video_name": "1_116",
        "resolution": [
            320,
            180
        ],
        "num_frame": 3,
        "num_keypoints": 18,
        "keypoint_channels": [
            "x",
            "y",
            "score"
        ],
        "version": "1.0"
    },
    "annotations": [
        {
            "frame_index": 0,
            "id": 0,
            "person_id": null,
            "keypoints": [
                [
                    144,
                    70,
                    0.8602484464645386
                ],
                [
                    152,
                    93,
                    0.6324291825294495
                ],
                [
                    104,
                    93,
                    0.6364798545837402
                ],
                [
                    72,
                    148,
                    0.26319846510887146
                ],
                [
                    296,
                    0,
                    0.04025236517190933
                ],
                [
                    192,
                    101,
                    0.6378987431526184
                ],
                [
                    232,
                    148,
                    0.1603914350271225
                ],
                [
                    176,
                    133,
                    0.07929516583681107
                ],
                [
                    56,
                    172,
                    0.05698578059673309
                ],
                [
                    312,
                    156,
                    0.036259375512599945
                ],
                [
                    304,
                    156,
                    0.027259865775704384
                ],
                [
                    304,
                    156,
                    0.07209951430559158
                ],
                [
                    312,
                    156,
                    0.03322017192840576
                ],
                [
                    312,
                    172,
                    0.023822976276278496
                ],
                [
                    136,
                    62,
                    0.7511789202690125
                ],
                [
                    144,
                    62,
                    0.7483260631561279
                ],
                [
                    120,
                    62,
                    0.523350715637207
                ],
                [
                    168,
                    54,
                    0.8648877143859863
                ],
                [
                    0,
                    86,
                    0.9922547340393066
                ]
            ]
        },
        {
            "frame_index": 1,
            "id": 1,
            "person_id": null,
            "keypoints": [
                [
                    136,
                    70,
                    0.8483161330223083
                ],
                [
                    144,
                    93,
                    0.7130050659179688
                ],
                [
                    104,
                    93,
                    0.6712437868118286
                ],
                [
                    72,
                    148,
                    0.26717761158943176
                ],
                [
                    304,
                    148,
                    0.04297710955142975
                ],
                [
                    192,
                    101,
                    0.6185862421989441
                ],
                [
                    232,
                    148,
                    0.20558185875415802
                ],
                [
                    208,
                    140,
                    0.11280524730682373
                ],
                [
                    296,
                    148,
                    0.07119496166706085
                ],
                [
                    312,
                    156,
                    0.04303152486681938
                ],
                [
                    304,
                    156,
                    0.029093066230416298
                ],
                [
                    304,
                    156,
                    0.08427109569311142
                ],
                [
                    312,
                    156,
                    0.03809412196278572
                ],
                [
                    312,
                    172,
                    0.027247659862041473
                ],
                [
                    128,
                    62,
                    0.8033356666564941
                ],
                [
                    144,
                    54,
                    0.7688771486282349
                ],
                [
                    120,
                    62,
                    0.38558632135391235
                ],
                [
                    160,
                    54,
                    0.8800583481788635
                ],
                [
                    112,
                    0,
                    0.9934003949165344
                ]
            ]
        },
        {
            "frame_index": 2,
            "id": 2,
            "person_id": null,
            "keypoints": [
                [
                    152,
                    62,
                    0.8845774531364441
                ],
                [
                    152,
                    101,
                    0.6724952459335327
                ],
                [
                    104,
                    101,
                    0.6369118094444275
                ],
                [
                    72,
                    148,
                    0.3735077381134033
                ],
                [
                    304,
                    148,
                    0.05043884366750717
                ],
                [
                    192,
                    101,
                    0.6325279474258423
                ],
                [
                    232,
                    148,
                    0.3051527738571167
                ],
                [
                    312,
                    148,
                    0.04909254610538483
                ],
                [
                    296,
                    148,
                    0.07634605467319489
                ],
                [
                    312,
                    156,
                    0.046356093138456345
                ],
                [
                    304,
                    156,
                    0.02990240603685379
                ],
                [
                    304,
                    156,
                    0.08565694093704224
                ],
                [
                    312,
                    156,
                    0.04092615470290184
                ],
                [
                    312,
                    172,
                    0.02876116707921028
                ],
                [
                    144,
                    54,
                    0.720497727394104
                ],
                [
                    160,
                    54,
                    0.7018362283706665
                ],
                [
                    120,
                    62,
                    0.7227694392204285
                ],
                [
                    168,
                    54,
                    0.5611444711685181
                ],
                [
                    0,
                    86,
                    0.9922777414321899
                ]
            ]
        }
    ],
    "category_id": 1
}