{
    "info": {
        "video_name": "1_112",
        "resolution": [
            320,
            180
        ],
        "num_frame": 5,
        "num_keypoints": 18,
        "keypoint_channels": [
            "x",
            "y",
            "score"
        ],
        "version": "1.0"
    },
    "annotations": [
        {
            "frame_index": 0,
            "id": 0,
            "person_id": null,
            "keypoints": [
                [
                    128,
                    70,
                    0.8048234581947327
                ],
                [
                    152,
                    93,
                    0.6836100816726685
                ],
                [
                    112,
                    93,
                    0.6756476163864136
                ],
                [
                    88,
                    140,
                    0.3054063022136688
                ],
                [
                    296,
                    0,
                    0.037703342735767365
                ],
                [
                    200,
                    93,
                    0.6186968684196472
                ],
                [
                    224,
                    148,
                    0.1802331805229187
                ],
                [
                    304,
                    7,
                    0.036626748740673065
                ],
                [
                    232,
                    172,
                    0.05260675027966499
                ],
                [
                    304,
                    164,
                    0.029697861522436142
                ],
                [
                    304,
                    156,
                    0.01927269995212555
                ],
                [
                    224,
                    172,
                    0.055264413356781006
                ],
                [
                    312,
                    156,
                    0.023296456784009933
                ],
                [
                    312,
                    172,
                    0.02221796289086342
                ],
                [
                    128,
                    62,
                    0.7204781770706177
                ],
                [
                    144,
                    54,
                    0.6677888631820679
                ],
                [
                    312,
                    172,
                    0.018044039607048035
                ],
                [
                    168,
                    54,
                    0.894019603729248
                ],
                [
                    312,
                    109,
                    0.993461012840271
                ]
            ]
        },
        {
            "frame_index": 1,
            "id": 1,
            "person_id": null,
            "keypoints": [
                [
                    136,
                    70,
                    0.8194190859794617
                ],
                [
                    152,
                    93,
                    0.687686562538147
                ],
                [
                    112,
                    93,
                    0.6891919374465942
                ],
                [
                    88,
                    140,
                    0.38330599665641785
                ],
                [
                    296,
                    0,
                    0.03834795951843262
                ],
                [
                    200,
                    93,
                    0.6243036389350891
                ],
                [
                    224,
                    148,
                    0.24694247543811798
                ],
                [
                    304,
                    7,
                    0.03703703731298447
                ],
                [
                    232,
                    172,
                    0.054825931787490845
                ],
                [
                    304,
                    164,
                    0.029410485178232193
                ],
                [
                    304,
                    156,
                    0.0188467875123024
                ],
                [
                    224,
                    172,
                    0.06242755800485611
                ],
                [
                    312,
                    156,
                    0.021254628896713257
                ],
                [
                    312,
                    172,
                    0.021782219409942627
                ],
                [
                    128,
                    62,
                    0.7895897030830383
                ],
                [
                    144,
                    62,
                    0.7589790225028992
                ],
                [
                    120,
                    62,
                    0.026709986850619316
                ],
                [
                    168,
                    54,
                    0.9109323024749756
                ],
                [
                    312,
                    117,
                    0.9929198026657104
                ]
            ]
        },
        {
            "frame_index": 2,
            "id": 2,
            "person_id": null,
            "keypoints": [
                [
                    136,
                    86,
                    0.2175029218196869
                ],
                [
                    160,
                    93,
                    0.6346032619476318
                ],
                [
                    112,
                    101,
                    0.5824340581893921
                ],
                [
                    88,
                    148,
                    0.2907925844192505
                ],
                [
                    296,
                    0,
                    0.03839724510908127
                ],
                [
                    200,
                    101,
                    0.6193515658378601
                ],
                [
                    224,
                    148,
                    0.1703599989414215
                ],
                [
                    304,
                    7,
                    0.03787378966808319
                ],
                [
                    224,
                    101,
                    0.05973096191883087
                ],
                [
                    304,
                    164,
                    0.029665842652320862
                ],
                [
                    224,
                    164,
                    0.021008141338825226
                ],
                [
                    304,
                    156,
                    0.04687020182609558
                ],
                [
                    312,
                    156,
                    0.021723013371229172
                ],
                [
                    312,
                    172,
                    0.021932639181613922
                ],
                [
                    136,
                    86,
                    0.2009744942188263
                ],
                [
                    152,
                    86,
                    0.17476066946983337
                ],
                [
                    120,
                    78,
                    0.05338987708091736
                ],
                [
                    168,
                    62,
                    0.7426509261131287
                ],
                [
                    312,
                    117,
                    0.9921088814735413
                ]
            ]
        },
        {
            "frame_index": 3,
            "id": 3,
            "person_id": null,
            "keypoints": [
                [
                    136,
                    70,
                    0.8201738595962524
                ],
                [
                    160,
                    93,
                    0.6332032680511475
                ],
                [
                    120,
                    93,
                    0.6571807861328125
                ],
                [
                    96,
                    133,
                    0.4962213635444641
                ],
                [
                    296,
                    0,
                    0.03898546099662781
                ],
                [
                    200,
                    93,
                    0.6292527914047241
                ],
                [
                    224,
                    148,
                    0.27903997898101807
                ],
                [
                    304,
                    7,
                    0.03805956244468689
                ],
                [
                    232,
                    101,
                    0.05317725986242294
                ],
                [
                    304,
                    164,
                    0.029413487762212753
                ],
                [
                    232,
                    164,
                    0.0215208251029253
                ],
                [
                    224,
                    172,
                    0.06412260234355927
                ],
                [
                    232,
                    164,
                    0.021450631320476532
                ],
                [
                    312,
                    172,
                    0.021799683570861816
                ],
                [
                    136,
                    62,
                    0.7154492139816284
                ],
                [
                    152,
                    62,
                    0.7434661388397217
                ],
                [
                    128,
                    62,
                    0.023902446031570435
                ],
                [
                    176,
                    54,
                    0.7965642213821411
                ],
                [
                    312,
                    117,
                    0.9924822449684143
                ]
            ]
        },
        {
            "frame_index": 4,
            "id": 4,
            "person_id": null,
            "keypoints": [
                [
                    136,
                    62,
                    0.23410731554031372
                ],
                [
                    160,
                    93,
                    0.6655809283256531
                ],
                [
                    120,
                    93,
                    0.597159743309021
                ],
                [
                    96,
                    140,
                    0.2311236709356308
                ],
                [
                    296,
                    0,
                    0.03683026134967804
                ],
                [
                    200,
                    101,
                    0.6119279265403748
                ],
                [
                    224,
                    148,
                    0.08846164494752884
                ],
                [
                    304,
                    7,
                    0.03614029288291931
                ],
                [
                    224,
                    93,
                    0.05477091670036316
                ],
                [
                    304,
                    164,
                    0.028215155005455017
                ],
                [
                    304,
                    156,
                    0.018214071169495583
                ],
                [
                    264,
                    70,
                    0.05846809223294258
                ],
                [
                    312,
                    156,
                    0.02177080512046814
                ],
                [
                    312,
                    172,
                    0.021160058677196503
                ],
                [
                    128,
                    62,
                    0.07867597043514252
                ],
                [
                    136,
                    46,
                    0.12788178026676178
                ],
                [
                    120,
                    70,
                    0.042567331343889236
                ],
                [
                    168,
                    54,
                    0.7951952219009399
                ],
                [
                    312,
                    117,
                    0.995214581489563
                ]
            ]
        }
    ],
    "category_id": 1
}