{
    "info": {
        "video_name": "1_117",
        "resolution": [
            320,
            180
        ],
        "num_frame": 8,
        "num_keypoints": 18,
        "keypoint_channels": [
            "x",
            "y",
            "score"
        ],
        "version": "1.0"
    },
    "annotations": [
        {
            "frame_index": 0,
            "id": 0,
            "person_id": null,
            "keypoints": [
                [
                    144,
                    93,
                    0.13348540663719177
                ],
                [
                    152,
                    93,
                    0.6699212193489075
                ],
                [
                    112,
                    93,
                    0.6565550565719604
                ],
                [
                    80,
                    148,
                    0.3310629725456238
                ],
                [
                    296,
                    0,
                    0.0393482968211174
                ],
                [
                    192,
                    93,
                    0.6377229690551758
                ],
                [
                    232,
                    148,
                    0.3112305998802185
                ],
                [
                    304,
                    7,
                    0.035201407968997955
                ],
                [
                    72,
                    172,
                    0.06305208802223206
                ],
                [
                    304,
                    164,
                    0.03271045535802841
                ],
                [
                    72,
                    164,
                    0.02777210623025894
                ],
                [
                    72,
                    172,
                    0.05614163354039192
                ],
                [
                    72,
                    164,
                    0.030758220702409744
                ],
                [
                    312,
                    172,
                    0.022099176421761513
                ],
                [
                    144,
                    86,
                    0.19684197008609772
                ],
                [
                    152,
                    86,
                    0.21407608687877655
                ],
                [
                    128,
                    54,
                    0.5084440112113953
                ],
                [
                    168,
                    54,
                    0.5255043506622314
                ],
                [
                    304,
                    101,
                    0.9959365725517273
                ]
            ]
        },
        {
            "frame_index": 1,
            "id": 1,
            "person_id": null,
            "keypoints": [
                [
                    152,
                    54,
                    0.22342750430107117
                ],
                [
                    152,
                    93,
                    0.7203181982040405
                ],
                [
                    112,
                    93,
                    0.7169821262359619
                ],
                [
                    80,
                    148,
                    0.3708736002445221
                ],
                [
                    296,
                    0,
                    0.03933596611022949
                ],
                [
                    192,
                    93,
                    0.6387813091278076
                ],
                [
                    232,
                    148,
                    0.29616478085517883
                ],
                [
                    304,
                    7,
                    0.03516177088022232
                ],
                [
                    72,
                    172,
                    0.061423707753419876
                ],
                [
                    304,
                    164,
                    0.032659031450748444
                ],
                [
                    72,
                    164,
                    0.02874528430402279
                ],
                [
                    72,
                    172,
                    0.053225327283144
                ],
                [
                    72,
                    164,
                    0.02715449407696724
                ],
                [
                    312,
                    172,
                    0.02205663174390793
                ],
                [
                    144,
                    54,
                    0.22442574799060822
                ],
                [
                    160,
                    46,
                    0.10424027591943741
                ],
                [
                    128,
                    54,
                    0.6933956742286682
                ],
                [
                    168,
                    54,
                    0.237530916929245
                ],
                [
                    304,
                    101,
                    0.9959784150123596
                ]
            ]
        },
        {
            "frame_index": 2,
            "id": 2,
            "person_id": null,
            "keypoints": [
                [
                    160,
                    62,
                    0.8743079304695129
                ],
                [
                    152,
                    93,
                    0.7447542548179626
                ],
                [
                    112,
                    93,
                    0.7074810266494751
                ],
                [
                    80,
                    148,
                    0.3763608932495117
                ],
                [
                    296,
                    0,
                    0.039326928555965424
                ],
                [
                    192,
                    93,
                    0.6218091249465942
                ],
                [
                    232,
                    148,
                    0.35206571221351624
                ],
                [
                    304,
                    7,
                    0.03513980656862259
                ],
                [
                    72,
                    172,
                    0.06300857663154602
                ],
                [
                    304,
                    164,
                    0.032735425978899
                ],
                [
                    72,
                    164,
                    0.028801988810300827
                ],
                [
                    240,
                    172,
                    0.061814479529857635
                ],
                [
                    72,
                    164,
                    0.027660824358463287
                ],
                [
                    312,
                    172,
                    0.022094931453466415
                ],
                [
                    144,
                    54,
                    0.724801778793335
                ],
                [
                    168,
                    54,
                    0.7822843194007874
                ],
                [
                    128,
                    62,
                    0.7764957547187805
                ],
                [
                    168,
                    54,
                    0.03659042716026306
                ],
                [
                    304,
                    101,
                    0.9959130883216858
                ]
            ]
        },
        {
            "frame_index": 3,
            "id": 3,
            "person_id": null,
            "keypoints": [
                [
                    152,
                    93,
                    0.1347622275352478
                ],
                [
                    152,
                    93,
                    0.6840725541114807
                ],
                [
                    112,
                    93,
                    0.6987418532371521
                ],
                [
                    80,
                    148,
                    0.37841591238975525
                ],
                [
                    296,
                    0,
                    0.040551312267780304
                ],
                [
                    192,
                    93,
                    0.6219384670257568
                ],
                [
                    232,
                    148,
                    0.34317851066589355
                ],
                [
                    304,
                    7,
                    0.03805182874202728
                ],
                [
                    72,
                    172,
                    0.06582976877689362
                ],
                [
                    304,
                    164,
                    0.03262711316347122
                ],
                [
                    72,
                    164,
                    0.02846386283636093
                ],
                [
                    240,
                    172,
                    0.058967117220163345
                ],
                [
                    72,
                    164,
                    0.027925241738557816
                ],
                [
                    312,
                    172,
                    0.02202974446117878
                ],
                [
                    144,
                    86,
                    0.2278631627559662
                ],
                [
                    152,
                    86,
                    0.15310077369213104
                ],
                [
                    120,
                    62,
                    0.5734239220619202
                ],
                [
                    168,
                    62,
                    0.1820422112941742
                ],
                [
                    304,
                    101,
                    0.9941985607147217
                ]
            ]
        },
        {
            "frame_index": 4,
            "id": 4,
            "person_id": null,
            "keypoints": [
                [
                    152,
                    93,
                    0.09283176064491272
                ],
                [
                    152,
                    93,
                    0.685781717300415
                ],
                [
                    112,
                    93,
                    0.7076137661933899
                ],
                [
                    80,
                    148,
                    0.3768032193183899
                ],
                [
                    296,
                    0,
                    0.040751390159130096
                ],
                [
                    192,
                    93,
                    0.6031229496002197
                ],
                [
                    232,
                    148,
                    0.33941835165023804
                ],
                [
                    304,
                    7,
                    0.036525972187519073
                ],
                [
                    72,
                    172,
                    0.06492454558610916
                ],
                [
                    304,
                    164,
                    0.03264346718788147
                ],
                [
                    72,
                    164,
                    0.02951938472688198
                ],
                [
                    240,
                    172,
                    0.059620462357997894
                ],
                [
                    72,
                    164,
                    0.027865279465913773
                ],
                [
                    312,
                    172,
                    0.02200550027191639
                ],
                [
                    152,
                    86,
                    0.13545502722263336
                ],
                [
                    152,
                    86,
                    0.08561615645885468
                ],
                [
                    128,
                    54,
                    0.5089620351791382
                ],
                [
                    120,
                    54,
                    0.2713779807090759
                ],
                [
                    304,
                    101,
                    0.9948111176490784
                ]
            ]
        },
        {
            "frame_index": 5,
            "id": 5,
            "person_id": null,
            "keypoints": [
                [
                    152,
                    54,
                    0.2628847360610962
                ],
                [
                    152,
                    93,
                    0.7313429117202759
                ],
                [
                    112,
                    93,
                    0.7111483216285706
                ],
                [
                    80,
                    148,
                    0.39632412791252136
                ],
                [
                    296,
                    0,
                    0.04071750491857529
                ],
                [
                    192,
                    93,
                    0.6303322911262512
                ],
                [
                    232,
                    148,
                    0.34248265624046326
                ],
                [
                    304,
                    7,
                    0.03640200197696686
                ],
                [
                    72,
                    172,
                    0.06335601210594177
                ],
                [
                    304,
                    164,
                    0.03234662115573883
                ],
                [
                    72,
                    164,
                    0.029889537021517754
                ],
                [
                    240,
                    172,
                    0.054366134107112885
                ],
                [
                    312,
                    156,
                    0.025869455188512802
                ],
                [
                    312,
                    172,
                    0.02190617099404335
                ],
                [
                    144,
                    54,
                    0.2435891181230545
                ],
                [
                    160,
                    46,
                    0.20441170036792755
                ],
                [
                    128,
                    54,
                    0.6051371097564697
                ],
                [
                    168,
                    54,
                    0.4196203649044037
                ],
                [
                    304,
                    101,
                    0.995076060295105
                ]
            ]
        },
        {
            "frame_index": 6,
            "id": 6,
            "person_id": null,
            "keypoints": [
                [
                    128,
                    62,
                    0.4155813455581665
                ],
                [
                    152,
                    93,
                    0.6925481557846069
                ],
                [
                    112,
                    93,
                    0.6545253396034241
                ],
                [
                    80,
                    148,
                    0.33668622374534607
                ],
                [
                    296,
                    0,
                    0.040864259004592896
                ],
                [
                    192,
                    101,
                    0.6085653305053711
                ],
                [
                    232,
                    148,
                    0.3187388777732849
                ],
                [
                    304,
                    7,
                    0.039630740880966187
                ],
                [
                    72,
                    172,
                    0.06384773552417755
                ],
                [
                    304,
                    164,
                    0.03488597646355629
                ],
                [
                    72,
                    164,
                    0.027482876554131508
                ],
                [
                    304,
                    156,
                    0.06161754950881004
                ],
                [
                    312,
                    156,
                    0.031216632574796677
                ],
                [
                    312,
                    172,
                    0.024486692622303963
                ],
                [
                    128,
                    54,
                    0.24237968027591705
                ],
                [
                    128,
                    54,
                    0.34947097301483154
                ],
                [
                    120,
                    54,
                    0.09954756498336792
                ],
                [
                    168,
                    54,
                    0.748587965965271
                ],
                [
                    0,
                    86,
                    0.9912709593772888
                ]
            ]
        },
        {
            "frame_index": 7,
            "id": 7,
            "person_id": null,
            "keypoints": [
                [
                    144,
                    93,
                    0.11568617820739746
                ],
                [
                    152,
                    93,
                    0.6695138812065125
                ],
                [
                    112,
                    93,
                    0.680230438709259
                ],
                [
                    80,
                    148,
                    0.3385469317436218
                ],
                [
                    296,
                    0,
                    0.040889203548431396
                ],
                [
                    192,
                    101,
                    0.6468591094017029
                ],
                [
                    232,
                    148,
                    0.32936203479766846
                ],
                [
                    304,
                    7,
                    0.039660774171352386
                ],
                [
                    72,
                    172,
                    0.06350983679294586
                ],
                [
                    304,
                    164,
                    0.03496673330664635
                ],
                [
                    72,
                    164,
                    0.028191808611154556
                ],
                [
                    304,
                    156,
                    0.06197836995124817
                ],
                [
                    312,
                    156,
                    0.031347181648015976
                ],
                [
                    312,
                    172,
                    0.024530449882149696
                ],
                [
                    144,
                    86,
                    0.16062256693840027
                ],
                [
                    152,
                    86,
                    0.1517120599746704
                ],
                [
                    128,
                    54,
                    0.2566717863082886
                ],
                [
                    176,
                    54,
                    0.7297000288963318
                ],
                [
                    72,
                    109,
                    0.9913343191146851
                ]
            ]
        }
    ],
    "category_id": 1
}