{
    "info": {
        "video_name": "1_11",
        "resolution": [
            320,
            180
        ],
        "num_frame": 7,
        "num_keypoints": 18,
        "keypoint_channels": [
            "x",
            "y",
            "score"
        ],
        "version": "1.0"
    },
    "annotations": [
        {
            "frame_index": 0,
            "id": 0,
            "person_id": null,
            "keypoints": [
                [
                    144,
                    70,
                    0.3225288391113281
                ],
                [
                    144,
                    86,
                    0.714239239692688
                ],
                [
                    112,
                    86,
                    0.6463407278060913
                ],
                [
                    112,
                    148,
                    0.7027053236961365
                ],
                [
                    128,
                    156,
                    0.06498236954212189
                ],
                [
                    176,
                    93,
                    0.754665732383728
                ],
                [
                    184,
                    140,
                    0.5727468132972717
                ],
                [
                    192,
                    148,
                    0.10547351837158203
                ],
                [
                    128,
                    164,
                    0.17902393639087677
                ],
                [
                    120,
                    164,
                    0.04587840288877487
                ],
                [
                    120,
                    164,
                    0.02348998934030533
                ],
                [
                    152,
                    172,
                    0.11287685483694077
                ],
                [
                    136,
                    164,
                    0.036022767424583435
                ],
                [
                    120,
                    164,
                    0.022208256646990776
                ],
                [
                    136,
                    70,
                    0.28277796506881714
                ],
                [
                    144,
                    62,
                    0.2591821253299713
                ],
                [
                    128,
                    62,
                    0.014447959139943123
                ],
                [
                    160,
                    46,
                    0.839466392993927
                ],
                [
                    304,
                    39,
                    1.0118924379348755
                ]
            ]
        },
        {
            "frame_index": 1,
            "id": 1,
            "person_id": null,
            "keypoints": [
                [
                    152,
                    70,
                    0.45813578367233276
                ],
                [
                    144,
                    86,
                    0.7358216643333435
                ],
                [
                    112,
                    86,
                    0.6566352844238281
                ],
                [
                    112,
                    148,
                    0.6974314451217651
                ],
                [
                    128,
                    156,
                    0.06887049973011017
                ],
                [
                    176,
                    93,
                    0.6897221803665161
                ],
                [
                    184,
                    140,
                    0.5775142908096313
                ],
                [
                    192,
                    148,
                    0.11511126160621643
                ],
                [
                    136,
                    164,
                    0.17957526445388794
                ],
                [
                    120,
                    164,
                    0.045595474541187286
                ],
                [
                    144,
                    172,
                    0.024395547807216644
                ],
                [
                    160,
                    172,
                    0.1486576795578003
                ],
                [
                    144,
                    164,
                    0.04260939359664917
                ],
                [
                    128,
                    164,
                    0.02076984941959381
                ],
                [
                    144,
                    70,
                    0.4657337963581085
                ],
                [
                    160,
                    39,
                    0.34900158643722534
                ],
                [
                    128,
                    62,
                    0.30486926436424255
                ],
                [
                    160,
                    46,
                    0.2836395800113678
                ],
                [
                    304,
                    39,
                    1.010749101638794
                ]
            ]
        },
        {
            "frame_index": 2,
            "id": 2,
            "person_id": null,
            "keypoints": [
                [
                    136,
                    31,
                    0.459552139043808
                ],
                [
                    144,
                    86,
                    0.7270644903182983
                ],
                [
                    112,
                    86,
                    0.702077329158783
                ],
                [
                    112,
                    148,
                    0.688697874546051
                ],
                [
                    136,
                    148,
                    0.07596153765916824
                ],
                [
                    176,
                    86,
                    0.7057506442070007
                ],
                [
                    184,
                    140,
                    0.6260777115821838
                ],
                [
                    192,
                    148,
                    0.08583208918571472
                ],
                [
                    136,
                    156,
                    0.15417757630348206
                ],
                [
                    136,
                    164,
                    0.038123853504657745
                ],
                [
                    144,
                    172,
                    0.021388068795204163
                ],
                [
                    152,
                    172,
                    0.12605102360248566
                ],
                [
                    152,
                    164,
                    0.033212170004844666
                ],
                [
                    128,
                    172,
                    0.014911701902747154
                ],
                [
                    136,
                    31,
                    0.3922363221645355
                ],
                [
                    144,
                    31,
                    0.4457206130027771
                ],
                [
                    128,
                    39,
                    0.18654552102088928
                ],
                [
                    160,
                    39,
                    0.4272525906562805
                ],
                [
                    304,
                    39,
                    1.0107614994049072
                ]
            ]
        },
        {
            "frame_index": 3,
            "id": 3,
            "person_id": null,
            "keypoints": [
                [
                    136,
                    31,
                    0.5415573716163635
                ],
                [
                    144,
                    86,
                    0.7096413969993591
                ],
                [
                    112,
                    86,
                    0.6560510396957397
                ],
                [
                    112,
                    140,
                    0.7635753154754639
                ],
                [
                    144,
                    148,
                    0.11351951211690903
                ],
                [
                    176,
                    86,
                    0.6822640299797058
                ],
                [
                    184,
                    140,
                    0.6022379994392395
                ],
                [
                    184,
                    148,
                    0.07995741069316864
                ],
                [
                    136,
                    156,
                    0.16336508095264435
                ],
                [
                    160,
                    164,
                    0.03378528356552124
                ],
                [
                    144,
                    172,
                    0.020326368510723114
                ],
                [
                    160,
                    156,
                    0.1710885763168335
                ],
                [
                    160,
                    164,
                    0.04731268808245659
                ],
                [
                    136,
                    156,
                    0.01508490089327097
                ],
                [
                    136,
                    23,
                    0.33785757422447205
                ],
                [
                    144,
                    23,
                    0.5373911261558533
                ],
                [
                    128,
                    46,
                    0.028927244246006012
                ],
                [
                    160,
                    39,
                    0.41444212198257446
                ],
                [
                    304,
                    39,
                    1.009218454360962
                ]
            ]
        },
        {
            "frame_index": 4,
            "id": 4,
            "person_id": null,
            "keypoints": [
                [
                    144,
                    70,
                    0.4544766843318939
                ],
                [
                    144,
                    86,
                    0.7275659441947937
                ],
                [
                    120,
                    86,
                    0.7001729011535645
                ],
                [
                    112,
                    148,
                    0.6939184665679932
                ],
                [
                    136,
                    148,
                    0.08167281746864319
                ],
                [
                    176,
                    86,
                    0.697191059589386
                ],
                [
                    184,
                    140,
                    0.6212001442909241
                ],
                [
                    192,
                    148,
                    0.08909870684146881
                ],
                [
                    136,
                    156,
                    0.17242297530174255
                ],
                [
                    136,
                    164,
                    0.03519521281123161
                ],
                [
                    152,
                    172,
                    0.021705258637666702
                ],
                [
                    160,
                    156,
                    0.18164806067943573
                ],
                [
                    160,
                    164,
                    0.044449273496866226
                ],
                [
                    128,
                    172,
                    0.016303343698382378
                ],
                [
                    144,
                    70,
                    0.5307146906852722
                ],
                [
                    152,
                    70,
                    0.48164957761764526
                ],
                [
                    136,
                    62,
                    0.25096216797828674
                ],
                [
                    160,
                    62,
                    0.2628462016582489
                ],
                [
                    304,
                    39,
                    1.0045746564865112
                ]
            ]
        },
        {
            "frame_index": 5,
            "id": 5,
            "person_id": null,
            "keypoints": [
                [
                    152,
                    70,
                    0.20074662566184998
                ],
                [
                    144,
                    86,
                    0.6958136558532715
                ],
                [
                    120,
                    86,
                    0.7237935066223145
                ],
                [
                    112,
                    148,
                    0.7081021070480347
                ],
                [
                    128,
                    156,
                    0.07071123272180557
                ],
                [
                    176,
                    93,
                    0.7217069268226624
                ],
                [
                    184,
                    140,
                    0.5582181215286255
                ],
                [
                    192,
                    148,
                    0.0983736515045166
                ],
                [
                    136,
                    156,
                    0.16240976750850677
                ],
                [
                    120,
                    164,
                    0.03902753069996834
                ],
                [
                    152,
                    172,
                    0.024207692593336105
                ],
                [
                    160,
                    172,
                    0.11263877153396606
                ],
                [
                    136,
                    164,
                    0.034182995557785034
                ],
                [
                    128,
                    164,
                    0.018973765894770622
                ],
                [
                    144,
                    70,
                    0.19122762978076935
                ],
                [
                    152,
                    70,
                    0.1487576812505722
                ],
                [
                    136,
                    46,
                    0.35630542039871216
                ],
                [
                    136,
                    46,
                    0.2060735523700714
                ],
                [
                    304,
                    39,
                    1.0058578252792358
                ]
            ]
        },
        {
            "frame_index": 6,
            "id": 6,
            "person_id": null,
            "keypoints": [
                [
                    136,
                    39,
                    0.5681797862052917
                ],
                [
                    144,
                    86,
                    0.701475203037262
                ],
                [
                    112,
                    86,
                    0.6732975840568542
                ],
                [
                    112,
                    148,
                    0.733349621295929
                ],
                [
                    120,
                    156,
                    0.05065128207206726
                ],
                [
                    176,
                    93,
                    0.707578718662262
                ],
                [
                    184,
                    140,
                    0.5642146468162537
                ],
                [
                    192,
                    148,
                    0.11068284511566162
                ],
                [
                    128,
                    156,
                    0.14034467935562134
                ],
                [
                    120,
                    164,
                    0.039009496569633484
                ],
                [
                    152,
                    172,
                    0.023028172552585602
                ],
                [
                    160,
                    172,
                    0.09372800588607788
                ],
                [
                    136,
                    164,
                    0.0276670940220356
                ],
                [
                    104,
                    164,
                    0.017405236139893532
                ],
                [
                    136,
                    31,
                    0.49617862701416016
                ],
                [
                    152,
                    23,
                    0.5031362771987915
                ],
                [
                    128,
                    39,
                    0.3244166970252991
                ],
                [
                    168,
                    39,
                    0.48940879106521606
                ],
                [
                    304,
                    39,
                    1.0056066513061523
                ]
            ]
        }
    ],
    "category_id": 1
}