{
    "info": {
        "video_name": "1_119",
        "resolution": [
            320,
            180
        ],
        "num_frame": 3,
        "num_keypoints": 18,
        "keypoint_channels": [
            "x",
            "y",
            "score"
        ],
        "version": "1.0"
    },
    "annotations": [
        {
            "frame_index": 0,
            "id": 0,
            "person_id": null,
            "keypoints": [
                [
                    144,
                    78,
                    0.7939247488975525
                ],
                [
                    152,
                    93,
                    0.6956421136856079
                ],
                [
                    112,
                    101,
                    0.7750236988067627
                ],
                [
                    96,
                    156,
                    0.23345114290714264
                ],
                [
                    136,
                    109,
                    0.8116099834442139
                ],
                [
                    192,
                    86,
                    0.6056099534034729
                ],
                [
                    208,
                    156,
                    0.2900034189224243
                ],
                [
                    208,
                    164,
                    0.029208308085799217
                ],
                [
                    112,
                    172,
                    0.05806354805827141
                ],
                [
                    96,
                    164,
                    0.038828711956739426
                ],
                [
                    96,
                    164,
                    0.0332927480340004
                ],
                [
                    208,
                    172,
                    0.09842636436223984
                ],
                [
                    208,
                    172,
                    0.045224204659461975
                ],
                [
                    312,
                    172,
                    0.024319633841514587
                ],
                [
                    136,
                    70,
                    0.7524623870849609
                ],
                [
                    152,
                    70,
                    0.7358163595199585
                ],
                [
                    120,
                    70,
                    0.5421668291091919
                ],
                [
                    168,
                    54,
                    0.7763767838478088
                ],
                [
                    304,
                    0,
                    1.014655351638794
                ]
            ]
        },
        {
            "frame_index": 1,
            "id": 1,
            "person_id": null,
            "keypoints": [
                [
                    152,
                    78,
                    0.8631036281585693
                ],
                [
                    160,
                    93,
                    0.6822790503501892
                ],
                [
                    112,
                    101,
                    0.7195050716400146
                ],
                [
                    96,
                    156,
                    0.16304902732372284
                ],
                [
                    144,
                    109,
                    0.7931515574455261
                ],
                [
                    200,
                    93,
                    0.6695080995559692
                ],
                [
                    208,
                    156,
                    0.3697367012500763
                ],
                [
                    208,
                    164,
                    0.04665698856115341
                ],
                [
                    104,
                    172,
                    0.054448023438453674
                ],
                [
                    96,
                    164,
                    0.034058619290590286
                ],
                [
                    96,
                    164,
                    0.02915349416434765
                ],
                [
                    208,
                    172,
                    0.10370487719774246
                ],
                [
                    208,
                    156,
                    0.04482732340693474
                ],
                [
                    312,
                    172,
                    0.023837437853217125
                ],
                [
                    144,
                    70,
                    0.797934889793396
                ],
                [
                    160,
                    70,
                    0.7520338892936707
                ],
                [
                    128,
                    70,
                    0.5800501108169556
                ],
                [
                    168,
                    62,
                    0.7579697966575623
                ],
                [
                    304,
                    0,
                    1.013454556465149
                ]
            ]
        },
        {
            "frame_index": 2,
            "id": 2,
            "person_id": null,
            "keypoints": [
                [
                    152,
                    78,
                    0.8652194142341614
                ],
                [
                    160,
                    101,
                    0.7078849673271179
                ],
                [
                    120,
                    101,
                    0.6746224164962769
                ],
                [
                    104,
                    156,
                    0.22081173956394196
                ],
                [
                    144,
                    109,
                    0.7702829241752625
                ],
                [
                    200,
                    101,
                    0.6864403486251831
                ],
                [
                    208,
                    156,
                    0.40294718742370605
                ],
                [
                    304,
                    7,
                    0.027908651158213615
                ],
                [
                    104,
                    172,
                    0.06273354589939117
                ],
                [
                    104,
                    164,
                    0.038259439170360565
                ],
                [
                    104,
                    164,
                    0.03698306903243065
                ],
                [
                    208,
                    172,
                    0.06385867297649384
                ],
                [
                    96,
                    164,
                    0.02892836183309555
                ],
                [
                    312,
                    172,
                    0.022472651675343513
                ],
                [
                    144,
                    70,
                    0.8361910581588745
                ],
                [
                    160,
                    70,
                    0.7610145807266235
                ],
                [
                    136,
                    70,
                    0.6257046461105347
                ],
                [
                    176,
                    62,
                    0.8571116924285889
                ],
                [
                    304,
                    0,
                    1.0142848491668701
                ]
            ]
        }
    ],
    "category_id": 1
}