{
    "info": {
        "video_name": "1_113",
        "resolution": [
            320,
            180
        ],
        "num_frame": 5,
        "num_keypoints": 18,
        "keypoint_channels": [
            "x",
            "y",
            "score"
        ],
        "version": "1.0"
    },
    "annotations": [
        {
            "frame_index": 0,
            "id": 0,
            "person_id": null,
            "keypoints": [
                [
                    152,
                    70,
                    0.8787593841552734
                ],
                [
                    160,
                    93,
                    0.7428588271141052
                ],
                [
                    120,
                    93,
                    0.6759876012802124
                ],
                [
                    88,
                    140,
                    0.3859575092792511
                ],
                [
                    296,
                    0,
                    0.03950365632772446
                ],
                [
                    200,
                    93,
                    0.6923760175704956
                ],
                [
                    224,
                    148,
                    0.10428604483604431
                ],
                [
                    304,
                    7,
                    0.035210058093070984
                ],
                [
                    232,
                    101,
                    0.05908475071191788
                ],
                [
                    304,
                    164,
                    0.028011608868837357
                ],
                [
                    304,
                    156,
                    0.02289087325334549
                ],
                [
                    304,
                    156,
                    0.051636192947626114
                ],
                [
                    312,
                    156,
                    0.026368815451860428
                ],
                [
                    312,
                    172,
                    0.019926853477954865
                ],
                [
                    144,
                    62,
                    0.7766590714454651
                ],
                [
                    160,
                    62,
                    0.8270125985145569
                ],
                [
                    136,
                    62,
                    0.4558391273021698
                ],
                [
                    176,
                    54,
                    0.819800078868866
                ],
                [
                    0,
                    86,
                    0.9914666414260864
                ]
            ]
        },
        {
            "frame_index": 1,
            "id": 1,
            "person_id": null,
            "keypoints": [
                [
                    160,
                    70,
                    0.8388679623603821
                ],
                [
                    160,
                    93,
                    0.7154009938240051
                ],
                [
                    120,
                    93,
                    0.6646092534065247
                ],
                [
                    88,
                    140,
                    0.38589295744895935
                ],
                [
                    296,
                    0,
                    0.04048262536525726
                ],
                [
                    208,
                    101,
                    0.6394203305244446
                ],
                [
                    224,
                    148,
                    0.16835589706897736
                ],
                [
                    304,
                    7,
                    0.036339662969112396
                ],
                [
                    232,
                    172,
                    0.05147503316402435
                ],
                [
                    304,
                    164,
                    0.028689801692962646
                ],
                [
                    304,
                    156,
                    0.023418257012963295
                ],
                [
                    304,
                    156,
                    0.052716903388500214
                ],
                [
                    312,
                    156,
                    0.0270615816116333
                ],
                [
                    312,
                    172,
                    0.02018825337290764
                ],
                [
                    152,
                    62,
                    0.8432712554931641
                ],
                [
                    160,
                    62,
                    0.7202974557876587
                ],
                [
                    136,
                    62,
                    0.3318232297897339
                ],
                [
                    184,
                    54,
                    0.9138263463973999
                ],
                [
                    0,
                    86,
                    0.9914522767066956
                ]
            ]
        },
        {
            "frame_index": 2,
            "id": 2,
            "person_id": null,
            "keypoints": [
                [
                    144,
                    70,
                    0.8264656662940979
                ],
                [
                    160,
                    93,
                    0.7408400774002075
                ],
                [
                    120,
                    93,
                    0.6262796521186829
                ],
                [
                    88,
                    148,
                    0.44158807396888733
                ],
                [
                    296,
                    0,
                    0.04025942087173462
                ],
                [
                    200,
                    101,
                    0.6330080032348633
                ],
                [
                    224,
                    148,
                    0.19409382343292236
                ],
                [
                    304,
                    7,
                    0.03612656146287918
                ],
                [
                    224,
                    101,
                    0.05207136273384094
                ],
                [
                    304,
                    164,
                    0.02877938747406006
                ],
                [
                    304,
                    156,
                    0.02329445630311966
                ],
                [
                    224,
                    172,
                    0.05472429096698761
                ],
                [
                    312,
                    156,
                    0.02716895192861557
                ],
                [
                    312,
                    172,
                    0.020208336412906647
                ],
                [
                    136,
                    54,
                    0.8132335543632507
                ],
                [
                    152,
                    54,
                    0.8007356524467468
                ],
                [
                    128,
                    62,
                    0.17036664485931396
                ],
                [
                    176,
                    54,
                    0.9117944836616516
                ],
                [
                    0,
                    86,
                    0.9915783405303955
                ]
            ]
        },
        {
            "frame_index": 3,
            "id": 3,
            "person_id": null,
            "keypoints": [
                [
                    136,
                    70,
                    0.7712796926498413
                ],
                [
                    160,
                    93,
                    0.6804836392402649
                ],
                [
                    120,
                    93,
                    0.6151127219200134
                ],
                [
                    88,
                    140,
                    0.39116033911705017
                ],
                [
                    296,
                    0,
                    0.03651747107505798
                ],
                [
                    200,
                    101,
                    0.6292821168899536
                ],
                [
                    224,
                    148,
                    0.20397961139678955
                ],
                [
                    304,
                    7,
                    0.0345502644777298
                ],
                [
                    232,
                    172,
                    0.048147208988666534
                ],
                [
                    312,
                    156,
                    0.028667684644460678
                ],
                [
                    304,
                    156,
                    0.023525595664978027
                ],
                [
                    304,
                    156,
                    0.05408341810107231
                ],
                [
                    312,
                    156,
                    0.027695726603269577
                ],
                [
                    312,
                    172,
                    0.020673371851444244
                ],
                [
                    136,
                    54,
                    0.7530416250228882
                ],
                [
                    152,
                    54,
                    0.6869595646858215
                ],
                [
                    128,
                    54,
                    0.057706013321876526
                ],
                [
                    176,
                    54,
                    0.8718674778938293
                ],
                [
                    312,
                    0,
                    0.9921663403511047
                ]
            ]
        },
        {
            "frame_index": 4,
            "id": 4,
            "person_id": null,
            "keypoints": [
                [
                    136,
                    70,
                    0.7876269817352295
                ],
                [
                    160,
                    93,
                    0.6754196286201477
                ],
                [
                    120,
                    93,
                    0.6158378720283508
                ],
                [
                    88,
                    140,
                    0.46270251274108887
                ],
                [
                    296,
                    0,
                    0.03789203613996506
                ],
                [
                    200,
                    101,
                    0.6169098615646362
                ],
                [
                    224,
                    148,
                    0.11626192927360535
                ],
                [
                    304,
                    7,
                    0.035758353769779205
                ],
                [
                    232,
                    172,
                    0.035895902663469315
                ],
                [
                    312,
                    156,
                    0.029118143022060394
                ],
                [
                    304,
                    156,
                    0.023559797555208206
                ],
                [
                    304,
                    156,
                    0.054516155272722244
                ],
                [
                    312,
                    156,
                    0.02830369397997856
                ],
                [
                    312,
                    172,
                    0.020754963159561157
                ],
                [
                    136,
                    54,
                    0.7315365076065063
                ],
                [
                    152,
                    54,
                    0.7659587264060974
                ],
                [
                    128,
                    62,
                    0.048390306532382965
                ],
                [
                    168,
                    54,
                    0.8054232001304626
                ],
                [
                    312,
                    0,
                    0.9922447204589844
                ]
            ]
        }
    ],
    "category_id": 1
}