{
    "info": {
        "video_name": "1_122",
        "resolution": [
            320,
            180
        ],
        "num_frame": 3,
        "num_keypoints": 18,
        "keypoint_channels": [
            "x",
            "y",
            "score"
        ],
        "version": "1.0"
    },
    "annotations": [
        {
            "frame_index": 0,
            "id": 0,
            "person_id": null,
            "keypoints": [
                [
                    160,
                    70,
                    0.8621055483818054
                ],
                [
                    152,
                    101,
                    0.6960282325744629
                ],
                [
                    104,
                    109,
                    0.5776365995407104
                ],
                [
                    80,
                    148,
                    0.06609831005334854
                ],
                [
                    312,
                    164,
                    0.01185498759150505
                ],
                [
                    200,
                    101,
                    0.6088281869888306
                ],
                [
                    232,
                    148,
                    0.025507180020213127
                ],
                [
                    296,
                    7,
                    0.020876875147223473
                ],
                [
                    240,
                    172,
                    0.021939003840088844
                ],
                [
                    304,
                    164,
                    0.01730303466320038
                ],
                [
                    0,
                    15,
                    0.010628566145896912
                ],
                [
                    312,
                    0,
                    0.022729646414518356
                ],
                [
                    160,
                    70,
                    0.014274761080741882
                ],
                [
                    312,
                    172,
                    0.012547006830573082
                ],
                [
                    144,
                    62,
                    0.7406312823295593
                ],
                [
                    168,
                    54,
                    0.7849453091621399
                ],
                [
                    120,
                    62,
                    0.8482951521873474
                ],
                [
                    176,
                    54,
                    0.47789764404296875
                ],
                [
                    296,
                    164,
                    0.9968024492263794
                ]
            ]
        },
        {
            "frame_index": 1,
            "id": 1,
            "person_id": null,
            "keypoints": [
                [
                    160,
                    70,
                    0.9088848233222961
                ],
                [
                    152,
                    101,
                    0.6858641505241394
                ],
                [
                    104,
                    109,
                    0.5468333959579468
                ],
                [
                    80,
                    148,
                    0.06796232610940933
                ],
                [
                    296,
                    0,
                    0.012703495100140572
                ],
                [
                    192,
                    101,
                    0.6254237294197083
                ],
                [
                    224,
                    148,
                    0.024892592802643776
                ],
                [
                    296,
                    7,
                    0.021062156185507774
                ],
                [
                    232,
                    172,
                    0.027882328256964684
                ],
                [
                    304,
                    164,
                    0.0180206336081028
                ],
                [
                    0,
                    15,
                    0.012014444917440414
                ],
                [
                    312,
                    0,
                    0.023311622440814972
                ],
                [
                    160,
                    78,
                    0.014974065124988556
                ],
                [
                    304,
                    172,
                    0.013817188329994678
                ],
                [
                    144,
                    62,
                    0.759254515171051
                ],
                [
                    160,
                    62,
                    0.674303412437439
                ],
                [
                    120,
                    62,
                    0.8655761480331421
                ],
                [
                    176,
                    54,
                    0.45877230167388916
                ],
                [
                    296,
                    164,
                    1.0003694295883179
                ]
            ]
        },
        {
            "frame_index": 2,
            "id": 2,
            "person_id": null,
            "keypoints": [
                [
                    160,
                    70,
                    0.34829914569854736
                ],
                [
                    160,
                    101,
                    0.6661556959152222
                ],
                [
                    104,
                    109,
                    0.5640173554420471
                ],
                [
                    80,
                    148,
                    0.06912051141262054
                ],
                [
                    296,
                    0,
                    0.011891817674040794
                ],
                [
                    200,
                    109,
                    0.6190702319145203
                ],
                [
                    312,
                    172,
                    0.02365141175687313
                ],
                [
                    296,
                    7,
                    0.022118279710412025
                ],
                [
                    232,
                    172,
                    0.024120626971125603
                ],
                [
                    304,
                    164,
                    0.017451465129852295
                ],
                [
                    0,
                    15,
                    0.011850204318761826
                ],
                [
                    312,
                    0,
                    0.023422658443450928
                ],
                [
                    176,
                    54,
                    0.010087065398693085
                ],
                [
                    304,
                    172,
                    0.01304616592824459
                ],
                [
                    152,
                    70,
                    0.27390992641448975
                ],
                [
                    160,
                    62,
                    0.2600623667240143
                ],
                [
                    128,
                    62,
                    0.7139573693275452
                ],
                [
                    176,
                    62,
                    0.3710033595561981
                ],
                [
                    296,
                    164,
                    1.0009214878082275
                ]
            ]
        }
    ],
    "category_id": 1
}