{
    "info": {
        "video_name": "1_127",
        "resolution": [
            320,
            180
        ],
        "num_frame": 6,
        "num_keypoints": 18,
        "keypoint_channels": [
            "x",
            "y",
            "score"
        ],
        "version": "1.0"
    },
    "annotations": [
        {
            "frame_index": 0,
            "id": 0,
            "person_id": null,
            "keypoints": [
                [
                    184,
                    62,
                    0.49678438901901245
                ],
                [
                    168,
                    117,
                    0.6069517135620117
                ],
                [
                    104,
                    117,
                    0.6981425881385803
                ],
                [
                    80,
                    148,
                    0.08281536400318146
                ],
                [
                    296,
                    0,
                    0.021263841539621353
                ],
                [
                    216,
                    117,
                    0.5635573863983154
                ],
                [
                    248,
                    148,
                    0.04411345720291138
                ],
                [
                    304,
                    7,
                    0.019906267523765564
                ],
                [
                    256,
                    172,
                    0.024820756167173386
                ],
                [
                    272,
                    172,
                    0.017814038321375847
                ],
                [
                    264,
                    172,
                    0.015228543430566788
                ],
                [
                    296,
                    0,
                    0.02739034593105316
                ],
                [
                    264,
                    172,
                    0.01948326826095581
                ],
                [
                    304,
                    172,
                    0.012532883323729038
                ],
                [
                    176,
                    46,
                    0.522706925868988
                ],
                [
                    184,
                    46,
                    0.43848803639411926
                ],
                [
                    104,
                    54,
                    0.03982691466808319
                ],
                [
                    72,
                    156,
                    0.014537433162331581
                ],
                [
                    304,
                    0,
                    1.015039086341858
                ]
            ]
        },
        {
            "frame_index": 1,
            "id": 1,
            "person_id": null,
            "keypoints": [
                [
                    136,
                    39,
                    0.21761444211006165
                ],
                [
                    160,
                    117,
                    0.6225425601005554
                ],
                [
                    104,
                    117,
                    0.6584328413009644
                ],
                [
                    80,
                    148,
                    0.0826026201248169
                ],
                [
                    296,
                    0,
                    0.021333152428269386
                ],
                [
                    216,
                    117,
                    0.5619608163833618
                ],
                [
                    248,
                    148,
                    0.03803258389234543
                ],
                [
                    304,
                    7,
                    0.019793657585978508
                ],
                [
                    256,
                    172,
                    0.025900397449731827
                ],
                [
                    272,
                    172,
                    0.01783788576722145
                ],
                [
                    264,
                    172,
                    0.01598227210342884
                ],
                [
                    272,
                    172,
                    0.027784030884504318
                ],
                [
                    264,
                    172,
                    0.02146400883793831
                ],
                [
                    304,
                    172,
                    0.012444514781236649
                ],
                [
                    136,
                    31,
                    0.1367272138595581
                ],
                [
                    144,
                    31,
                    0.18877962231636047
                ],
                [
                    128,
                    46,
                    0.027340516448020935
                ],
                [
                    184,
                    62,
                    0.6970339417457581
                ],
                [
                    304,
                    0,
                    1.0154904127120972
                ]
            ]
        },
        {
            "frame_index": 2,
            "id": 2,
            "person_id": null,
            "keypoints": [
                [
                    152,
                    31,
                    0.16635192930698395
                ],
                [
                    160,
                    117,
                    0.6345936059951782
                ],
                [
                    104,
                    117,
                    0.6725334525108337
                ],
                [
                    80,
                    148,
                    0.08819366991519928
                ],
                [
                    296,
                    0,
                    0.021439332515001297
                ],
                [
                    216,
                    117,
                    0.5601595640182495
                ],
                [
                    248,
                    148,
                    0.03748565912246704
                ],
                [
                    304,
                    7,
                    0.01997668482363224
                ],
                [
                    272,
                    172,
                    0.030343081802129745
                ],
                [
                    280,
                    172,
                    0.02024954929947853
                ],
                [
                    264,
                    172,
                    0.015577366575598717
                ],
                [
                    272,
                    172,
                    0.035775076597929
                ],
                [
                    264,
                    172,
                    0.025049924850463867
                ],
                [
                    304,
                    172,
                    0.012134525924921036
                ],
                [
                    144,
                    31,
                    0.1402554214000702
                ],
                [
                    152,
                    31,
                    0.18999293446540833
                ],
                [
                    136,
                    31,
                    0.014586146920919418
                ],
                [
                    184,
                    62,
                    0.6052693128585815
                ],
                [
                    304,
                    0,
                    1.01443612575531
                ]
            ]
        },
        {
            "frame_index": 3,
            "id": 3,
            "person_id": null,
            "keypoints": [
                [
                    128,
                    31,
                    0.2072988897562027
                ],
                [
                    160,
                    117,
                    0.6492159366607666
                ],
                [
                    104,
                    117,
                    0.6941894888877869
                ],
                [
                    80,
                    148,
                    0.0821060836315155
                ],
                [
                    296,
                    0,
                    0.021376434713602066
                ],
                [
                    208,
                    117,
                    0.543968915939331
                ],
                [
                    240,
                    148,
                    0.04608239233493805
                ],
                [
                    304,
                    7,
                    0.020265744999051094
                ],
                [
                    256,
                    172,
                    0.02937820926308632
                ],
                [
                    272,
                    172,
                    0.02031061053276062
                ],
                [
                    264,
                    172,
                    0.015183376148343086
                ],
                [
                    264,
                    172,
                    0.030117973685264587
                ],
                [
                    264,
                    172,
                    0.021619029343128204
                ],
                [
                    304,
                    172,
                    0.013013096526265144
                ],
                [
                    128,
                    23,
                    0.14705996215343475
                ],
                [
                    128,
                    23,
                    0.17264728248119354
                ],
                [
                    104,
                    46,
                    0.06738845258951187
                ],
                [
                    176,
                    54,
                    0.5306376814842224
                ],
                [
                    304,
                    0,
                    1.0152231454849243
                ]
            ]
        },
        {
            "frame_index": 4,
            "id": 4,
            "person_id": null,
            "keypoints": [
                [
                    192,
                    62,
                    0.41188859939575195
                ],
                [
                    168,
                    117,
                    0.5988729596138
                ],
                [
                    104,
                    117,
                    0.6780511736869812
                ],
                [
                    80,
                    148,
                    0.10083658993244171
                ],
                [
                    296,
                    0,
                    0.020751798525452614
                ],
                [
                    216,
                    117,
                    0.5706838369369507
                ],
                [
                    248,
                    148,
                    0.040927864611148834
                ],
                [
                    304,
                    7,
                    0.019119951874017715
                ],
                [
                    272,
                    172,
                    0.03385107219219208
                ],
                [
                    280,
                    172,
                    0.020793210715055466
                ],
                [
                    264,
                    172,
                    0.016351360827684402
                ],
                [
                    272,
                    172,
                    0.03649680316448212
                ],
                [
                    264,
                    172,
                    0.025209739804267883
                ],
                [
                    304,
                    172,
                    0.012536559253931046
                ],
                [
                    184,
                    54,
                    0.4007665812969208
                ],
                [
                    192,
                    54,
                    0.38967788219451904
                ],
                [
                    184,
                    62,
                    0.13804109394550323
                ],
                [
                    192,
                    62,
                    0.2688438892364502
                ],
                [
                    304,
                    0,
                    1.014265775680542
                ]
            ]
        },
        {
            "frame_index": 5,
            "id": 5,
            "person_id": null,
            "keypoints": [
                [
                    184,
                    54,
                    0.2492641657590866
                ],
                [
                    168,
                    117,
                    0.5943931341171265
                ],
                [
                    112,
                    117,
                    0.6901232004165649
                ],
                [
                    80,
                    148,
                    0.08708517253398895
                ],
                [
                    296,
                    0,
                    0.021107453852891922
                ],
                [
                    224,
                    117,
                    0.5789884924888611
                ],
                [
                    248,
                    148,
                    0.03493356704711914
                ],
                [
                    304,
                    7,
                    0.019845180213451385
                ],
                [
                    256,
                    172,
                    0.023497797548770905
                ],
                [
                    280,
                    172,
                    0.017491916194558144
                ],
                [
                    280,
                    156,
                    0.012762971222400665
                ],
                [
                    296,
                    0,
                    0.026656363159418106
                ],
                [
                    272,
                    172,
                    0.011959875002503395
                ],
                [
                    304,
                    172,
                    0.012015927582979202
                ],
                [
                    176,
                    54,
                    0.2186424434185028
                ],
                [
                    184,
                    46,
                    0.32639646530151367
                ],
                [
                    136,
                    31,
                    0.04694509506225586
                ],
                [
                    192,
                    54,
                    0.36370691657066345
                ],
                [
                    304,
                    0,
                    1.01693856716156
                ]
            ]
        }
    ],
    "category_id": 1
}