{
    "info": {
        "video_name": "1_12",
        "resolution": [
            320,
            180
        ],
        "num_frame": 2,
        "num_keypoints": 18,
        "keypoint_channels": [
            "x",
            "y",
            "score"
        ],
        "version": "1.0"
    },
    "annotations": [
        {
            "frame_index": 0,
            "id": 0,
            "person_id": null,
            "keypoints": [
                [
                    136,
                    39,
                    0.0493621826171875
                ],
                [
                    144,
                    86,
                    0.6958631277084351
                ],
                [
                    112,
                    86,
                    0.6934195160865784
                ],
                [
                    120,
                    148,
                    0.6887288093566895
                ],
                [
                    128,
                    156,
                    0.05100693553686142
                ],
                [
                    176,
                    93,
                    0.711617648601532
                ],
                [
                    184,
                    148,
                    0.6302443146705627
                ],
                [
                    184,
                    156,
                    0.08018850535154343
                ],
                [
                    128,
                    164,
                    0.1338079869747162
                ],
                [
                    120,
                    164,
                    0.046338412910699844
                ],
                [
                    152,
                    172,
                    0.025284551084041595
                ],
                [
                    176,
                    172,
                    0.12297635525465012
                ],
                [
                    136,
                    164,
                    0.026343807578086853
                ],
                [
                    128,
                    164,
                    0.01660303771495819
                ],
                [
                    160,
                    39,
                    0.06877124309539795
                ],
                [
                    136,
                    39,
                    0.08242737501859665
                ],
                [
                    160,
                    39,
                    0.5415500998497009
                ],
                [
                    136,
                    39,
                    0.28605905175209045
                ],
                [
                    304,
                    39,
                    1.0050562620162964
                ]
            ]
        },
        {
            "frame_index": 1,
            "id": 1,
            "person_id": null,
            "keypoints": [
                [
                    136,
                    39,
                    0.7647803425788879
                ],
                [
                    144,
                    86,
                    0.7389335632324219
                ],
                [
                    112,
                    86,
                    0.6984454393386841
                ],
                [
                    120,
                    148,
                    0.6645538210868835
                ],
                [
                    128,
                    156,
                    0.04509469121694565
                ],
                [
                    176,
                    93,
                    0.7382941246032715
                ],
                [
                    184,
                    148,
                    0.6256483793258667
                ],
                [
                    184,
                    148,
                    0.09713254868984222
                ],
                [
                    128,
                    164,
                    0.15393312275409698
                ],
                [
                    120,
                    164,
                    0.04394682124257088
                ],
                [
                    120,
                    164,
                    0.024150919169187546
                ],
                [
                    168,
                    172,
                    0.12745361030101776
                ],
                [
                    128,
                    164,
                    0.03320799395442009
                ],
                [
                    120,
                    164,
                    0.015302143059670925
                ],
                [
                    136,
                    31,
                    0.5340093374252319
                ],
                [
                    144,
                    31,
                    0.7707834243774414
                ],
                [
                    128,
                    46,
                    0.26048845052719116
                ],
                [
                    160,
                    39,
                    0.7165417075157166
                ],
                [
                    304,
                    39,
                    1.0050143003463745
                ]
            ]
        }
    ],
    "category_id": 1
}