{
    "info": {
        "video_name": "1_125",
        "resolution": [
            320,
            180
        ],
        "num_frame": 3,
        "num_keypoints": 18,
        "keypoint_channels": [
            "x",
            "y",
            "score"
        ],
        "version": "1.0"
    },
    "annotations": [
        {
            "frame_index": 0,
            "id": 0,
            "person_id": null,
            "keypoints": [
                [
                    176,
                    54,
                    0.2818782329559326
                ],
                [
                    168,
                    117,
                    0.6225047707557678
                ],
                [
                    104,
                    117,
                    0.6757076382637024
                ],
                [
                    80,
                    148,
                    0.08759225904941559
                ],
                [
                    296,
                    0,
                    0.023058902472257614
                ],
                [
                    216,
                    117,
                    0.5852521061897278
                ],
                [
                    312,
                    172,
                    0.03042820654809475
                ],
                [
                    304,
                    7,
                    0.023836812004446983
                ],
                [
                    248,
                    172,
                    0.028127305209636688
                ],
                [
                    304,
                    164,
                    0.021038271486759186
                ],
                [
                    152,
                    164,
                    0.012715701013803482
                ],
                [
                    296,
                    0,
                    0.029567532241344452
                ],
                [
                    168,
                    109,
                    0.009128106757998466
                ],
                [
                    304,
                    172,
                    0.01390236709266901
                ],
                [
                    176,
                    46,
                    0.22556675970554352
                ],
                [
                    176,
                    46,
                    0.4431452751159668
                ],
                [
                    120,
                    46,
                    0.10128084570169449
                ],
                [
                    184,
                    54,
                    0.4293837249279022
                ],
                [
                    304,
                    0,
                    1.0204927921295166
                ]
            ]
        },
        {
            "frame_index": 1,
            "id": 1,
            "person_id": null,
            "keypoints": [
                [
                    144,
                    15,
                    0.04654943197965622
                ],
                [
                    168,
                    117,
                    0.5916470885276794
                ],
                [
                    104,
                    117,
                    0.66356360912323
                ],
                [
                    80,
                    148,
                    0.09245598316192627
                ],
                [
                    296,
                    0,
                    0.022076595574617386
                ],
                [
                    216,
                    109,
                    0.535901665687561
                ],
                [
                    248,
                    148,
                    0.034645840525627136
                ],
                [
                    304,
                    7,
                    0.02214137651026249
                ],
                [
                    248,
                    172,
                    0.027033796533942223
                ],
                [
                    304,
                    164,
                    0.020091526210308075
                ],
                [
                    152,
                    164,
                    0.01156211830675602
                ],
                [
                    296,
                    0,
                    0.027441438287496567
                ],
                [
                    248,
                    172,
                    0.008243958465754986
                ],
                [
                    304,
                    172,
                    0.013345500454306602
                ],
                [
                    144,
                    15,
                    0.044306837022304535
                ],
                [
                    176,
                    46,
                    0.09170002490282059
                ],
                [
                    112,
                    54,
                    0.09351833164691925
                ],
                [
                    184,
                    54,
                    0.5620353817939758
                ],
                [
                    304,
                    0,
                    1.0199899673461914
                ]
            ]
        },
        {
            "frame_index": 2,
            "id": 2,
            "person_id": null,
            "keypoints": [
                [
                    296,
                    0,
                    0.026425445452332497
                ],
                [
                    168,
                    117,
                    0.6307064890861511
                ],
                [
                    112,
                    117,
                    0.6666229367256165
                ],
                [
                    80,
                    148,
                    0.0796806663274765
                ],
                [
                    296,
                    0,
                    0.022169489413499832
                ],
                [
                    216,
                    117,
                    0.5973660349845886
                ],
                [
                    240,
                    148,
                    0.03221555054187775
                ],
                [
                    304,
                    7,
                    0.02387147583067417
                ],
                [
                    248,
                    172,
                    0.02750256285071373
                ],
                [
                    304,
                    164,
                    0.019290152937173843
                ],
                [
                    152,
                    164,
                    0.012070095166563988
                ],
                [
                    296,
                    0,
                    0.03057759255170822
                ],
                [
                    168,
                    109,
                    0.008137159049510956
                ],
                [
                    304,
                    172,
                    0.014505143277347088
                ],
                [
                    296,
                    0,
                    0.01795380562543869
                ],
                [
                    176,
                    46,
                    0.03885382413864136
                ],
                [
                    104,
                    54,
                    0.015825357288122177
                ],
                [
                    176,
                    54,
                    0.6500301361083984
                ],
                [
                    304,
                    0,
                    1.0185755491256714
                ]
            ]
        }
    ],
    "category_id": 1
}