{
    "info": {
        "video_name": "1_134",
        "resolution": [
            320,
            180
        ],
        "num_frame": 5,
        "num_keypoints": 18,
        "keypoint_channels": [
            "x",
            "y",
            "score"
        ],
        "version": "1.0"
    },
    "annotations": [
        {
            "frame_index": 0,
            "id": 0,
            "person_id": null,
            "keypoints": [
                [
                    136,
                    109,
                    0.4602227509021759
                ],
                [
                    144,
                    101,
                    0.5689452886581421
                ],
                [
                    104,
                    101,
                    0.6650068163871765
                ],
                [
                    72,
                    148,
                    0.3560289442539215
                ],
                [
                    296,
                    0,
                    0.02685978263616562
                ],
                [
                    184,
                    93,
                    0.6829879879951477
                ],
                [
                    216,
                    148,
                    0.2411891371011734
                ],
                [
                    144,
                    93,
                    0.024546993896365166
                ],
                [
                    216,
                    172,
                    0.06145049259066582
                ],
                [
                    72,
                    164,
                    0.03454503044486046
                ],
                [
                    64,
                    156,
                    0.02343277633190155
                ],
                [
                    216,
                    172,
                    0.07267911732196808
                ],
                [
                    216,
                    172,
                    0.025034219026565552
                ],
                [
                    312,
                    172,
                    0.014833108521997929
                ],
                [
                    136,
                    101,
                    0.3522176146507263
                ],
                [
                    144,
                    93,
                    0.37300339341163635
                ],
                [
                    120,
                    70,
                    0.16530463099479675
                ],
                [
                    168,
                    62,
                    0.7389934062957764
                ],
                [
                    304,
                    0,
                    1.014836072921753
                ]
            ]
        },
        {
            "frame_index": 1,
            "id": 1,
            "person_id": null,
            "keypoints": [
                [
                    136,
                    109,
                    0.3969537019729614
                ],
                [
                    144,
                    101,
                    0.5685231685638428
                ],
                [
                    104,
                    101,
                    0.6826323866844177
                ],
                [
                    72,
                    148,
                    0.4252309203147888
                ],
                [
                    296,
                    0,
                    0.026987850666046143
                ],
                [
                    184,
                    93,
                    0.706487238407135
                ],
                [
                    216,
                    148,
                    0.3015272319316864
                ],
                [
                    304,
                    7,
                    0.023006686940789223
                ],
                [
                    216,
                    172,
                    0.05898591876029968
                ],
                [
                    72,
                    164,
                    0.030592594295740128
                ],
                [
                    64,
                    164,
                    0.020372532308101654
                ],
                [
                    216,
                    172,
                    0.06818737834692001
                ],
                [
                    216,
                    172,
                    0.022673850879073143
                ],
                [
                    312,
                    172,
                    0.015574525110423565
                ],
                [
                    136,
                    93,
                    0.40109512209892273
                ],
                [
                    144,
                    93,
                    0.3835100531578064
                ],
                [
                    120,
                    70,
                    0.1923491358757019
                ],
                [
                    168,
                    70,
                    0.709315299987793
                ],
                [
                    304,
                    0,
                    1.0163915157318115
                ]
            ]
        },
        {
            "frame_index": 2,
            "id": 2,
            "person_id": null,
            "keypoints": [
                [
                    136,
                    78,
                    0.4430805444717407
                ],
                [
                    144,
                    101,
                    0.718226432800293
                ],
                [
                    104,
                    101,
                    0.6667963862419128
                ],
                [
                    72,
                    148,
                    0.3275723159313202
                ],
                [
                    296,
                    0,
                    0.026297105476260185
                ],
                [
                    184,
                    93,
                    0.6279200911521912
                ],
                [
                    216,
                    148,
                    0.3141423463821411
                ],
                [
                    304,
                    7,
                    0.021553898230195045
                ],
                [
                    216,
                    172,
                    0.05867510288953781
                ],
                [
                    72,
                    164,
                    0.026002217084169388
                ],
                [
                    72,
                    164,
                    0.02036571316421032
                ],
                [
                    216,
                    172,
                    0.06611687690019608
                ],
                [
                    216,
                    172,
                    0.02201932482421398
                ],
                [
                    312,
                    172,
                    0.015051082707941532
                ],
                [
                    128,
                    70,
                    0.31515929102897644
                ],
                [
                    144,
                    70,
                    0.5031329989433289
                ],
                [
                    120,
                    62,
                    0.15398357808589935
                ],
                [
                    168,
                    70,
                    0.7011159062385559
                ],
                [
                    304,
                    0,
                    1.0155880451202393
                ]
            ]
        },
        {
            "frame_index": 3,
            "id": 3,
            "person_id": null,
            "keypoints": [
                [
                    136,
                    109,
                    0.39696502685546875
                ],
                [
                    152,
                    93,
                    0.5948538184165955
                ],
                [
                    104,
                    101,
                    0.6657106876373291
                ],
                [
                    72,
                    148,
                    0.3922843337059021
                ],
                [
                    296,
                    0,
                    0.026898209005594254
                ],
                [
                    184,
                    93,
                    0.6635585427284241
                ],
                [
                    216,
                    148,
                    0.2717835605144501
                ],
                [
                    216,
                    172,
                    0.023924758657813072
                ],
                [
                    216,
                    172,
                    0.06493709981441498
                ],
                [
                    72,
                    164,
                    0.02998032420873642
                ],
                [
                    64,
                    156,
                    0.021739013493061066
                ],
                [
                    216,
                    172,
                    0.07910894602537155
                ],
                [
                    216,
                    172,
                    0.02582717314362526
                ],
                [
                    312,
                    172,
                    0.015088972635567188
                ],
                [
                    128,
                    93,
                    0.3526623845100403
                ],
                [
                    144,
                    70,
                    0.38135066628456116
                ],
                [
                    120,
                    70,
                    0.18092209100723267
                ],
                [
                    168,
                    62,
                    0.7911726832389832
                ],
                [
                    304,
                    0,
                    1.0162456035614014
                ]
            ]
        },
        {
            "frame_index": 4,
            "id": 4,
            "person_id": null,
            "keypoints": [
                [
                    136,
                    78,
                    0.43728572130203247
                ],
                [
                    144,
                    101,
                    0.7230886220932007
                ],
                [
                    104,
                    101,
                    0.6403172612190247
                ],
                [
                    72,
                    148,
                    0.33766138553619385
                ],
                [
                    296,
                    0,
                    0.026353804394602776
                ],
                [
                    184,
                    93,
                    0.6629804968833923
                ],
                [
                    216,
                    148,
                    0.32708993554115295
                ],
                [
                    304,
                    7,
                    0.021494189277291298
                ],
                [
                    216,
                    172,
                    0.057341139763593674
                ],
                [
                    72,
                    164,
                    0.0260111503303051
                ],
                [
                    72,
                    164,
                    0.02123159170150757
                ],
                [
                    216,
                    172,
                    0.0644630491733551
                ],
                [
                    216,
                    172,
                    0.02143928036093712
                ],
                [
                    312,
                    172,
                    0.01505293045192957
                ],
                [
                    128,
                    70,
                    0.34017056226730347
                ],
                [
                    144,
                    70,
                    0.5672184824943542
                ],
                [
                    120,
                    62,
                    0.11705220490694046
                ],
                [
                    168,
                    70,
                    0.6917405128479004
                ],
                [
                    304,
                    0,
                    1.0151418447494507
                ]
            ]
        }
    ],
    "category_id": 1
}