{
    "info": {
        "video_name": "1_135",
        "resolution": [
            320,
            180
        ],
        "num_frame": 5,
        "num_keypoints": 18,
        "keypoint_channels": [
            "x",
            "y",
            "score"
        ],
        "version": "1.0"
    },
    "annotations": [
        {
            "frame_index": 0,
            "id": 0,
            "person_id": null,
            "keypoints": [
                [
                    136,
                    70,
                    0.18611611425876617
                ],
                [
                    152,
                    101,
                    0.6749009490013123
                ],
                [
                    104,
                    101,
                    0.6863200664520264
                ],
                [
                    72,
                    148,
                    0.38484880328178406
                ],
                [
                    296,
                    0,
                    0.027202485129237175
                ],
                [
                    184,
                    93,
                    0.6249784827232361
                ],
                [
                    216,
                    148,
                    0.2554609775543213
                ],
                [
                    304,
                    7,
                    0.023227708414196968
                ],
                [
                    216,
                    172,
                    0.05385160818696022
                ],
                [
                    72,
                    164,
                    0.02645557001233101
                ],
                [
                    72,
                    164,
                    0.021427245810627937
                ],
                [
                    216,
                    172,
                    0.05697261542081833
                ],
                [
                    216,
                    172,
                    0.01912953518331051
                ],
                [
                    312,
                    172,
                    0.012883435934782028
                ],
                [
                    136,
                    62,
                    0.18836690485477448
                ],
                [
                    152,
                    70,
                    0.1755642592906952
                ],
                [
                    120,
                    62,
                    0.5374297499656677
                ],
                [
                    168,
                    70,
                    0.5121092796325684
                ],
                [
                    304,
                    0,
                    1.0167787075042725
                ]
            ]
        },
        {
            "frame_index": 1,
            "id": 1,
            "person_id": null,
            "keypoints": [
                [
                    136,
                    70,
                    0.2346634864807129
                ],
                [
                    144,
                    101,
                    0.7039052844047546
                ],
                [
                    104,
                    101,
                    0.6358232498168945
                ],
                [
                    72,
                    148,
                    0.39105719327926636
                ],
                [
                    296,
                    0,
                    0.027018893510103226
                ],
                [
                    184,
                    93,
                    0.6275463700294495
                ],
                [
                    216,
                    148,
                    0.301450252532959
                ],
                [
                    304,
                    7,
                    0.02283513732254505
                ],
                [
                    216,
                    172,
                    0.05810094624757767
                ],
                [
                    72,
                    164,
                    0.0246872715651989
                ],
                [
                    72,
                    164,
                    0.021665137261152267
                ],
                [
                    216,
                    172,
                    0.06570037454366684
                ],
                [
                    216,
                    172,
                    0.020544160157442093
                ],
                [
                    312,
                    172,
                    0.012956598773598671
                ],
                [
                    136,
                    62,
                    0.15582923591136932
                ],
                [
                    152,
                    70,
                    0.3381977081298828
                ],
                [
                    120,
                    62,
                    0.1175461933016777
                ],
                [
                    168,
                    70,
                    0.6913867592811584
                ],
                [
                    304,
                    0,
                    1.0163235664367676
                ]
            ]
        },
        {
            "frame_index": 2,
            "id": 2,
            "person_id": null,
            "keypoints": [
                [
                    128,
                    78,
                    0.2966841161251068
                ],
                [
                    152,
                    101,
                    0.7105345726013184
                ],
                [
                    104,
                    101,
                    0.6642162203788757
                ],
                [
                    72,
                    148,
                    0.36202603578567505
                ],
                [
                    296,
                    0,
                    0.02689697965979576
                ],
                [
                    192,
                    93,
                    0.6248224973678589
                ],
                [
                    216,
                    148,
                    0.30709606409072876
                ],
                [
                    304,
                    7,
                    0.022562427446246147
                ],
                [
                    216,
                    172,
                    0.058943022042512894
                ],
                [
                    72,
                    164,
                    0.02868211269378662
                ],
                [
                    64,
                    164,
                    0.021194379776716232
                ],
                [
                    216,
                    172,
                    0.06630922108888626
                ],
                [
                    216,
                    172,
                    0.021231504157185555
                ],
                [
                    312,
                    172,
                    0.01301517989486456
                ],
                [
                    128,
                    70,
                    0.26354846358299255
                ],
                [
                    144,
                    70,
                    0.4253174066543579
                ],
                [
                    120,
                    62,
                    0.10234342515468597
                ],
                [
                    168,
                    62,
                    0.755545973777771
                ],
                [
                    304,
                    0,
                    1.016678810119629
                ]
            ]
        },
        {
            "frame_index": 3,
            "id": 3,
            "person_id": null,
            "keypoints": [
                [
                    136,
                    78,
                    0.39810699224472046
                ],
                [
                    152,
                    101,
                    0.6847954392433167
                ],
                [
                    104,
                    101,
                    0.6657155752182007
                ],
                [
                    72,
                    148,
                    0.3382996916770935
                ],
                [
                    296,
                    0,
                    0.023774923756718636
                ],
                [
                    192,
                    93,
                    0.6275272965431213
                ],
                [
                    216,
                    148,
                    0.2639508843421936
                ],
                [
                    304,
                    7,
                    0.020400742068886757
                ],
                [
                    216,
                    172,
                    0.05820394679903984
                ],
                [
                    72,
                    164,
                    0.022087354212999344
                ],
                [
                    64,
                    164,
                    0.01987215131521225
                ],
                [
                    216,
                    172,
                    0.06401771306991577
                ],
                [
                    216,
                    172,
                    0.021389100700616837
                ],
                [
                    312,
                    172,
                    0.013723591342568398
                ],
                [
                    128,
                    70,
                    0.31990790367126465
                ],
                [
                    144,
                    70,
                    0.5155996680259705
                ],
                [
                    120,
                    62,
                    0.1342751681804657
                ],
                [
                    168,
                    62,
                    0.785770058631897
                ],
                [
                    304,
                    0,
                    1.0177956819534302
                ]
            ]
        },
        {
            "frame_index": 4,
            "id": 4,
            "person_id": null,
            "keypoints": [
                [
                    144,
                    70,
                    0.2726154029369354
                ],
                [
                    144,
                    101,
                    0.6564202904701233
                ],
                [
                    104,
                    101,
                    0.6551889181137085
                ],
                [
                    72,
                    148,
                    0.35705846548080444
                ],
                [
                    296,
                    0,
                    0.023695064708590508
                ],
                [
                    192,
                    93,
                    0.6475852727890015
                ],
                [
                    216,
                    148,
                    0.31785985827445984
                ],
                [
                    304,
                    7,
                    0.01998530514538288
                ],
                [
                    216,
                    172,
                    0.05641087517142296
                ],
                [
                    72,
                    164,
                    0.023199860006570816
                ],
                [
                    64,
                    164,
                    0.020986955612897873
                ],
                [
                    216,
                    172,
                    0.06234321743249893
                ],
                [
                    216,
                    172,
                    0.020349182188510895
                ],
                [
                    312,
                    172,
                    0.013706956058740616
                ],
                [
                    136,
                    62,
                    0.30210113525390625
                ],
                [
                    152,
                    62,
                    0.21047787368297577
                ],
                [
                    120,
                    62,
                    0.5207527875900269
                ],
                [
                    168,
                    62,
                    0.5113505721092224
                ],
                [
                    304,
                    0,
                    1.0168731212615967
                ]
            ]
        }
    ],
    "category_id": 1
}