{
    "info": {
        "video_name": "1_131",
        "resolution": [
            320,
            180
        ],
        "num_frame": 3,
        "num_keypoints": 18,
        "keypoint_channels": [
            "x",
            "y",
            "score"
        ],
        "version": "1.0"
    },
    "annotations": [
        {
            "frame_index": 0,
            "id": 0,
            "person_id": null,
            "keypoints": [
                [
                    152,
                    39,
                    0.48255017399787903
                ],
                [
                    168,
                    93,
                    0.6550620198249817
                ],
                [
                    120,
                    93,
                    0.6436268091201782
                ],
                [
                    80,
                    148,
                    0.39012786746025085
                ],
                [
                    40,
                    140,
                    0.05064554512500763
                ],
                [
                    208,
                    101,
                    0.6011630892753601
                ],
                [
                    248,
                    148,
                    0.277694433927536
                ],
                [
                    40,
                    140,
                    0.04922013729810715
                ],
                [
                    256,
                    172,
                    0.043959952890872955
                ],
                [
                    304,
                    164,
                    0.031637340784072876
                ],
                [
                    8,
                    15,
                    0.02273748070001602
                ],
                [
                    256,
                    172,
                    0.049153875559568405
                ],
                [
                    304,
                    156,
                    0.017906801775097847
                ],
                [
                    304,
                    172,
                    0.01675994321703911
                ],
                [
                    152,
                    39,
                    0.30046775937080383
                ],
                [
                    168,
                    39,
                    0.3730464577674866
                ],
                [
                    136,
                    46,
                    0.6082770824432373
                ],
                [
                    184,
                    46,
                    0.8294943571090698
                ],
                [
                    304,
                    0,
                    1.0207037925720215
                ]
            ]
        },
        {
            "frame_index": 1,
            "id": 1,
            "person_id": null,
            "keypoints": [
                [
                    160,
                    39,
                    0.46429941058158875
                ],
                [
                    160,
                    93,
                    0.626581609249115
                ],
                [
                    120,
                    93,
                    0.6062122583389282
                ],
                [
                    80,
                    148,
                    0.41584283113479614
                ],
                [
                    40,
                    140,
                    0.054557353258132935
                ],
                [
                    200,
                    101,
                    0.5587867498397827
                ],
                [
                    248,
                    148,
                    0.26325523853302
                ],
                [
                    40,
                    140,
                    0.05206015706062317
                ],
                [
                    256,
                    172,
                    0.04538630694150925
                ],
                [
                    304,
                    164,
                    0.03191982954740524
                ],
                [
                    8,
                    15,
                    0.022841107100248337
                ],
                [
                    256,
                    172,
                    0.050418343394994736
                ],
                [
                    304,
                    156,
                    0.018148548901081085
                ],
                [
                    168,
                    7,
                    0.019613072276115417
                ],
                [
                    152,
                    39,
                    0.38132941722869873
                ],
                [
                    160,
                    31,
                    0.11437545716762543
                ],
                [
                    136,
                    46,
                    0.45443814992904663
                ],
                [
                    184,
                    39,
                    0.11057186126708984
                ],
                [
                    304,
                    0,
                    1.0217586755752563
                ]
            ]
        },
        {
            "frame_index": 2,
            "id": 2,
            "person_id": null,
            "keypoints": [
                [
                    152,
                    46,
                    0.3639598488807678
                ],
                [
                    160,
                    93,
                    0.6619468927383423
                ],
                [
                    120,
                    93,
                    0.5994921922683716
                ],
                [
                    80,
                    148,
                    0.3953383266925812
                ],
                [
                    40,
                    140,
                    0.05329061299562454
                ],
                [
                    208,
                    101,
                    0.648821234703064
                ],
                [
                    248,
                    148,
                    0.2643658220767975
                ],
                [
                    40,
                    140,
                    0.048489801585674286
                ],
                [
                    40,
                    156,
                    0.046701282262802124
                ],
                [
                    304,
                    164,
                    0.031515154987573624
                ],
                [
                    8,
                    15,
                    0.02224433794617653
                ],
                [
                    256,
                    172,
                    0.04537038132548332
                ],
                [
                    48,
                    156,
                    0.01945202238857746
                ],
                [
                    304,
                    172,
                    0.016819657757878304
                ],
                [
                    152,
                    46,
                    0.31225281953811646
                ],
                [
                    160,
                    39,
                    0.4080815315246582
                ],
                [
                    144,
                    54,
                    0.22492438554763794
                ],
                [
                    184,
                    46,
                    0.701169490814209
                ],
                [
                    304,
                    0,
                    1.0231869220733643
                ]
            ]
        }
    ],
    "category_id": 1
}