{
    "info": {
        "video_name": "1_139",
        "resolution": [
            320,
            180
        ],
        "num_frame": 3,
        "num_keypoints": 18,
        "keypoint_channels": [
            "x",
            "y",
            "score"
        ],
        "version": "1.0"
    },
    "annotations": [
        {
            "frame_index": 0,
            "id": 0,
            "person_id": null,
            "keypoints": [
                [
                    128,
                    70,
                    0.3439699709415436
                ],
                [
                    144,
                    101,
                    0.6886268854141235
                ],
                [
                    104,
                    101,
                    0.6471350193023682
                ],
                [
                    64,
                    148,
                    0.28740882873535156
                ],
                [
                    296,
                    0,
                    0.025861088186502457
                ],
                [
                    192,
                    101,
                    0.6373519897460938
                ],
                [
                    216,
                    148,
                    0.27308189868927
                ],
                [
                    304,
                    7,
                    0.021649258211255074
                ],
                [
                    216,
                    172,
                    0.042927153408527374
                ],
                [
                    120,
                    172,
                    0.020465467125177383
                ],
                [
                    56,
                    156,
                    0.02019442617893219
                ],
                [
                    216,
                    172,
                    0.04577236622571945
                ],
                [
                    216,
                    172,
                    0.017943985760211945
                ],
                [
                    312,
                    172,
                    0.013040861114859581
                ],
                [
                    128,
                    70,
                    0.2938177287578583
                ],
                [
                    144,
                    70,
                    0.4663302004337311
                ],
                [
                    120,
                    62,
                    0.09592550247907639
                ],
                [
                    168,
                    62,
                    0.809424877166748
                ],
                [
                    304,
                    0,
                    1.0235509872436523
                ]
            ]
        },
        {
            "frame_index": 1,
            "id": 1,
            "person_id": null,
            "keypoints": [
                [
                    136,
                    78,
                    0.3855295479297638
                ],
                [
                    144,
                    101,
                    0.666519820690155
                ],
                [
                    104,
                    101,
                    0.6525939702987671
                ],
                [
                    64,
                    148,
                    0.3008520007133484
                ],
                [
                    296,
                    0,
                    0.025534844025969505
                ],
                [
                    192,
                    101,
                    0.6481958627700806
                ],
                [
                    216,
                    148,
                    0.2927405536174774
                ],
                [
                    304,
                    7,
                    0.021414032205939293
                ],
                [
                    216,
                    172,
                    0.04463310167193413
                ],
                [
                    56,
                    164,
                    0.018811149522662163
                ],
                [
                    56,
                    156,
                    0.020067553967237473
                ],
                [
                    216,
                    172,
                    0.049824219197034836
                ],
                [
                    216,
                    172,
                    0.018761299550533295
                ],
                [
                    312,
                    172,
                    0.013067755848169327
                ],
                [
                    128,
                    70,
                    0.35583895444869995
                ],
                [
                    144,
                    70,
                    0.48340559005737305
                ],
                [
                    120,
                    62,
                    0.10317543894052505
                ],
                [
                    168,
                    62,
                    0.7800401449203491
                ],
                [
                    304,
                    0,
                    1.0221154689788818
                ]
            ]
        },
        {
            "frame_index": 2,
            "id": 2,
            "person_id": null,
            "keypoints": [
                [
                    136,
                    70,
                    0.1744062751531601
                ],
                [
                    144,
                    101,
                    0.6367628574371338
                ],
                [
                    104,
                    101,
                    0.642497718334198
                ],
                [
                    64,
                    148,
                    0.2955699563026428
                ],
                [
                    296,
                    0,
                    0.02587389014661312
                ],
                [
                    192,
                    101,
                    0.6243454217910767
                ],
                [
                    216,
                    148,
                    0.27914872765541077
                ],
                [
                    304,
                    7,
                    0.021803585812449455
                ],
                [
                    216,
                    172,
                    0.04374159872531891
                ],
                [
                    56,
                    164,
                    0.019121108576655388
                ],
                [
                    56,
                    156,
                    0.022053178399801254
                ],
                [
                    216,
                    172,
                    0.04772027209401131
                ],
                [
                    216,
                    172,
                    0.018669024109840393
                ],
                [
                    312,
                    172,
                    0.013042310252785683
                ],
                [
                    136,
                    62,
                    0.16812145709991455
                ],
                [
                    144,
                    62,
                    0.2584573030471802
                ],
                [
                    120,
                    62,
                    0.1677333116531372
                ],
                [
                    168,
                    70,
                    0.8191574215888977
                ],
                [
                    304,
                    0,
                    1.0247360467910767
                ]
            ]
        }
    ],
    "category_id": 1
}