{
    "info": {
        "video_name": "1_137",
        "resolution": [
            320,
            180
        ],
        "num_frame": 7,
        "num_keypoints": 18,
        "keypoint_channels": [
            "x",
            "y",
            "score"
        ],
        "version": "1.0"
    },
    "annotations": [
        {
            "frame_index": 0,
            "id": 0,
            "person_id": null,
            "keypoints": [
                [
                    128,
                    62,
                    0.10288131982088089
                ],
                [
                    144,
                    109,
                    0.6572721600532532
                ],
                [
                    96,
                    109,
                    0.5856108665466309
                ],
                [
                    72,
                    148,
                    0.16973158717155457
                ],
                [
                    296,
                    0,
                    0.02557050809264183
                ],
                [
                    192,
                    101,
                    0.642988383769989
                ],
                [
                    216,
                    148,
                    0.28079095482826233
                ],
                [
                    304,
                    7,
                    0.020119938999414444
                ],
                [
                    216,
                    172,
                    0.04771946743130684
                ],
                [
                    72,
                    164,
                    0.017847182229161263
                ],
                [
                    56,
                    156,
                    0.02281275764107704
                ],
                [
                    216,
                    172,
                    0.05524589493870735
                ],
                [
                    216,
                    172,
                    0.017799563705921173
                ],
                [
                    312,
                    172,
                    0.013059234246611595
                ],
                [
                    128,
                    62,
                    0.07375691086053848
                ],
                [
                    144,
                    62,
                    0.10374468564987183
                ],
                [
                    112,
                    62,
                    0.04977817088365555
                ],
                [
                    160,
                    70,
                    0.7762287855148315
                ],
                [
                    304,
                    0,
                    1.0161185264587402
                ]
            ]
        },
        {
            "frame_index": 1,
            "id": 1,
            "person_id": null,
            "keypoints": [
                [
                    144,
                    62,
                    0.4768010675907135
                ],
                [
                    152,
                    109,
                    0.6873983144760132
                ],
                [
                    104,
                    101,
                    0.6215134859085083
                ],
                [
                    64,
                    148,
                    0.23156113922595978
                ],
                [
                    296,
                    0,
                    0.025031188502907753
                ],
                [
                    192,
                    101,
                    0.6667842864990234
                ],
                [
                    216,
                    148,
                    0.32230281829833984
                ],
                [
                    304,
                    7,
                    0.019786231219768524
                ],
                [
                    216,
                    172,
                    0.04692496359348297
                ],
                [
                    64,
                    164,
                    0.018689319491386414
                ],
                [
                    48,
                    156,
                    0.02138904109597206
                ],
                [
                    216,
                    172,
                    0.057283610105514526
                ],
                [
                    216,
                    172,
                    0.017298635095357895
                ],
                [
                    80,
                    164,
                    0.013746727257966995
                ],
                [
                    136,
                    62,
                    0.4562285840511322
                ],
                [
                    152,
                    62,
                    0.37450483441352844
                ],
                [
                    120,
                    70,
                    0.8088646531105042
                ],
                [
                    168,
                    62,
                    0.7956588268280029
                ],
                [
                    304,
                    0,
                    1.0153857469558716
                ]
            ]
        },
        {
            "frame_index": 2,
            "id": 2,
            "person_id": null,
            "keypoints": [
                [
                    136,
                    78,
                    0.2105228304862976
                ],
                [
                    144,
                    109,
                    0.6603598594665527
                ],
                [
                    104,
                    109,
                    0.5661998391151428
                ],
                [
                    72,
                    148,
                    0.24820588529109955
                ],
                [
                    296,
                    0,
                    0.024802668020129204
                ],
                [
                    192,
                    101,
                    0.668817400932312
                ],
                [
                    216,
                    148,
                    0.271870493888855
                ],
                [
                    304,
                    7,
                    0.019598890095949173
                ],
                [
                    216,
                    172,
                    0.04807126522064209
                ],
                [
                    72,
                    164,
                    0.01999451220035553
                ],
                [
                    56,
                    156,
                    0.02259831130504608
                ],
                [
                    216,
                    172,
                    0.05799628794193268
                ],
                [
                    216,
                    172,
                    0.01843552105128765
                ],
                [
                    312,
                    172,
                    0.012910900637507439
                ],
                [
                    128,
                    70,
                    0.1805836707353592
                ],
                [
                    144,
                    70,
                    0.21929040551185608
                ],
                [
                    120,
                    70,
                    0.18601572513580322
                ],
                [
                    168,
                    70,
                    0.8033592700958252
                ],
                [
                    304,
                    0,
                    1.0150903463363647
                ]
            ]
        },
        {
            "frame_index": 3,
            "id": 3,
            "person_id": null,
            "keypoints": [
                [
                    152,
                    46,
                    0.17064231634140015
                ],
                [
                    144,
                    109,
                    0.6932536959648132
                ],
                [
                    104,
                    101,
                    0.6082341074943542
                ],
                [
                    64,
                    148,
                    0.2471240907907486
                ],
                [
                    296,
                    0,
                    0.025093907490372658
                ],
                [
                    192,
                    101,
                    0.6269462704658508
                ],
                [
                    216,
                    148,
                    0.29495468735694885
                ],
                [
                    152,
                    23,
                    0.022163426503539085
                ],
                [
                    216,
                    172,
                    0.04380923509597778
                ],
                [
                    64,
                    164,
                    0.019178718328475952
                ],
                [
                    48,
                    156,
                    0.0207836851477623
                ],
                [
                    216,
                    172,
                    0.05049029365181923
                ],
                [
                    216,
                    172,
                    0.016133103519678116
                ],
                [
                    80,
                    164,
                    0.014333846047520638
                ],
                [
                    144,
                    46,
                    0.08264850080013275
                ],
                [
                    160,
                    46,
                    0.13023002445697784
                ],
                [
                    120,
                    70,
                    0.6511120200157166
                ],
                [
                    168,
                    54,
                    0.15659639239311218
                ],
                [
                    304,
                    0,
                    1.015291452407837
                ]
            ]
        },
        {
            "frame_index": 4,
            "id": 4,
            "person_id": null,
            "keypoints": [
                [
                    144,
                    54,
                    0.1319001019001007
                ],
                [
                    144,
                    109,
                    0.7189536690711975
                ],
                [
                    104,
                    101,
                    0.6236637830734253
                ],
                [
                    72,
                    148,
                    0.2134784758090973
                ],
                [
                    144,
                    31,
                    0.0259840227663517
                ],
                [
                    192,
                    101,
                    0.6272389888763428
                ],
                [
                    216,
                    148,
                    0.3499179184436798
                ],
                [
                    144,
                    23,
                    0.025151150301098824
                ],
                [
                    216,
                    172,
                    0.04237067699432373
                ],
                [
                    64,
                    164,
                    0.019392529502511024
                ],
                [
                    216,
                    156,
                    0.02407006174325943
                ],
                [
                    216,
                    172,
                    0.04824824258685112
                ],
                [
                    216,
                    156,
                    0.014785878360271454
                ],
                [
                    80,
                    164,
                    0.013552519492805004
                ],
                [
                    128,
                    62,
                    0.0589105598628521
                ],
                [
                    160,
                    46,
                    0.08586040884256363
                ],
                [
                    120,
                    70,
                    0.619682252407074
                ],
                [
                    168,
                    62,
                    0.21280129253864288
                ],
                [
                    304,
                    0,
                    1.0156461000442505
                ]
            ]
        },
        {
            "frame_index": 5,
            "id": 5,
            "person_id": null,
            "keypoints": [
                [
                    136,
                    78,
                    0.29933470487594604
                ],
                [
                    144,
                    109,
                    0.6818717122077942
                ],
                [
                    104,
                    101,
                    0.5866075754165649
                ],
                [
                    64,
                    156,
                    0.19654859602451324
                ],
                [
                    296,
                    0,
                    0.024975821375846863
                ],
                [
                    192,
                    101,
                    0.6654415130615234
                ],
                [
                    216,
                    148,
                    0.3262072503566742
                ],
                [
                    304,
                    7,
                    0.019548645243048668
                ],
                [
                    216,
                    172,
                    0.04432888329029083
                ],
                [
                    64,
                    164,
                    0.017665985971689224
                ],
                [
                    216,
                    156,
                    0.021979378536343575
                ],
                [
                    216,
                    172,
                    0.05478460341691971
                ],
                [
                    216,
                    172,
                    0.016297344118356705
                ],
                [
                    312,
                    172,
                    0.01329551450908184
                ],
                [
                    128,
                    70,
                    0.2984410226345062
                ],
                [
                    136,
                    70,
                    0.31354302167892456
                ],
                [
                    120,
                    62,
                    0.24157968163490295
                ],
                [
                    168,
                    62,
                    0.7480729818344116
                ],
                [
                    304,
                    0,
                    1.0152692794799805
                ]
            ]
        },
        {
            "frame_index": 6,
            "id": 6,
            "person_id": null,
            "keypoints": [
                [
                    128,
                    78,
                    0.2868156433105469
                ],
                [
                    144,
                    109,
                    0.6643605828285217
                ],
                [
                    96,
                    101,
                    0.5583495497703552
                ],
                [
                    64,
                    156,
                    0.21578997373580933
                ],
                [
                    296,
                    0,
                    0.024944476783275604
                ],
                [
                    192,
                    101,
                    0.652624785900116
                ],
                [
                    216,
                    148,
                    0.27857786417007446
                ],
                [
                    304,
                    7,
                    0.01941743865609169
                ],
                [
                    216,
                    172,
                    0.04276299476623535
                ],
                [
                    64,
                    164,
                    0.01915845088660717
                ],
                [
                    48,
                    156,
                    0.021873489022254944
                ],
                [
                    216,
                    172,
                    0.04815910384058952
                ],
                [
                    216,
                    172,
                    0.016068818047642708
                ],
                [
                    312,
                    172,
                    0.01328816544264555
                ],
                [
                    128,
                    70,
                    0.29520824551582336
                ],
                [
                    136,
                    70,
                    0.3409627377986908
                ],
                [
                    120,
                    62,
                    0.14758726954460144
                ],
                [
                    168,
                    70,
                    0.7515160441398621
                ],
                [
                    304,
                    0,
                    1.0159354209899902
                ]
            ]
        }
    ],
    "category_id": 1
}