{
    "info": {
        "video_name": "1_130",
        "resolution": [
            320,
            180
        ],
        "num_frame": 7,
        "num_keypoints": 18,
        "keypoint_channels": [
            "x",
            "y",
            "score"
        ],
        "version": "1.0"
    },
    "annotations": [
        {
            "frame_index": 0,
            "id": 0,
            "person_id": null,
            "keypoints": [
                [
                    176,
                    46,
                    0.5268286466598511
                ],
                [
                    168,
                    93,
                    0.6954892873764038
                ],
                [
                    120,
                    93,
                    0.6409412026405334
                ],
                [
                    72,
                    156,
                    0.16215215623378754
                ],
                [
                    296,
                    0,
                    0.0299373809248209
                ],
                [
                    208,
                    101,
                    0.6006532311439514
                ],
                [
                    264,
                    156,
                    0.37148967385292053
                ],
                [
                    264,
                    164,
                    0.055636048316955566
                ],
                [
                    264,
                    172,
                    0.05695785954594612
                ],
                [
                    304,
                    164,
                    0.029788848012685776
                ],
                [
                    72,
                    164,
                    0.025904832407832146
                ],
                [
                    264,
                    172,
                    0.08938408643007278
                ],
                [
                    264,
                    156,
                    0.03751634061336517
                ],
                [
                    8,
                    164,
                    0.015580561012029648
                ],
                [
                    160,
                    39,
                    0.49646517634391785
                ],
                [
                    184,
                    39,
                    0.32531002163887024
                ],
                [
                    144,
                    46,
                    0.7946367263793945
                ],
                [
                    200,
                    46,
                    0.32078632712364197
                ],
                [
                    304,
                    0,
                    1.0347449779510498
                ]
            ]
        },
        {
            "frame_index": 1,
            "id": 1,
            "person_id": null,
            "keypoints": [
                [
                    152,
                    46,
                    0.1094125434756279
                ],
                [
                    168,
                    93,
                    0.6587238311767578
                ],
                [
                    120,
                    93,
                    0.6349136233329773
                ],
                [
                    72,
                    156,
                    0.16648851335048676
                ],
                [
                    8,
                    148,
                    0.030025580897927284
                ],
                [
                    208,
                    101,
                    0.5789742469787598
                ],
                [
                    264,
                    156,
                    0.3775133192539215
                ],
                [
                    264,
                    164,
                    0.053149037063121796
                ],
                [
                    264,
                    172,
                    0.056454021483659744
                ],
                [
                    304,
                    164,
                    0.029955323785543442
                ],
                [
                    72,
                    164,
                    0.02874213270843029
                ],
                [
                    264,
                    172,
                    0.08462131023406982
                ],
                [
                    264,
                    156,
                    0.04100896790623665
                ],
                [
                    8,
                    164,
                    0.015730949118733406
                ],
                [
                    152,
                    46,
                    0.10050605237483978
                ],
                [
                    176,
                    54,
                    0.028569642454385757
                ],
                [
                    144,
                    46,
                    0.7296046018600464
                ],
                [
                    192,
                    54,
                    0.1881958544254303
                ],
                [
                    304,
                    0,
                    1.0324935913085938
                ]
            ]
        },
        {
            "frame_index": 2,
            "id": 2,
            "person_id": null,
            "keypoints": [
                [
                    160,
                    54,
                    0.08610700815916061
                ],
                [
                    168,
                    93,
                    0.6604621410369873
                ],
                [
                    120,
                    93,
                    0.640660285949707
                ],
                [
                    72,
                    156,
                    0.16842640936374664
                ],
                [
                    296,
                    0,
                    0.029887845739722252
                ],
                [
                    208,
                    93,
                    0.5804113149642944
                ],
                [
                    256,
                    156,
                    0.42026329040527344
                ],
                [
                    256,
                    156,
                    0.04764225333929062
                ],
                [
                    264,
                    172,
                    0.05062035471200943
                ],
                [
                    304,
                    164,
                    0.0325312502682209
                ],
                [
                    72,
                    164,
                    0.027942778542637825
                ],
                [
                    264,
                    172,
                    0.07449766248464584
                ],
                [
                    264,
                    156,
                    0.03422505781054497
                ],
                [
                    304,
                    172,
                    0.015787899494171143
                ],
                [
                    152,
                    46,
                    0.09279017150402069
                ],
                [
                    176,
                    62,
                    0.10400427877902985
                ],
                [
                    144,
                    46,
                    0.7091425061225891
                ],
                [
                    184,
                    54,
                    0.1642604023218155
                ],
                [
                    304,
                    0,
                    1.0337210893630981
                ]
            ]
        },
        {
            "frame_index": 3,
            "id": 3,
            "person_id": null,
            "keypoints": [
                [
                    160,
                    39,
                    0.2908657491207123
                ],
                [
                    168,
                    93,
                    0.6714992523193359
                ],
                [
                    120,
                    93,
                    0.6130027770996094
                ],
                [
                    72,
                    156,
                    0.164670929312706
                ],
                [
                    8,
                    148,
                    0.03236590325832367
                ],
                [
                    208,
                    101,
                    0.582448422908783
                ],
                [
                    256,
                    156,
                    0.4354015290737152
                ],
                [
                    264,
                    164,
                    0.051749274134635925
                ],
                [
                    264,
                    172,
                    0.05304878205060959
                ],
                [
                    304,
                    164,
                    0.0316750593483448
                ],
                [
                    72,
                    164,
                    0.027879077941179276
                ],
                [
                    264,
                    172,
                    0.07906192541122437
                ],
                [
                    264,
                    156,
                    0.03704199939966202
                ],
                [
                    160,
                    7,
                    0.0178464874625206
                ],
                [
                    152,
                    39,
                    0.2544780969619751
                ],
                [
                    168,
                    31,
                    0.08902864903211594
                ],
                [
                    136,
                    46,
                    0.755492627620697
                ],
                [
                    184,
                    39,
                    0.07374502718448639
                ],
                [
                    304,
                    0,
                    1.0312566757202148
                ]
            ]
        },
        {
            "frame_index": 4,
            "id": 4,
            "person_id": null,
            "keypoints": [
                [
                    168,
                    54,
                    0.06549175828695297
                ],
                [
                    168,
                    93,
                    0.6267272233963013
                ],
                [
                    120,
                    93,
                    0.6167352199554443
                ],
                [
                    72,
                    156,
                    0.15813754498958588
                ],
                [
                    296,
                    0,
                    0.030523909255862236
                ],
                [
                    208,
                    101,
                    0.5886716842651367
                ],
                [
                    264,
                    156,
                    0.3465084433555603
                ],
                [
                    264,
                    164,
                    0.05408279597759247
                ],
                [
                    264,
                    172,
                    0.05678281933069229
                ],
                [
                    304,
                    164,
                    0.029535338282585144
                ],
                [
                    72,
                    164,
                    0.025592414662241936
                ],
                [
                    264,
                    172,
                    0.08520470559597015
                ],
                [
                    264,
                    156,
                    0.03499624505639076
                ],
                [
                    304,
                    172,
                    0.01598644070327282
                ],
                [
                    168,
                    46,
                    0.08250211179256439
                ],
                [
                    184,
                    70,
                    0.11488577723503113
                ],
                [
                    144,
                    46,
                    0.700467586517334
                ],
                [
                    192,
                    62,
                    0.19686876237392426
                ],
                [
                    304,
                    0,
                    1.031184434890747
                ]
            ]
        },
        {
            "frame_index": 5,
            "id": 5,
            "person_id": null,
            "keypoints": [
                [
                    160,
                    39,
                    0.5211378335952759
                ],
                [
                    168,
                    93,
                    0.6730412244796753
                ],
                [
                    120,
                    93,
                    0.6396340131759644
                ],
                [
                    72,
                    156,
                    0.18858602643013
                ],
                [
                    296,
                    0,
                    0.033317290246486664
                ],
                [
                    208,
                    93,
                    0.6093092560768127
                ],
                [
                    256,
                    156,
                    0.4618297815322876
                ],
                [
                    256,
                    156,
                    0.07187038660049438
                ],
                [
                    264,
                    172,
                    0.05571398884057999
                ],
                [
                    304,
                    164,
                    0.03146668151021004
                ],
                [
                    8,
                    15,
                    0.025087924674153328
                ],
                [
                    264,
                    172,
                    0.08321887999773026
                ],
                [
                    264,
                    156,
                    0.03645646199584007
                ],
                [
                    304,
                    172,
                    0.01658698543906212
                ],
                [
                    152,
                    39,
                    0.45816540718078613
                ],
                [
                    168,
                    39,
                    0.3593434989452362
                ],
                [
                    136,
                    46,
                    0.7382540702819824
                ],
                [
                    184,
                    46,
                    0.6609517931938171
                ],
                [
                    304,
                    0,
                    1.0222687721252441
                ]
            ]
        },
        {
            "frame_index": 6,
            "id": 6,
            "person_id": null,
            "keypoints": [
                [
                    168,
                    54,
                    0.8614763617515564
                ],
                [
                    168,
                    93,
                    0.7228097915649414
                ],
                [
                    120,
                    93,
                    0.6508978605270386
                ],
                [
                    72,
                    148,
                    0.3598938286304474
                ],
                [
                    72,
                    156,
                    0.04099951684474945
                ],
                [
                    208,
                    93,
                    0.659278929233551
                ],
                [
                    256,
                    148,
                    0.508574366569519
                ],
                [
                    256,
                    148,
                    0.08855368196964264
                ],
                [
                    256,
                    172,
                    0.056348733603954315
                ],
                [
                    72,
                    164,
                    0.03684360161423683
                ],
                [
                    8,
                    15,
                    0.026665039360523224
                ],
                [
                    256,
                    172,
                    0.07784821838140488
                ],
                [
                    256,
                    156,
                    0.03335956111550331
                ],
                [
                    304,
                    172,
                    0.018153326585888863
                ],
                [
                    160,
                    46,
                    0.8406788110733032
                ],
                [
                    176,
                    46,
                    0.8302274346351624
                ],
                [
                    144,
                    46,
                    0.8397226929664612
                ],
                [
                    192,
                    54,
                    0.7503501176834106
                ],
                [
                    304,
                    0,
                    1.022719144821167
                ]
            ]
        }
    ],
    "category_id": 1
}