{
    "info": {
        "video_name": "1_132",
        "resolution": [
            320,
            180
        ],
        "num_frame": 4,
        "num_keypoints": 18,
        "keypoint_channels": [
            "x",
            "y",
            "score"
        ],
        "version": "1.0"
    },
    "annotations": [
        {
            "frame_index": 0,
            "id": 0,
            "person_id": null,
            "keypoints": [
                [
                    160,
                    46,
                    0.3163033127784729
                ],
                [
                    168,
                    93,
                    0.6505911350250244
                ],
                [
                    120,
                    93,
                    0.6246727108955383
                ],
                [
                    80,
                    148,
                    0.44997507333755493
                ],
                [
                    296,
                    0,
                    0.029508715495467186
                ],
                [
                    208,
                    93,
                    0.5701366066932678
                ],
                [
                    248,
                    148,
                    0.29808545112609863
                ],
                [
                    304,
                    7,
                    0.024697670713067055
                ],
                [
                    216,
                    93,
                    0.07386405020952225
                ],
                [
                    80,
                    164,
                    0.031170573085546494
                ],
                [
                    8,
                    15,
                    0.02269083820283413
                ],
                [
                    256,
                    172,
                    0.053171925246715546
                ],
                [
                    304,
                    156,
                    0.01806594990193844
                ],
                [
                    304,
                    172,
                    0.01720729097723961
                ],
                [
                    152,
                    46,
                    0.3009890615940094
                ],
                [
                    168,
                    39,
                    0.07082963734865189
                ],
                [
                    136,
                    54,
                    0.7878415584564209
                ],
                [
                    184,
                    46,
                    0.12082108855247498
                ],
                [
                    304,
                    0,
                    1.025811791419983
                ]
            ]
        },
        {
            "frame_index": 1,
            "id": 1,
            "person_id": null,
            "keypoints": [
                [
                    152,
                    54,
                    0.2778492867946625
                ],
                [
                    168,
                    93,
                    0.6822571158409119
                ],
                [
                    120,
                    93,
                    0.6173571348190308
                ],
                [
                    80,
                    148,
                    0.4474439322948456
                ],
                [
                    296,
                    0,
                    0.0290862824767828
                ],
                [
                    200,
                    93,
                    0.5935537219047546
                ],
                [
                    248,
                    148,
                    0.37630221247673035
                ],
                [
                    304,
                    7,
                    0.024302003905177116
                ],
                [
                    80,
                    172,
                    0.037314895540475845
                ],
                [
                    304,
                    164,
                    0.03136519715189934
                ],
                [
                    56,
                    156,
                    0.0227774940431118
                ],
                [
                    256,
                    172,
                    0.04251636192202568
                ],
                [
                    304,
                    156,
                    0.01928487792611122
                ],
                [
                    304,
                    172,
                    0.017270449548959732
                ],
                [
                    152,
                    46,
                    0.2639588713645935
                ],
                [
                    160,
                    46,
                    0.10408549755811691
                ],
                [
                    136,
                    54,
                    0.80108243227005
                ],
                [
                    184,
                    46,
                    0.3234706223011017
                ],
                [
                    304,
                    0,
                    1.0241775512695312
                ]
            ]
        },
        {
            "frame_index": 2,
            "id": 2,
            "person_id": null,
            "keypoints": [
                [
                    176,
                    62,
                    0.9342271089553833
                ],
                [
                    168,
                    93,
                    0.6779575943946838
                ],
                [
                    120,
                    101,
                    0.6095258593559265
                ],
                [
                    80,
                    148,
                    0.27358201146125793
                ],
                [
                    296,
                    0,
                    0.029000287875533104
                ],
                [
                    208,
                    93,
                    0.5979493260383606
                ],
                [
                    248,
                    148,
                    0.30238112807273865
                ],
                [
                    304,
                    7,
                    0.024195628240704536
                ],
                [
                    80,
                    172,
                    0.04430241137742996
                ],
                [
                    304,
                    164,
                    0.030207417905330658
                ],
                [
                    72,
                    164,
                    0.0240594781935215
                ],
                [
                    256,
                    172,
                    0.04316030442714691
                ],
                [
                    304,
                    156,
                    0.018428951501846313
                ],
                [
                    304,
                    172,
                    0.01766611635684967
                ],
                [
                    160,
                    54,
                    0.7838953137397766
                ],
                [
                    184,
                    54,
                    0.7892687320709229
                ],
                [
                    144,
                    62,
                    0.8309175968170166
                ],
                [
                    184,
                    54,
                    0.15140403807163239
                ],
                [
                    304,
                    0,
                    1.0248894691467285
                ]
            ]
        },
        {
            "frame_index": 3,
            "id": 3,
            "person_id": null,
            "keypoints": [
                [
                    176,
                    62,
                    0.292000949382782
                ],
                [
                    168,
                    93,
                    0.660979688167572
                ],
                [
                    120,
                    101,
                    0.6012693047523499
                ],
                [
                    80,
                    148,
                    0.26025834679603577
                ],
                [
                    296,
                    0,
                    0.028330126777291298
                ],
                [
                    208,
                    101,
                    0.5961396098136902
                ],
                [
                    248,
                    148,
                    0.36132606863975525
                ],
                [
                    304,
                    7,
                    0.024497682228684425
                ],
                [
                    80,
                    172,
                    0.04114436358213425
                ],
                [
                    304,
                    164,
                    0.03109271079301834
                ],
                [
                    56,
                    156,
                    0.022795837372541428
                ],
                [
                    256,
                    172,
                    0.03914584964513779
                ],
                [
                    304,
                    156,
                    0.018758030608296394
                ],
                [
                    304,
                    172,
                    0.0179251991212368
                ],
                [
                    160,
                    54,
                    0.281447172164917
                ],
                [
                    184,
                    62,
                    0.16629599034786224
                ],
                [
                    144,
                    54,
                    0.7190623879432678
                ],
                [
                    192,
                    54,
                    0.10738526284694672
                ],
                [
                    304,
                    0,
                    1.0221666097640991
                ]
            ]
        }
    ],
    "category_id": 1
}