{
    "info": {
        "video_name": "1_148",
        "resolution": [
            320,
            180
        ],
        "num_frame": 4,
        "num_keypoints": 18,
        "keypoint_channels": [
            "x",
            "y",
            "score"
        ],
        "version": "1.0"
    },
    "annotations": [
        {
            "frame_index": 0,
            "id": 0,
            "person_id": null,
            "keypoints": [
                [
                    128,
                    54,
                    0.19426767528057098
                ],
                [
                    168,
                    125,
                    0.5674585103988647
                ],
                [
                    112,
                    125,
                    0.5998040437698364
                ],
                [
                    96,
                    148,
                    0.10940216481685638
                ],
                [
                    312,
                    133,
                    0.02705848589539528
                ],
                [
                    216,
                    125,
                    0.6216859221458435
                ],
                [
                    240,
                    148,
                    0.04978015273809433
                ],
                [
                    304,
                    7,
                    0.026880549266934395
                ],
                [
                    40,
                    172,
                    0.02881774492561817
                ],
                [
                    312,
                    172,
                    0.019127773120999336
                ],
                [
                    280,
                    156,
                    0.015455691143870354
                ],
                [
                    296,
                    0,
                    0.031287431716918945
                ],
                [
                    312,
                    164,
                    0.014023303054273129
                ],
                [
                    304,
                    172,
                    0.014546740800142288
                ],
                [
                    120,
                    46,
                    0.09554429352283478
                ],
                [
                    128,
                    46,
                    0.12232524901628494
                ],
                [
                    120,
                    46,
                    0.0922873318195343
                ],
                [
                    184,
                    78,
                    0.7249000072479248
                ],
                [
                    304,
                    0,
                    1.0175238847732544
                ]
            ]
        },
        {
            "frame_index": 1,
            "id": 1,
            "person_id": null,
            "keypoints": [
                [
                    136,
                    54,
                    0.18859583139419556
                ],
                [
                    160,
                    125,
                    0.6146484613418579
                ],
                [
                    112,
                    125,
                    0.5631666779518127
                ],
                [
                    96,
                    148,
                    0.08192813396453857
                ],
                [
                    312,
                    133,
                    0.03237118571996689
                ],
                [
                    216,
                    117,
                    0.5994725227355957
                ],
                [
                    232,
                    148,
                    0.044582054018974304
                ],
                [
                    304,
                    7,
                    0.028131207451224327
                ],
                [
                    40,
                    172,
                    0.030375227332115173
                ],
                [
                    312,
                    172,
                    0.019922159612178802
                ],
                [
                    280,
                    156,
                    0.014196880161762238
                ],
                [
                    296,
                    0,
                    0.03366027772426605
                ],
                [
                    312,
                    133,
                    0.017000922933220863
                ],
                [
                    304,
                    172,
                    0.014961307868361473
                ],
                [
                    128,
                    46,
                    0.0836559385061264
                ],
                [
                    136,
                    46,
                    0.09229439496994019
                ],
                [
                    120,
                    46,
                    0.06253285706043243
                ],
                [
                    184,
                    78,
                    0.7365899085998535
                ],
                [
                    304,
                    0,
                    1.0238206386566162
                ]
            ]
        },
        {
            "frame_index": 2,
            "id": 2,
            "person_id": null,
            "keypoints": [
                [
                    136,
                    54,
                    0.21085578203201294
                ],
                [
                    160,
                    125,
                    0.5887914896011353
                ],
                [
                    112,
                    125,
                    0.5860199928283691
                ],
                [
                    96,
                    148,
                    0.08278664946556091
                ],
                [
                    312,
                    133,
                    0.03643720597028732
                ],
                [
                    216,
                    117,
                    0.5947394371032715
                ],
                [
                    240,
                    148,
                    0.048052556812763214
                ],
                [
                    304,
                    7,
                    0.02821412868797779
                ],
                [
                    304,
                    140,
                    0.02948397397994995
                ],
                [
                    312,
                    172,
                    0.02131277695298195
                ],
                [
                    280,
                    156,
                    0.019494563341140747
                ],
                [
                    304,
                    156,
                    0.033023957163095474
                ],
                [
                    312,
                    133,
                    0.01988896355032921
                ],
                [
                    304,
                    172,
                    0.016086772084236145
                ],
                [
                    128,
                    46,
                    0.10915204882621765
                ],
                [
                    136,
                    46,
                    0.09771431982517242
                ],
                [
                    120,
                    46,
                    0.07493157684803009
                ],
                [
                    184,
                    78,
                    0.7273815274238586
                ],
                [
                    304,
                    0,
                    1.0229065418243408
                ]
            ]
        },
        {
            "frame_index": 3,
            "id": 3,
            "person_id": null,
            "keypoints": [
                [
                    120,
                    54,
                    0.15409375727176666
                ],
                [
                    168,
                    125,
                    0.5303077101707458
                ],
                [
                    112,
                    125,
                    0.588659405708313
                ],
                [
                    96,
                    148,
                    0.09686601161956787
                ],
                [
                    296,
                    0,
                    0.024724431335926056
                ],
                [
                    216,
                    125,
                    0.649355947971344
                ],
                [
                    232,
                    148,
                    0.043648965656757355
                ],
                [
                    304,
                    7,
                    0.029313651844859123
                ],
                [
                    40,
                    172,
                    0.027280541136860847
                ],
                [
                    16,
                    172,
                    0.020203936845064163
                ],
                [
                    280,
                    156,
                    0.01241624541580677
                ],
                [
                    296,
                    0,
                    0.03384802117943764
                ],
                [
                    312,
                    39,
                    0.012479606084525585
                ],
                [
                    304,
                    172,
                    0.01385536976158619
                ],
                [
                    120,
                    46,
                    0.07243341952562332
                ],
                [
                    128,
                    46,
                    0.10615174472332001
                ],
                [
                    120,
                    46,
                    0.06376346945762634
                ],
                [
                    184,
                    78,
                    0.6989014744758606
                ],
                [
                    304,
                    0,
                    1.0250697135925293
                ]
            ]
        }
    ],
    "category_id": 1
}