{
    "info": {
        "video_name": "1_140",
        "resolution": [
            320,
            180
        ],
        "num_frame": 4,
        "num_keypoints": 18,
        "keypoint_channels": [
            "x",
            "y",
            "score"
        ],
        "version": "1.0"
    },
    "annotations": [
        {
            "frame_index": 0,
            "id": 0,
            "person_id": null,
            "keypoints": [
                [
                    128,
                    70,
                    0.4067516624927521
                ],
                [
                    144,
                    101,
                    0.6600915789604187
                ],
                [
                    104,
                    101,
                    0.6494753360748291
                ],
                [
                    80,
                    156,
                    0.08894111216068268
                ],
                [
                    296,
                    0,
                    0.029470624402165413
                ],
                [
                    184,
                    93,
                    0.6753949522972107
                ],
                [
                    200,
                    148,
                    0.11947937309741974
                ],
                [
                    104,
                    148,
                    0.026593701913952827
                ],
                [
                    136,
                    172,
                    0.04487849771976471
                ],
                [
                    240,
                    148,
                    0.01985803246498108
                ],
                [
                    80,
                    156,
                    0.023945912718772888
                ],
                [
                    296,
                    0,
                    0.03666329011321068
                ],
                [
                    240,
                    148,
                    0.015465643256902695
                ],
                [
                    312,
                    172,
                    0.012465701438486576
                ],
                [
                    128,
                    62,
                    0.2703842520713806
                ],
                [
                    136,
                    62,
                    0.47743144631385803
                ],
                [
                    120,
                    54,
                    0.05515846610069275
                ],
                [
                    168,
                    62,
                    0.8174768686294556
                ],
                [
                    304,
                    0,
                    1.0273985862731934
                ]
            ]
        },
        {
            "frame_index": 1,
            "id": 1,
            "person_id": null,
            "keypoints": [
                [
                    136,
                    70,
                    0.21866729855537415
                ],
                [
                    144,
                    101,
                    0.6579443216323853
                ],
                [
                    104,
                    101,
                    0.6132491230964661
                ],
                [
                    80,
                    156,
                    0.10235586762428284
                ],
                [
                    296,
                    0,
                    0.029483096674084663
                ],
                [
                    184,
                    93,
                    0.6378750205039978
                ],
                [
                    192,
                    148,
                    0.09655395150184631
                ],
                [
                    304,
                    7,
                    0.02497042529284954
                ],
                [
                    144,
                    172,
                    0.05413040146231651
                ],
                [
                    80,
                    164,
                    0.019621707499027252
                ],
                [
                    80,
                    156,
                    0.025625407695770264
                ],
                [
                    152,
                    172,
                    0.04353443160653114
                ],
                [
                    240,
                    148,
                    0.015251871198415756
                ],
                [
                    312,
                    172,
                    0.01237349770963192
                ],
                [
                    128,
                    62,
                    0.24579699337482452
                ],
                [
                    136,
                    62,
                    0.24052803218364716
                ],
                [
                    120,
                    62,
                    0.11841601133346558
                ],
                [
                    168,
                    62,
                    0.705825686454773
                ],
                [
                    304,
                    0,
                    1.0274138450622559
                ]
            ]
        },
        {
            "frame_index": 2,
            "id": 2,
            "person_id": null,
            "keypoints": [
                [
                    144,
                    62,
                    0.2765909433364868
                ],
                [
                    136,
                    101,
                    0.6827212572097778
                ],
                [
                    104,
                    101,
                    0.6282868385314941
                ],
                [
                    80,
                    156,
                    0.08686697483062744
                ],
                [
                    296,
                    0,
                    0.029053019359707832
                ],
                [
                    184,
                    93,
                    0.6411146521568298
                ],
                [
                    192,
                    148,
                    0.15499864518642426
                ],
                [
                    304,
                    7,
                    0.02405092678964138
                ],
                [
                    152,
                    172,
                    0.05401218682527542
                ],
                [
                    240,
                    148,
                    0.019141072407364845
                ],
                [
                    80,
                    156,
                    0.025038449093699455
                ],
                [
                    192,
                    172,
                    0.0463273748755455
                ],
                [
                    240,
                    148,
                    0.015825357288122177
                ],
                [
                    312,
                    172,
                    0.012375070713460445
                ],
                [
                    136,
                    62,
                    0.2171335220336914
                ],
                [
                    152,
                    62,
                    0.37440091371536255
                ],
                [
                    120,
                    54,
                    0.19913220405578613
                ],
                [
                    168,
                    62,
                    0.6746501326560974
                ],
                [
                    304,
                    0,
                    1.0257763862609863
                ]
            ]
        },
        {
            "frame_index": 3,
            "id": 3,
            "person_id": null,
            "keypoints": [
                [
                    136,
                    70,
                    0.5967820286750793
                ],
                [
                    144,
                    101,
                    0.6632400155067444
                ],
                [
                    104,
                    101,
                    0.6490552425384521
                ],
                [
                    80,
                    156,
                    0.1039765477180481
                ],
                [
                    296,
                    0,
                    0.02892087958753109
                ],
                [
                    184,
                    93,
                    0.6456745862960815
                ],
                [
                    192,
                    148,
                    0.14066220819950104
                ],
                [
                    304,
                    7,
                    0.02388329617679119
                ],
                [
                    152,
                    172,
                    0.05996225029230118
                ],
                [
                    80,
                    164,
                    0.01988685503602028
                ],
                [
                    80,
                    156,
                    0.021760625764727592
                ],
                [
                    152,
                    172,
                    0.05660860612988472
                ],
                [
                    152,
                    172,
                    0.015401849523186684
                ],
                [
                    160,
                    172,
                    0.012577625922858715
                ],
                [
                    128,
                    54,
                    0.45297354459762573
                ],
                [
                    144,
                    62,
                    0.5134192705154419
                ],
                [
                    120,
                    54,
                    0.2569460868835449
                ],
                [
                    168,
                    62,
                    0.7847318649291992
                ],
                [
                    304,
                    0,
                    1.025391936302185
                ]
            ]
        }
    ],
    "category_id": 1
}