{
    "info": {
        "video_name": "1_153",
        "resolution": [
            320,
            180
        ],
        "num_frame": 5,
        "num_keypoints": 18,
        "keypoint_channels": [
            "x",
            "y",
            "score"
        ],
        "version": "1.0"
    },
    "annotations": [
        {
            "frame_index": 0,
            "id": 0,
            "person_id": null,
            "keypoints": [
                [
                    152,
                    39,
                    0.1486823707818985
                ],
                [
                    168,
                    101,
                    0.6290605664253235
                ],
                [
                    120,
                    101,
                    0.5700353980064392
                ],
                [
                    88,
                    148,
                    0.38353604078292847
                ],
                [
                    144,
                    148,
                    0.18918779492378235
                ],
                [
                    208,
                    93,
                    0.6185718774795532
                ],
                [
                    240,
                    148,
                    0.3395513892173767
                ],
                [
                    312,
                    133,
                    0.09771893918514252
                ],
                [
                    296,
                    140,
                    0.2714727818965912
                ],
                [
                    296,
                    156,
                    0.09933597594499588
                ],
                [
                    288,
                    164,
                    0.057340748608112335
                ],
                [
                    304,
                    140,
                    0.2545502483844757
                ],
                [
                    296,
                    156,
                    0.15560337901115417
                ],
                [
                    296,
                    148,
                    0.045388903468847275
                ],
                [
                    152,
                    39,
                    0.06778763234615326
                ],
                [
                    168,
                    54,
                    0.08651341497898102
                ],
                [
                    312,
                    101,
                    0.06836342811584473
                ],
                [
                    184,
                    54,
                    0.7295117974281311
                ],
                [
                    304,
                    0,
                    1.0122714042663574
                ]
            ]
        },
        {
            "frame_index": 1,
            "id": 1,
            "person_id": null,
            "keypoints": [
                [
                    152,
                    46,
                    0.09458700567483902
                ],
                [
                    168,
                    93,
                    0.6176721453666687
                ],
                [
                    128,
                    101,
                    0.5887932777404785
                ],
                [
                    88,
                    148,
                    0.38022753596305847
                ],
                [
                    152,
                    148,
                    0.15061283111572266
                ],
                [
                    208,
                    93,
                    0.6221999526023865
                ],
                [
                    240,
                    148,
                    0.36796921491622925
                ],
                [
                    312,
                    133,
                    0.1376585215330124
                ],
                [
                    296,
                    140,
                    0.32337096333503723
                ],
                [
                    296,
                    156,
                    0.16232779622077942
                ],
                [
                    288,
                    164,
                    0.049344502389431
                ],
                [
                    296,
                    140,
                    0.3309645652770996
                ],
                [
                    296,
                    156,
                    0.225243479013443
                ],
                [
                    296,
                    148,
                    0.05311150103807449
                ],
                [
                    304,
                    101,
                    0.10523906350135803
                ],
                [
                    168,
                    54,
                    0.11263920366764069
                ],
                [
                    312,
                    101,
                    0.09855326265096664
                ],
                [
                    184,
                    62,
                    0.774566113948822
                ],
                [
                    304,
                    0,
                    1.0116431713104248
                ]
            ]
        },
        {
            "frame_index": 2,
            "id": 2,
            "person_id": null,
            "keypoints": [
                [
                    152,
                    46,
                    0.10972505062818527
                ],
                [
                    168,
                    93,
                    0.6102862358093262
                ],
                [
                    128,
                    101,
                    0.5465423464775085
                ],
                [
                    88,
                    148,
                    0.2744565010070801
                ],
                [
                    304,
                    133,
                    0.09256964921951294
                ],
                [
                    208,
                    86,
                    0.6210663318634033
                ],
                [
                    240,
                    148,
                    0.41088759899139404
                ],
                [
                    312,
                    133,
                    0.10146048665046692
                ],
                [
                    296,
                    140,
                    0.27666833996772766
                ],
                [
                    296,
                    156,
                    0.12040319293737411
                ],
                [
                    288,
                    164,
                    0.06339810788631439
                ],
                [
                    304,
                    140,
                    0.26726728677749634
                ],
                [
                    296,
                    156,
                    0.1767987161874771
                ],
                [
                    296,
                    148,
                    0.04746574908494949
                ],
                [
                    152,
                    46,
                    0.07917427271604538
                ],
                [
                    168,
                    54,
                    0.11016625910997391
                ],
                [
                    312,
                    101,
                    0.07810254395008087
                ],
                [
                    184,
                    62,
                    0.7684224843978882
                ],
                [
                    304,
                    0,
                    1.0111151933670044
                ]
            ]
        },
        {
            "frame_index": 3,
            "id": 3,
            "person_id": null,
            "keypoints": [
                [
                    160,
                    54,
                    0.1412220448255539
                ],
                [
                    168,
                    93,
                    0.6499065160751343
                ],
                [
                    128,
                    101,
                    0.5492515563964844
                ],
                [
                    88,
                    148,
                    0.32863467931747437
                ],
                [
                    312,
                    133,
                    0.10771539807319641
                ],
                [
                    208,
                    86,
                    0.6435453295707703
                ],
                [
                    240,
                    148,
                    0.4210444688796997
                ],
                [
                    312,
                    133,
                    0.12817957997322083
                ],
                [
                    296,
                    140,
                    0.3259023129940033
                ],
                [
                    296,
                    156,
                    0.1563541293144226
                ],
                [
                    288,
                    164,
                    0.04729454964399338
                ],
                [
                    296,
                    140,
                    0.32711920142173767
                ],
                [
                    296,
                    156,
                    0.21568934619426727
                ],
                [
                    296,
                    148,
                    0.054982542991638184
                ],
                [
                    304,
                    101,
                    0.10362745821475983
                ],
                [
                    168,
                    54,
                    0.121510349214077
                ],
                [
                    312,
                    101,
                    0.10022792220115662
                ],
                [
                    184,
                    62,
                    0.756830096244812
                ],
                [
                    304,
                    0,
                    1.0116101503372192
                ]
            ]
        },
        {
            "frame_index": 4,
            "id": 4,
            "person_id": null,
            "keypoints": [
                [
                    152,
                    39,
                    0.14063340425491333
                ],
                [
                    160,
                    93,
                    0.6512009501457214
                ],
                [
                    120,
                    101,
                    0.5921251773834229
                ],
                [
                    96,
                    148,
                    0.35598334670066833
                ],
                [
                    144,
                    148,
                    0.23882465064525604
                ],
                [
                    208,
                    86,
                    0.6222437620162964
                ],
                [
                    240,
                    148,
                    0.44334596395492554
                ],
                [
                    312,
                    133,
                    0.1347239911556244
                ],
                [
                    296,
                    140,
                    0.3476559519767761
                ],
                [
                    296,
                    156,
                    0.16562998294830322
                ],
                [
                    296,
                    172,
                    0.04147976264357567
                ],
                [
                    296,
                    140,
                    0.35622042417526245
                ],
                [
                    296,
                    156,
                    0.22206859290599823
                ],
                [
                    296,
                    148,
                    0.05672386288642883
                ],
                [
                    304,
                    101,
                    0.11719992756843567
                ],
                [
                    176,
                    54,
                    0.10937434434890747
                ],
                [
                    312,
                    101,
                    0.1100582480430603
                ],
                [
                    184,
                    62,
                    0.6995855569839478
                ],
                [
                    304,
                    0,
                    1.0106070041656494
                ]
            ]
        }
    ],
    "category_id": 1
}