{
    "info": {
        "video_name": "1_158",
        "resolution": [
            320,
            180
        ],
        "num_frame": 2,
        "num_keypoints": 18,
        "keypoint_channels": [
            "x",
            "y",
            "score"
        ],
        "version": "1.0"
    },
    "annotations": [
        {
            "frame_index": 0,
            "id": 0,
            "person_id": null,
            "keypoints": [
                [
                    160,
                    78,
                    0.11173626035451889
                ],
                [
                    152,
                    109,
                    0.6799599528312683
                ],
                [
                    112,
                    109,
                    0.5981689691543579
                ],
                [
                    96,
                    148,
                    0.07198724150657654
                ],
                [
                    168,
                    148,
                    0.3533974587917328
                ],
                [
                    200,
                    109,
                    0.6891070008277893
                ],
                [
                    224,
                    156,
                    0.07473145425319672
                ],
                [
                    160,
                    148,
                    0.07492998987436295
                ],
                [
                    232,
                    172,
                    0.047677651047706604
                ],
                [
                    304,
                    164,
                    0.013614814728498459
                ],
                [
                    224,
                    164,
                    0.012662194669246674
                ],
                [
                    224,
                    172,
                    0.036589451134204865
                ],
                [
                    224,
                    172,
                    0.019346654415130615
                ],
                [
                    304,
                    172,
                    0.016009768471121788
                ],
                [
                    152,
                    70,
                    0.09934607148170471
                ],
                [
                    160,
                    78,
                    0.13347627222537994
                ],
                [
                    136,
                    70,
                    0.1160617470741272
                ],
                [
                    176,
                    78,
                    0.8362987637519836
                ],
                [
                    304,
                    0,
                    1.0223685503005981
                ]
            ]
        },
        {
            "frame_index": 1,
            "id": 1,
            "person_id": null,
            "keypoints": [
                [
                    144,
                    70,
                    0.27446672320365906
                ],
                [
                    152,
                    109,
                    0.6402412056922913
                ],
                [
                    112,
                    117,
                    0.557681679725647
                ],
                [
                    96,
                    148,
                    0.06174001470208168
                ],
                [
                    296,
                    0,
                    0.0239181537181139
                ],
                [
                    200,
                    109,
                    0.6826462149620056
                ],
                [
                    224,
                    156,
                    0.06563031673431396
                ],
                [
                    304,
                    7,
                    0.02817792259156704
                ],
                [
                    232,
                    172,
                    0.04325706139206886
                ],
                [
                    304,
                    164,
                    0.013841867446899414
                ],
                [
                    296,
                    15,
                    0.012795897200703621
                ],
                [
                    296,
                    0,
                    0.03553903102874756
                ],
                [
                    224,
                    172,
                    0.016795365139842033
                ],
                [
                    304,
                    172,
                    0.016066858544945717
                ],
                [
                    136,
                    62,
                    0.17365089058876038
                ],
                [
                    160,
                    70,
                    0.25736287236213684
                ],
                [
                    128,
                    70,
                    0.15431523323059082
                ],
                [
                    176,
                    78,
                    0.8137604594230652
                ],
                [
                    304,
                    0,
                    1.0213896036148071
                ]
            ]
        }
    ],
    "category_id": 1
}