{
    "info": {
        "video_name": "1_150",
        "resolution": [
            320,
            180
        ],
        "num_frame": 5,
        "num_keypoints": 18,
        "keypoint_channels": [
            "x",
            "y",
            "score"
        ],
        "version": "1.0"
    },
    "annotations": [
        {
            "frame_index": 0,
            "id": 0,
            "person_id": null,
            "keypoints": [
                [
                    136,
                    70,
                    0.19743219017982483
                ],
                [
                    160,
                    125,
                    0.5149806141853333
                ],
                [
                    112,
                    125,
                    0.5334989428520203
                ],
                [
                    96,
                    148,
                    0.1078447550535202
                ],
                [
                    312,
                    125,
                    0.0323161706328392
                ],
                [
                    216,
                    117,
                    0.6103544235229492
                ],
                [
                    240,
                    148,
                    0.03837994486093521
                ],
                [
                    304,
                    7,
                    0.024455806240439415
                ],
                [
                    40,
                    172,
                    0.027573037892580032
                ],
                [
                    312,
                    172,
                    0.018344983458518982
                ],
                [
                    280,
                    156,
                    0.015488551929593086
                ],
                [
                    296,
                    0,
                    0.02931727096438408
                ],
                [
                    312,
                    133,
                    0.01881936565041542
                ],
                [
                    8,
                    164,
                    0.012100589461624622
                ],
                [
                    128,
                    70,
                    0.05753608047962189
                ],
                [
                    144,
                    70,
                    0.14815816283226013
                ],
                [
                    112,
                    62,
                    0.03790172189474106
                ],
                [
                    184,
                    70,
                    0.8096874952316284
                ],
                [
                    304,
                    0,
                    1.023491621017456
                ]
            ]
        },
        {
            "frame_index": 1,
            "id": 1,
            "person_id": null,
            "keypoints": [
                [
                    128,
                    70,
                    0.13989152014255524
                ],
                [
                    160,
                    125,
                    0.5126222968101501
                ],
                [
                    112,
                    125,
                    0.5116681456565857
                ],
                [
                    96,
                    148,
                    0.11160334944725037
                ],
                [
                    312,
                    133,
                    0.03172897547483444
                ],
                [
                    216,
                    117,
                    0.6598401069641113
                ],
                [
                    240,
                    148,
                    0.03868710994720459
                ],
                [
                    304,
                    7,
                    0.024539707228541374
                ],
                [
                    40,
                    172,
                    0.028178639709949493
                ],
                [
                    312,
                    172,
                    0.018111689016222954
                ],
                [
                    280,
                    156,
                    0.01334935799241066
                ],
                [
                    296,
                    0,
                    0.029096052050590515
                ],
                [
                    312,
                    133,
                    0.01864919811487198
                ],
                [
                    8,
                    164,
                    0.012165527790784836
                ],
                [
                    128,
                    70,
                    0.03274278715252876
                ],
                [
                    136,
                    62,
                    0.10330715030431747
                ],
                [
                    120,
                    46,
                    0.011598408222198486
                ],
                [
                    184,
                    70,
                    0.7926196455955505
                ],
                [
                    304,
                    0,
                    1.0258207321166992
                ]
            ]
        },
        {
            "frame_index": 2,
            "id": 2,
            "person_id": null,
            "keypoints": [
                [
                    120,
                    54,
                    0.1570536494255066
                ],
                [
                    160,
                    117,
                    0.5582197308540344
                ],
                [
                    112,
                    117,
                    0.5544798374176025
                ],
                [
                    96,
                    148,
                    0.10302820801734924
                ],
                [
                    312,
                    133,
                    0.030963251367211342
                ],
                [
                    216,
                    117,
                    0.693351149559021
                ],
                [
                    240,
                    148,
                    0.043852873146533966
                ],
                [
                    304,
                    7,
                    0.024265283718705177
                ],
                [
                    40,
                    172,
                    0.027111198753118515
                ],
                [
                    312,
                    172,
                    0.018327992409467697
                ],
                [
                    280,
                    156,
                    0.013450056314468384
                ],
                [
                    296,
                    0,
                    0.02824600785970688
                ],
                [
                    312,
                    133,
                    0.017587944865226746
                ],
                [
                    8,
                    164,
                    0.01197750959545374
                ],
                [
                    120,
                    46,
                    0.07154655456542969
                ],
                [
                    128,
                    46,
                    0.08806419372558594
                ],
                [
                    120,
                    46,
                    0.044741421937942505
                ],
                [
                    184,
                    70,
                    0.8130496144294739
                ],
                [
                    304,
                    0,
                    1.0226963758468628
                ]
            ]
        },
        {
            "frame_index": 3,
            "id": 3,
            "person_id": null,
            "keypoints": [
                [
                    128,
                    46,
                    0.1757844239473343
                ],
                [
                    160,
                    117,
                    0.5911803841590881
                ],
                [
                    112,
                    117,
                    0.5616807341575623
                ],
                [
                    88,
                    148,
                    0.10820923745632172
                ],
                [
                    312,
                    133,
                    0.03307359665632248
                ],
                [
                    216,
                    117,
                    0.6869414448738098
                ],
                [
                    240,
                    148,
                    0.04563362896442413
                ],
                [
                    312,
                    125,
                    0.024514278396964073
                ],
                [
                    40,
                    172,
                    0.027766795828938484
                ],
                [
                    312,
                    172,
                    0.018174199387431145
                ],
                [
                    280,
                    156,
                    0.012954868376255035
                ],
                [
                    296,
                    0,
                    0.029496505856513977
                ],
                [
                    312,
                    133,
                    0.017646148800849915
                ],
                [
                    8,
                    164,
                    0.012243194505572319
                ],
                [
                    128,
                    46,
                    0.0690978541970253
                ],
                [
                    136,
                    46,
                    0.06731393188238144
                ],
                [
                    120,
                    46,
                    0.04067384824156761
                ],
                [
                    184,
                    70,
                    0.7980237007141113
                ],
                [
                    304,
                    0,
                    1.0262037515640259
                ]
            ]
        },
        {
            "frame_index": 4,
            "id": 4,
            "person_id": null,
            "keypoints": [
                [
                    128,
                    54,
                    0.1404091864824295
                ],
                [
                    160,
                    117,
                    0.5965902209281921
                ],
                [
                    112,
                    117,
                    0.5520175099372864
                ],
                [
                    96,
                    148,
                    0.09518563747406006
                ],
                [
                    312,
                    125,
                    0.03400391340255737
                ],
                [
                    216,
                    117,
                    0.6576903462409973
                ],
                [
                    240,
                    148,
                    0.04842681437730789
                ],
                [
                    312,
                    125,
                    0.025495460256934166
                ],
                [
                    40,
                    172,
                    0.0284264013171196
                ],
                [
                    312,
                    172,
                    0.017838967964053154
                ],
                [
                    280,
                    156,
                    0.014044346287846565
                ],
                [
                    296,
                    0,
                    0.028588630259037018
                ],
                [
                    312,
                    133,
                    0.01792619191110134
                ],
                [
                    8,
                    164,
                    0.012192485854029655
                ],
                [
                    120,
                    46,
                    0.05611532926559448
                ],
                [
                    128,
                    46,
                    0.09809378534555435
                ],
                [
                    120,
                    46,
                    0.03946252912282944
                ],
                [
                    184,
                    70,
                    0.7933412790298462
                ],
                [
                    304,
                    0,
                    1.0247551202774048
                ]
            ]
        }
    ],
    "category_id": 1
}