{
    "info": {
        "video_name": "1_165",
        "resolution": [
            320,
            180
        ],
        "num_frame": 7,
        "num_keypoints": 18,
        "keypoint_channels": [
            "x",
            "y",
            "score"
        ],
        "version": "1.0"
    },
    "annotations": [
        {
            "frame_index": 0,
            "id": 0,
            "person_id": null,
            "keypoints": [
                [
                    144,
                    70,
                    0.46220019459724426
                ],
                [
                    160,
                    109,
                    0.6337732672691345
                ],
                [
                    112,
                    109,
                    0.6079841256141663
                ],
                [
                    96,
                    148,
                    0.09019704163074493
                ],
                [
                    296,
                    0,
                    0.022338679060339928
                ],
                [
                    200,
                    101,
                    0.5423645377159119
                ],
                [
                    224,
                    148,
                    0.07532330602407455
                ],
                [
                    8,
                    148,
                    0.020283514633774757
                ],
                [
                    304,
                    156,
                    0.04237761348485947
                ],
                [
                    312,
                    156,
                    0.03518517315387726
                ],
                [
                    0,
                    140,
                    0.020978856831789017
                ],
                [
                    304,
                    156,
                    0.043255578726530075
                ],
                [
                    312,
                    156,
                    0.02314886450767517
                ],
                [
                    312,
                    172,
                    0.02616286836564541
                ],
                [
                    136,
                    62,
                    0.38637569546699524
                ],
                [
                    160,
                    62,
                    0.3732704520225525
                ],
                [
                    128,
                    62,
                    0.21284127235412598
                ],
                [
                    184,
                    70,
                    0.7449161410331726
                ],
                [
                    304,
                    0,
                    1.0237205028533936
                ]
            ]
        },
        {
            "frame_index": 1,
            "id": 1,
            "person_id": null,
            "keypoints": [
                [
                    144,
                    62,
                    0.19234168529510498
                ],
                [
                    160,
                    101,
                    0.6318677067756653
                ],
                [
                    112,
                    101,
                    0.6264702677726746
                ],
                [
                    88,
                    148,
                    0.08904419839382172
                ],
                [
                    296,
                    0,
                    0.02098945900797844
                ],
                [
                    200,
                    93,
                    0.6347309947013855
                ],
                [
                    224,
                    148,
                    0.0635707676410675
                ],
                [
                    8,
                    148,
                    0.022659504786133766
                ],
                [
                    304,
                    156,
                    0.04420843720436096
                ],
                [
                    312,
                    156,
                    0.03802916035056114
                ],
                [
                    0,
                    140,
                    0.020993134006857872
                ],
                [
                    304,
                    156,
                    0.04451565071940422
                ],
                [
                    312,
                    156,
                    0.025161564350128174
                ],
                [
                    312,
                    172,
                    0.026282425969839096
                ],
                [
                    144,
                    62,
                    0.10538794100284576
                ],
                [
                    160,
                    62,
                    0.1073082983493805
                ],
                [
                    0,
                    125,
                    0.033828698098659515
                ],
                [
                    184,
                    70,
                    0.7105066776275635
                ],
                [
                    304,
                    0,
                    1.0187225341796875
                ]
            ]
        },
        {
            "frame_index": 2,
            "id": 2,
            "person_id": null,
            "keypoints": [
                [
                    144,
                    62,
                    0.17881646752357483
                ],
                [
                    160,
                    101,
                    0.6310185194015503
                ],
                [
                    112,
                    101,
                    0.6021897792816162
                ],
                [
                    88,
                    148,
                    0.09400971233844757
                ],
                [
                    296,
                    0,
                    0.020878152921795845
                ],
                [
                    200,
                    93,
                    0.6254573464393616
                ],
                [
                    224,
                    148,
                    0.07674330472946167
                ],
                [
                    8,
                    148,
                    0.020991986617445946
                ],
                [
                    304,
                    156,
                    0.04563061147928238
                ],
                [
                    312,
                    156,
                    0.03908320888876915
                ],
                [
                    0,
                    140,
                    0.02119387313723564
                ],
                [
                    304,
                    156,
                    0.04563279077410698
                ],
                [
                    312,
                    156,
                    0.025732357054948807
                ],
                [
                    312,
                    172,
                    0.026533398777246475
                ],
                [
                    144,
                    62,
                    0.06730222702026367
                ],
                [
                    160,
                    62,
                    0.059341661632061005
                ],
                [
                    0,
                    125,
                    0.028958583250641823
                ],
                [
                    184,
                    70,
                    0.6663658022880554
                ],
                [
                    304,
                    0,
                    1.0187032222747803
                ]
            ]
        },
        {
            "frame_index": 3,
            "id": 3,
            "person_id": null,
            "keypoints": [
                [
                    136,
                    54,
                    0.24805234372615814
                ],
                [
                    160,
                    101,
                    0.6084539294242859
                ],
                [
                    112,
                    101,
                    0.6403185725212097
                ],
                [
                    88,
                    148,
                    0.09635673463344574
                ],
                [
                    296,
                    0,
                    0.021147921681404114
                ],
                [
                    200,
                    93,
                    0.5833203196525574
                ],
                [
                    224,
                    148,
                    0.09824248403310776
                ],
                [
                    8,
                    148,
                    0.020010603591799736
                ],
                [
                    304,
                    156,
                    0.04709087312221527
                ],
                [
                    312,
                    156,
                    0.03953837603330612
                ],
                [
                    0,
                    140,
                    0.021204542368650436
                ],
                [
                    304,
                    156,
                    0.04711326211690903
                ],
                [
                    312,
                    156,
                    0.025658074766397476
                ],
                [
                    312,
                    172,
                    0.026653477922081947
                ],
                [
                    128,
                    46,
                    0.07283257693052292
                ],
                [
                    160,
                    62,
                    0.07454345375299454
                ],
                [
                    0,
                    125,
                    0.02793942205607891
                ],
                [
                    184,
                    70,
                    0.735595166683197
                ],
                [
                    304,
                    0,
                    1.017425298690796
                ]
            ]
        },
        {
            "frame_index": 4,
            "id": 4,
            "person_id": null,
            "keypoints": [
                [
                    144,
                    62,
                    0.2258048951625824
                ],
                [
                    160,
                    109,
                    0.6760339736938477
                ],
                [
                    112,
                    101,
                    0.6070236563682556
                ],
                [
                    96,
                    148,
                    0.09377533197402954
                ],
                [
                    296,
                    0,
                    0.02201373130083084
                ],
                [
                    200,
                    101,
                    0.6015755534172058
                ],
                [
                    224,
                    148,
                    0.07372653484344482
                ],
                [
                    8,
                    148,
                    0.019676659256219864
                ],
                [
                    304,
                    156,
                    0.0443323478102684
                ],
                [
                    312,
                    156,
                    0.03757867589592934
                ],
                [
                    0,
                    140,
                    0.021148953586816788
                ],
                [
                    304,
                    156,
                    0.04477279260754585
                ],
                [
                    312,
                    156,
                    0.024587754160165787
                ],
                [
                    312,
                    172,
                    0.026265738531947136
                ],
                [
                    136,
                    62,
                    0.10106243193149567
                ],
                [
                    152,
                    62,
                    0.09296540170907974
                ],
                [
                    0,
                    125,
                    0.0279633067548275
                ],
                [
                    184,
                    70,
                    0.7180353999137878
                ],
                [
                    304,
                    0,
                    1.0187766551971436
                ]
            ]
        },
        {
            "frame_index": 5,
            "id": 5,
            "person_id": null,
            "keypoints": [
                [
                    136,
                    54,
                    0.20041656494140625
                ],
                [
                    160,
                    109,
                    0.6563817262649536
                ],
                [
                    112,
                    109,
                    0.5986052751541138
                ],
                [
                    96,
                    148,
                    0.08648806810379028
                ],
                [
                    296,
                    0,
                    0.020675890147686005
                ],
                [
                    200,
                    101,
                    0.5481995344161987
                ],
                [
                    224,
                    148,
                    0.07956178486347198
                ],
                [
                    8,
                    148,
                    0.019793249666690826
                ],
                [
                    304,
                    156,
                    0.04280434548854828
                ],
                [
                    312,
                    156,
                    0.036318615078926086
                ],
                [
                    0,
                    140,
                    0.0211844090372324
                ],
                [
                    304,
                    156,
                    0.043538402765989304
                ],
                [
                    312,
                    156,
                    0.023952744901180267
                ],
                [
                    312,
                    172,
                    0.02589840069413185
                ],
                [
                    128,
                    46,
                    0.09634432941675186
                ],
                [
                    160,
                    70,
                    0.055233485996723175
                ],
                [
                    0,
                    125,
                    0.02808259427547455
                ],
                [
                    184,
                    70,
                    0.7853977680206299
                ],
                [
                    304,
                    0,
                    1.0169126987457275
                ]
            ]
        },
        {
            "frame_index": 6,
            "id": 6,
            "person_id": null,
            "keypoints": [
                [
                    144,
                    70,
                    0.3977695107460022
                ],
                [
                    160,
                    109,
                    0.6303333640098572
                ],
                [
                    112,
                    109,
                    0.527266800403595
                ],
                [
                    96,
                    148,
                    0.07575403153896332
                ],
                [
                    296,
                    0,
                    0.020502615720033646
                ],
                [
                    200,
                    101,
                    0.5725811719894409
                ],
                [
                    224,
                    148,
                    0.07294382899999619
                ],
                [
                    8,
                    148,
                    0.01980220153927803
                ],
                [
                    304,
                    156,
                    0.044626351445913315
                ],
                [
                    312,
                    156,
                    0.037371132522821426
                ],
                [
                    0,
                    140,
                    0.021186549216508865
                ],
                [
                    304,
                    156,
                    0.04540479928255081
                ],
                [
                    312,
                    156,
                    0.024646982550621033
                ],
                [
                    312,
                    172,
                    0.026670068502426147
                ],
                [
                    136,
                    70,
                    0.3042106628417969
                ],
                [
                    152,
                    62,
                    0.348418265581131
                ],
                [
                    128,
                    70,
                    0.21672317385673523
                ],
                [
                    184,
                    70,
                    0.7882916927337646
                ],
                [
                    304,
                    7,
                    1.0161206722259521
                ]
            ]
        }
    ],
    "category_id": 1
}