{
    "info": {
        "video_name": "1_161",
        "resolution": [
            320,
            180
        ],
        "num_frame": 2,
        "num_keypoints": 18,
        "keypoint_channels": [
            "x",
            "y",
            "score"
        ],
        "version": "1.0"
    },
    "annotations": [
        {
            "frame_index": 0,
            "id": 0,
            "person_id": null,
            "keypoints": [
                [
                    136,
                    78,
                    0.062230370938777924
                ],
                [
                    160,
                    93,
                    0.5904837846755981
                ],
                [
                    120,
                    93,
                    0.49893608689308167
                ],
                [
                    104,
                    148,
                    0.5384204387664795
                ],
                [
                    152,
                    148,
                    0.05784331262111664
                ],
                [
                    192,
                    86,
                    0.5366132855415344
                ],
                [
                    224,
                    148,
                    0.26450055837631226
                ],
                [
                    152,
                    148,
                    0.07262580841779709
                ],
                [
                    224,
                    172,
                    0.05284154415130615
                ],
                [
                    104,
                    164,
                    0.03603743761777878
                ],
                [
                    96,
                    156,
                    0.022591670975089073
                ],
                [
                    224,
                    172,
                    0.06708692014217377
                ],
                [
                    224,
                    156,
                    0.0206461139023304
                ],
                [
                    304,
                    7,
                    0.02281532995402813
                ],
                [
                    136,
                    62,
                    0.024890495464205742
                ],
                [
                    136,
                    54,
                    0.040684476494789124
                ],
                [
                    128,
                    62,
                    0.05720824748277664
                ],
                [
                    168,
                    62,
                    0.6836840510368347
                ],
                [
                    288,
                    172,
                    1.0160366296768188
                ]
            ]
        },
        {
            "frame_index": 1,
            "id": 1,
            "person_id": null,
            "keypoints": [
                [
                    136,
                    62,
                    0.20148605108261108
                ],
                [
                    152,
                    93,
                    0.6459124684333801
                ],
                [
                    112,
                    101,
                    0.5398473143577576
                ],
                [
                    104,
                    148,
                    0.5741098523139954
                ],
                [
                    152,
                    148,
                    0.13100425899028778
                ],
                [
                    192,
                    93,
                    0.4980000853538513
                ],
                [
                    216,
                    148,
                    0.26973384618759155
                ],
                [
                    144,
                    148,
                    0.1365995854139328
                ],
                [
                    216,
                    172,
                    0.054782867431640625
                ],
                [
                    104,
                    164,
                    0.03882593661546707
                ],
                [
                    104,
                    164,
                    0.02231750823557377
                ],
                [
                    216,
                    172,
                    0.06688637286424637
                ],
                [
                    216,
                    172,
                    0.02193555049598217
                ],
                [
                    304,
                    7,
                    0.021800382062792778
                ],
                [
                    136,
                    62,
                    0.17064474523067474
                ],
                [
                    144,
                    62,
                    0.16801774501800537
                ],
                [
                    120,
                    62,
                    0.1527593582868576
                ],
                [
                    168,
                    62,
                    0.6959531903266907
                ],
                [
                    288,
                    172,
                    1.015833854675293
                ]
            ]
        }
    ],
    "category_id": 1
}