{
    "info": {
        "video_name": "1_167",
        "resolution": [
            320,
            180
        ],
        "num_frame": 5,
        "num_keypoints": 18,
        "keypoint_channels": [
            "x",
            "y",
            "score"
        ],
        "version": "1.0"
    },
    "annotations": [
        {
            "frame_index": 0,
            "id": 0,
            "person_id": null,
            "keypoints": [
                [
                    136,
                    70,
                    0.231488436460495
                ],
                [
                    160,
                    109,
                    0.6018021106719971
                ],
                [
                    112,
                    109,
                    0.5836597681045532
                ],
                [
                    88,
                    148,
                    0.06431455910205841
                ],
                [
                    296,
                    0,
                    0.02101246267557144
                ],
                [
                    200,
                    101,
                    0.48716238141059875
                ],
                [
                    240,
                    148,
                    0.07445869594812393
                ],
                [
                    8,
                    148,
                    0.021028922870755196
                ],
                [
                    248,
                    172,
                    0.02884010225534439
                ],
                [
                    312,
                    156,
                    0.029225267469882965
                ],
                [
                    0,
                    140,
                    0.02047676220536232
                ],
                [
                    304,
                    156,
                    0.031943704932928085
                ],
                [
                    312,
                    156,
                    0.01901428773999214
                ],
                [
                    312,
                    172,
                    0.020762892439961433
                ],
                [
                    128,
                    70,
                    0.1020849347114563
                ],
                [
                    152,
                    70,
                    0.2651127278804779
                ],
                [
                    120,
                    62,
                    0.02228245884180069
                ],
                [
                    176,
                    70,
                    0.7436606884002686
                ],
                [
                    304,
                    0,
                    1.019092082977295
                ]
            ]
        },
        {
            "frame_index": 1,
            "id": 1,
            "person_id": null,
            "keypoints": [
                [
                    136,
                    78,
                    0.2533586919307709
                ],
                [
                    160,
                    117,
                    0.589195191860199
                ],
                [
                    112,
                    117,
                    0.5245621800422668
                ],
                [
                    88,
                    148,
                    0.06605550646781921
                ],
                [
                    296,
                    0,
                    0.02147734723985195
                ],
                [
                    208,
                    117,
                    0.4517847001552582
                ],
                [
                    240,
                    148,
                    0.05206349492073059
                ],
                [
                    8,
                    148,
                    0.021761028096079826
                ],
                [
                    304,
                    156,
                    0.02696293778717518
                ],
                [
                    312,
                    156,
                    0.028385374695062637
                ],
                [
                    0,
                    140,
                    0.020802650600671768
                ],
                [
                    304,
                    156,
                    0.030672702938318253
                ],
                [
                    312,
                    156,
                    0.018626743927598
                ],
                [
                    312,
                    172,
                    0.020532207563519478
                ],
                [
                    136,
                    78,
                    0.15949006378650665
                ],
                [
                    152,
                    70,
                    0.32731083035469055
                ],
                [
                    120,
                    70,
                    0.03833372890949249
                ],
                [
                    184,
                    78,
                    0.7887393236160278
                ],
                [
                    304,
                    0,
                    1.0181716680526733
                ]
            ]
        },
        {
            "frame_index": 2,
            "id": 2,
            "person_id": null,
            "keypoints": [
                [
                    128,
                    78,
                    0.37431684136390686
                ],
                [
                    160,
                    101,
                    0.5699673891067505
                ],
                [
                    112,
                    101,
                    0.5614319443702698
                ],
                [
                    88,
                    148,
                    0.05535345897078514
                ],
                [
                    296,
                    0,
                    0.021733559668064117
                ],
                [
                    200,
                    101,
                    0.5730147361755371
                ],
                [
                    240,
                    148,
                    0.0875043272972107
                ],
                [
                    8,
                    148,
                    0.0169796384871006
                ],
                [
                    304,
                    156,
                    0.033816441893577576
                ],
                [
                    312,
                    156,
                    0.0325843021273613
                ],
                [
                    0,
                    133,
                    0.020002828910946846
                ],
                [
                    304,
                    156,
                    0.03547737002372742
                ],
                [
                    312,
                    156,
                    0.01991233602166176
                ],
                [
                    312,
                    172,
                    0.021601859480142593
                ],
                [
                    128,
                    70,
                    0.17633453011512756
                ],
                [
                    144,
                    70,
                    0.4059397876262665
                ],
                [
                    112,
                    62,
                    0.031695034354925156
                ],
                [
                    176,
                    70,
                    0.7721594572067261
                ],
                [
                    304,
                    7,
                    1.0196200609207153
                ]
            ]
        },
        {
            "frame_index": 3,
            "id": 3,
            "person_id": null,
            "keypoints": [
                [
                    144,
                    70,
                    0.2956632375717163
                ],
                [
                    160,
                    109,
                    0.5582273602485657
                ],
                [
                    104,
                    109,
                    0.4795621931552887
                ],
                [
                    88,
                    148,
                    0.05687035992741585
                ],
                [
                    296,
                    0,
                    0.022251076996326447
                ],
                [
                    200,
                    101,
                    0.5159949660301208
                ],
                [
                    240,
                    148,
                    0.07753491401672363
                ],
                [
                    8,
                    148,
                    0.016953526064753532
                ],
                [
                    304,
                    156,
                    0.030844097957015038
                ],
                [
                    312,
                    156,
                    0.030715461820364
                ],
                [
                    0,
                    133,
                    0.020283320918679237
                ],
                [
                    304,
                    156,
                    0.03411237895488739
                ],
                [
                    312,
                    156,
                    0.019517742097377777
                ],
                [
                    312,
                    172,
                    0.020961208269000053
                ],
                [
                    136,
                    70,
                    0.21550744771957397
                ],
                [
                    152,
                    62,
                    0.3505207598209381
                ],
                [
                    120,
                    70,
                    0.12387143820524216
                ],
                [
                    176,
                    70,
                    0.756434440612793
                ],
                [
                    304,
                    7,
                    1.018420696258545
                ]
            ]
        },
        {
            "frame_index": 4,
            "id": 4,
            "person_id": null,
            "keypoints": [
                [
                    144,
                    70,
                    0.3293251693248749
                ],
                [
                    160,
                    109,
                    0.5826554894447327
                ],
                [
                    112,
                    109,
                    0.5781171321868896
                ],
                [
                    88,
                    148,
                    0.05761547386646271
                ],
                [
                    296,
                    0,
                    0.022282274439930916
                ],
                [
                    208,
                    109,
                    0.43803635239601135
                ],
                [
                    240,
                    148,
                    0.0497337207198143
                ],
                [
                    8,
                    148,
                    0.01815304346382618
                ],
                [
                    304,
                    156,
                    0.03224719315767288
                ],
                [
                    312,
                    156,
                    0.03141966834664345
                ],
                [
                    0,
                    133,
                    0.020172493532299995
                ],
                [
                    304,
                    156,
                    0.03526584059000015
                ],
                [
                    312,
                    156,
                    0.019794991239905357
                ],
                [
                    312,
                    172,
                    0.02106003649532795
                ],
                [
                    136,
                    70,
                    0.20897741615772247
                ],
                [
                    152,
                    70,
                    0.34407520294189453
                ],
                [
                    128,
                    70,
                    0.10754681378602982
                ],
                [
                    184,
                    78,
                    0.7616483569145203
                ],
                [
                    304,
                    7,
                    1.0183167457580566
                ]
            ]
        }
    ],
    "category_id": 1
}