{
    "info": {
        "video_name": "1_177",
        "resolution": [
            320,
            180
        ],
        "num_frame": 2,
        "num_keypoints": 18,
        "keypoint_channels": [
            "x",
            "y",
            "score"
        ],
        "version": "1.0"
    },
    "annotations": [
        {
            "frame_index": 0,
            "id": 0,
            "person_id": null,
            "keypoints": [
                [
                    168,
                    78,
                    0.17942972481250763
                ],
                [
                    152,
                    101,
                    0.6357636451721191
                ],
                [
                    96,
                    101,
                    0.5749953985214233
                ],
                [
                    80,
                    148,
                    0.04507370665669441
                ],
                [
                    296,
                    0,
                    0.020543402060866356
                ],
                [
                    200,
                    101,
                    0.670368492603302
                ],
                [
                    216,
                    148,
                    0.02254568226635456
                ],
                [
                    296,
                    7,
                    0.02204999141395092
                ],
                [
                    120,
                    172,
                    0.030020294710993767
                ],
                [
                    304,
                    164,
                    0.02322421967983246
                ],
                [
                    0,
                    156,
                    0.026362206786870956
                ],
                [
                    72,
                    172,
                    0.023047475144267082
                ],
                [
                    312,
                    156,
                    0.022134222090244293
                ],
                [
                    312,
                    164,
                    0.01563301868736744
                ],
                [
                    160,
                    62,
                    0.03235402703285217
                ],
                [
                    152,
                    101,
                    0.016620256006717682
                ],
                [
                    128,
                    62,
                    0.7178047895431519
                ],
                [
                    72,
                    156,
                    0.014697599224746227
                ],
                [
                    304,
                    101,
                    1.0109353065490723
                ]
            ]
        },
        {
            "frame_index": 1,
            "id": 1,
            "person_id": null,
            "keypoints": [
                [
                    152,
                    62,
                    0.0634700283408165
                ],
                [
                    144,
                    109,
                    0.6794375777244568
                ],
                [
                    96,
                    109,
                    0.5763102769851685
                ],
                [
                    80,
                    148,
                    0.03952691704034805
                ],
                [
                    296,
                    0,
                    0.021086998283863068
                ],
                [
                    200,
                    101,
                    0.6062702536582947
                ],
                [
                    216,
                    148,
                    0.02965095452964306
                ],
                [
                    296,
                    7,
                    0.019196562469005585
                ],
                [
                    72,
                    172,
                    0.025846708565950394
                ],
                [
                    312,
                    156,
                    0.021577730774879456
                ],
                [
                    296,
                    15,
                    0.015511954203248024
                ],
                [
                    72,
                    172,
                    0.020949847996234894
                ],
                [
                    312,
                    156,
                    0.02340071275830269
                ],
                [
                    312,
                    164,
                    0.014793035574257374
                ],
                [
                    152,
                    62,
                    0.027729768306016922
                ],
                [
                    0,
                    0,
                    0.017026927322149277
                ],
                [
                    128,
                    62,
                    0.6698501110076904
                ],
                [
                    312,
                    15,
                    0.012951651588082314
                ],
                [
                    296,
                    164,
                    1.0090100765228271
                ]
            ]
        }
    ],
    "category_id": 1
}