{
    "info": {
        "video_name": "1_176",
        "resolution": [
            320,
            180
        ],
        "num_frame": 5,
        "num_keypoints": 18,
        "keypoint_channels": [
            "x",
            "y",
            "score"
        ],
        "version": "1.0"
    },
    "annotations": [
        {
            "frame_index": 0,
            "id": 0,
            "person_id": null,
            "keypoints": [
                [
                    72,
                    164,
                    0.039962515234947205
                ],
                [
                    144,
                    93,
                    0.6501949429512024
                ],
                [
                    104,
                    93,
                    0.6328632235527039
                ],
                [
                    72,
                    156,
                    0.3668064475059509
                ],
                [
                    208,
                    172,
                    0.03613606095314026
                ],
                [
                    176,
                    93,
                    0.6471912264823914
                ],
                [
                    208,
                    156,
                    0.5964077115058899
                ],
                [
                    208,
                    164,
                    0.1065022349357605
                ],
                [
                    208,
                    172,
                    0.07522812485694885
                ],
                [
                    80,
                    164,
                    0.0424431711435318
                ],
                [
                    72,
                    164,
                    0.03445146977901459
                ],
                [
                    208,
                    172,
                    0.14449216425418854
                ],
                [
                    208,
                    156,
                    0.08163461089134216
                ],
                [
                    312,
                    172,
                    0.025833044201135635
                ],
                [
                    144,
                    46,
                    0.0833619087934494
                ],
                [
                    152,
                    46,
                    0.05164436995983124
                ],
                [
                    136,
                    46,
                    0.27993103861808777
                ],
                [
                    112,
                    54,
                    0.20104074478149414
                ],
                [
                    304,
                    0,
                    1.0039465427398682
                ]
            ]
        },
        {
            "frame_index": 1,
            "id": 1,
            "person_id": null,
            "keypoints": [
                [
                    120,
                    54,
                    0.24298636615276337
                ],
                [
                    144,
                    93,
                    0.6916453242301941
                ],
                [
                    104,
                    101,
                    0.6283936500549316
                ],
                [
                    72,
                    156,
                    0.2885880768299103
                ],
                [
                    216,
                    172,
                    0.0388200506567955
                ],
                [
                    184,
                    93,
                    0.645880401134491
                ],
                [
                    208,
                    156,
                    0.3882017135620117
                ],
                [
                    208,
                    164,
                    0.0704747885465622
                ],
                [
                    216,
                    172,
                    0.06857585906982422
                ],
                [
                    72,
                    164,
                    0.027219239622354507
                ],
                [
                    216,
                    164,
                    0.030004477128386497
                ],
                [
                    216,
                    172,
                    0.12250878661870956
                ],
                [
                    208,
                    156,
                    0.05970420688390732
                ],
                [
                    312,
                    172,
                    0.011267445050179958
                ],
                [
                    120,
                    54,
                    0.1247246116399765
                ],
                [
                    128,
                    46,
                    0.2312752902507782
                ],
                [
                    120,
                    62,
                    0.20735514163970947
                ],
                [
                    144,
                    46,
                    0.14853207767009735
                ],
                [
                    304,
                    117,
                    1.0041441917419434
                ]
            ]
        },
        {
            "frame_index": 2,
            "id": 2,
            "person_id": null,
            "keypoints": [
                [
                    144,
                    62,
                    0.03044576197862625
                ],
                [
                    136,
                    101,
                    0.6364902853965759
                ],
                [
                    96,
                    101,
                    0.6387100219726562
                ],
                [
                    72,
                    156,
                    0.18318594992160797
                ],
                [
                    216,
                    172,
                    0.03859324753284454
                ],
                [
                    184,
                    93,
                    0.6306271553039551
                ],
                [
                    208,
                    156,
                    0.29732024669647217
                ],
                [
                    216,
                    164,
                    0.06144028902053833
                ],
                [
                    216,
                    172,
                    0.06694680452346802
                ],
                [
                    72,
                    164,
                    0.02160317450761795
                ],
                [
                    216,
                    164,
                    0.030786748975515366
                ],
                [
                    216,
                    172,
                    0.12318708747625351
                ],
                [
                    216,
                    172,
                    0.05732398480176926
                ],
                [
                    312,
                    172,
                    0.013866985216736794
                ],
                [
                    136,
                    46,
                    0.031956370919942856
                ],
                [
                    136,
                    46,
                    0.1007615178823471
                ],
                [
                    120,
                    46,
                    0.01552639715373516
                ],
                [
                    160,
                    62,
                    0.654309868812561
                ],
                [
                    304,
                    117,
                    1.0073261260986328
                ]
            ]
        },
        {
            "frame_index": 3,
            "id": 3,
            "person_id": null,
            "keypoints": [
                [
                    128,
                    54,
                    0.0532723106443882
                ],
                [
                    136,
                    101,
                    0.6793581247329712
                ],
                [
                    96,
                    101,
                    0.650226354598999
                ],
                [
                    64,
                    156,
                    0.11073827743530273
                ],
                [
                    216,
                    172,
                    0.037786997854709625
                ],
                [
                    184,
                    93,
                    0.6203343868255615
                ],
                [
                    216,
                    156,
                    0.2136426419019699
                ],
                [
                    216,
                    164,
                    0.044914841651916504
                ],
                [
                    224,
                    172,
                    0.06339329481124878
                ],
                [
                    224,
                    164,
                    0.026269037276506424
                ],
                [
                    216,
                    164,
                    0.029700063169002533
                ],
                [
                    216,
                    172,
                    0.10976758599281311
                ],
                [
                    216,
                    172,
                    0.06593719124794006
                ],
                [
                    304,
                    172,
                    0.015360597521066666
                ],
                [
                    128,
                    54,
                    0.061908502131700516
                ],
                [
                    136,
                    46,
                    0.128706693649292
                ],
                [
                    120,
                    62,
                    0.09204352647066116
                ],
                [
                    160,
                    62,
                    0.7584679126739502
                ],
                [
                    296,
                    164,
                    1.0091655254364014
                ]
            ]
        },
        {
            "frame_index": 4,
            "id": 4,
            "person_id": null,
            "keypoints": [
                [
                    144,
                    93,
                    0.03423617035150528
                ],
                [
                    144,
                    93,
                    0.6668084859848022
                ],
                [
                    104,
                    93,
                    0.6555097699165344
                ],
                [
                    72,
                    148,
                    0.46221545338630676
                ],
                [
                    72,
                    156,
                    0.04285377264022827
                ],
                [
                    176,
                    93,
                    0.6510143280029297
                ],
                [
                    208,
                    156,
                    0.6367714405059814
                ],
                [
                    208,
                    164,
                    0.07131588459014893
                ],
                [
                    72,
                    164,
                    0.06583917886018753
                ],
                [
                    72,
                    164,
                    0.05476029962301254
                ],
                [
                    72,
                    164,
                    0.03754700347781181
                ],
                [
                    208,
                    172,
                    0.09288015216588974
                ],
                [
                    208,
                    156,
                    0.06390825659036636
                ],
                [
                    208,
                    164,
                    0.01932177133858204
                ],
                [
                    152,
                    46,
                    0.06385745108127594
                ],
                [
                    152,
                    46,
                    0.0630403459072113
                ],
                [
                    120,
                    62,
                    0.3020462691783905
                ],
                [
                    120,
                    62,
                    0.17011600732803345
                ],
                [
                    304,
                    117,
                    1.0040844678878784
                ]
            ]
        }
    ],
    "category_id": 1
}