{
    "info": {
        "video_name": "1_17",
        "resolution": [
            320,
            180
        ],
        "num_frame": 5,
        "num_keypoints": 18,
        "keypoint_channels": [
            "x",
            "y",
            "score"
        ],
        "version": "1.0"
    },
    "annotations": [
        {
            "frame_index": 0,
            "id": 0,
            "person_id": null,
            "keypoints": [
                [
                    152,
                    39,
                    0.16442085802555084
                ],
                [
                    144,
                    109,
                    0.6531400680541992
                ],
                [
                    104,
                    109,
                    0.6076247096061707
                ],
                [
                    96,
                    148,
                    0.02947952412068844
                ],
                [
                    152,
                    15,
                    0.02391887456178665
                ],
                [
                    184,
                    109,
                    0.690306544303894
                ],
                [
                    192,
                    148,
                    0.0488206148147583
                ],
                [
                    144,
                    15,
                    0.02046576328575611
                ],
                [
                    96,
                    172,
                    0.028307989239692688
                ],
                [
                    112,
                    172,
                    0.02069087326526642
                ],
                [
                    296,
                    15,
                    0.015353536233305931
                ],
                [
                    96,
                    172,
                    0.029906529933214188
                ],
                [
                    192,
                    172,
                    0.0247628316283226
                ],
                [
                    304,
                    172,
                    0.01266510784626007
                ],
                [
                    144,
                    23,
                    0.09957368671894073
                ],
                [
                    160,
                    23,
                    0.07119180262088776
                ],
                [
                    128,
                    54,
                    0.6788992881774902
                ],
                [
                    168,
                    46,
                    0.13317176699638367
                ],
                [
                    304,
                    0,
                    1.0186126232147217
                ]
            ]
        },
        {
            "frame_index": 1,
            "id": 1,
            "person_id": null,
            "keypoints": [
                [
                    160,
                    54,
                    0.11045292764902115
                ],
                [
                    144,
                    109,
                    0.6574593186378479
                ],
                [
                    104,
                    109,
                    0.6326176524162292
                ],
                [
                    96,
                    148,
                    0.026425525546073914
                ],
                [
                    152,
                    23,
                    0.028443703427910805
                ],
                [
                    184,
                    109,
                    0.6801961660385132
                ],
                [
                    192,
                    148,
                    0.050968512892723083
                ],
                [
                    152,
                    23,
                    0.0293730515986681
                ],
                [
                    144,
                    172,
                    0.03349767252802849
                ],
                [
                    112,
                    172,
                    0.018438670784235
                ],
                [
                    296,
                    15,
                    0.015550588257610798
                ],
                [
                    192,
                    172,
                    0.027504749596118927
                ],
                [
                    192,
                    172,
                    0.02294750139117241
                ],
                [
                    128,
                    164,
                    0.01261848397552967
                ],
                [
                    152,
                    54,
                    0.07526589930057526
                ],
                [
                    160,
                    54,
                    0.05290006101131439
                ],
                [
                    128,
                    54,
                    0.6581918001174927
                ],
                [
                    168,
                    46,
                    0.07493750751018524
                ],
                [
                    296,
                    164,
                    1.0175232887268066
                ]
            ]
        },
        {
            "frame_index": 2,
            "id": 2,
            "person_id": null,
            "keypoints": [
                [
                    160,
                    46,
                    0.5445570349693298
                ],
                [
                    144,
                    109,
                    0.693147599697113
                ],
                [
                    104,
                    109,
                    0.6441228985786438
                ],
                [
                    104,
                    148,
                    0.03164655342698097
                ],
                [
                    168,
                    46,
                    0.011384448036551476
                ],
                [
                    184,
                    109,
                    0.6764448881149292
                ],
                [
                    184,
                    148,
                    0.046022720634937286
                ],
                [
                    296,
                    7,
                    0.01717703603208065
                ],
                [
                    144,
                    172,
                    0.036622364073991776
                ],
                [
                    112,
                    172,
                    0.01871631108224392
                ],
                [
                    192,
                    172,
                    0.015508605167269707
                ],
                [
                    96,
                    172,
                    0.028276938945055008
                ],
                [
                    192,
                    172,
                    0.0231922660022974
                ],
                [
                    304,
                    172,
                    0.012296676635742188
                ],
                [
                    152,
                    39,
                    0.45798125863075256
                ],
                [
                    168,
                    39,
                    0.44936060905456543
                ],
                [
                    128,
                    54,
                    0.765902578830719
                ],
                [
                    168,
                    46,
                    0.06140866503119469
                ],
                [
                    304,
                    0,
                    1.0209858417510986
                ]
            ]
        },
        {
            "frame_index": 3,
            "id": 3,
            "person_id": null,
            "keypoints": [
                [
                    152,
                    46,
                    0.3981923460960388
                ],
                [
                    144,
                    109,
                    0.6855446100234985
                ],
                [
                    104,
                    109,
                    0.6414392590522766
                ],
                [
                    96,
                    148,
                    0.03506844490766525
                ],
                [
                    64,
                    0,
                    0.008417027071118355
                ],
                [
                    184,
                    109,
                    0.7098512649536133
                ],
                [
                    192,
                    148,
                    0.042050331830978394
                ],
                [
                    296,
                    7,
                    0.016978273168206215
                ],
                [
                    144,
                    172,
                    0.033072128891944885
                ],
                [
                    304,
                    164,
                    0.016405919566750526
                ],
                [
                    192,
                    172,
                    0.015477417036890984
                ],
                [
                    192,
                    172,
                    0.026025377213954926
                ],
                [
                    192,
                    172,
                    0.020173300057649612
                ],
                [
                    304,
                    172,
                    0.012450885958969593
                ],
                [
                    144,
                    39,
                    0.3323550224304199
                ],
                [
                    160,
                    39,
                    0.3263934850692749
                ],
                [
                    128,
                    54,
                    0.7197084426879883
                ],
                [
                    168,
                    46,
                    0.31380435824394226
                ],
                [
                    296,
                    164,
                    1.0184435844421387
                ]
            ]
        },
        {
            "frame_index": 4,
            "id": 4,
            "person_id": null,
            "keypoints": [
                [
                    160,
                    86,
                    0.12164407223463058
                ],
                [
                    152,
                    109,
                    0.6315065622329712
                ],
                [
                    104,
                    101,
                    0.6044125556945801
                ],
                [
                    104,
                    148,
                    0.03858815133571625
                ],
                [
                    144,
                    23,
                    0.021866880357265472
                ],
                [
                    184,
                    109,
                    0.6684082746505737
                ],
                [
                    192,
                    148,
                    0.06564651429653168
                ],
                [
                    144,
                    23,
                    0.017230531200766563
                ],
                [
                    192,
                    172,
                    0.033713772892951965
                ],
                [
                    112,
                    172,
                    0.02387067675590515
                ],
                [
                    200,
                    172,
                    0.01936819776892662
                ],
                [
                    192,
                    172,
                    0.03500625863671303
                ],
                [
                    192,
                    172,
                    0.027584172785282135
                ],
                [
                    304,
                    172,
                    0.01325104758143425
                ],
                [
                    152,
                    78,
                    0.1258399486541748
                ],
                [
                    160,
                    78,
                    0.08873370289802551
                ],
                [
                    128,
                    54,
                    0.6620509624481201
                ],
                [
                    168,
                    46,
                    0.0349508598446846
                ],
                [
                    296,
                    164,
                    1.0150800943374634
                ]
            ]
        }
    ],
    "category_id": 1
}