{
    "info": {
        "video_name": "1_175",
        "resolution": [
            320,
            180
        ],
        "num_frame": 2,
        "num_keypoints": 18,
        "keypoint_channels": [
            "x",
            "y",
            "score"
        ],
        "version": "1.0"
    },
    "annotations": [
        {
            "frame_index": 0,
            "id": 0,
            "person_id": null,
            "keypoints": [
                [
                    152,
                    54,
                    0.3055022954940796
                ],
                [
                    160,
                    101,
                    0.6016417741775513
                ],
                [
                    120,
                    93,
                    0.5668096542358398
                ],
                [
                    64,
                    148,
                    0.48679929971694946
                ],
                [
                    176,
                    86,
                    0.05701844394207001
                ],
                [
                    208,
                    93,
                    0.6073457598686218
                ],
                [
                    216,
                    148,
                    0.5723762512207031
                ],
                [
                    184,
                    101,
                    0.6104598641395569
                ],
                [
                    8,
                    148,
                    0.06670752167701721
                ],
                [
                    312,
                    156,
                    0.03128378838300705
                ],
                [
                    0,
                    156,
                    0.03365493565797806
                ],
                [
                    8,
                    148,
                    0.07981070131063461
                ],
                [
                    8,
                    148,
                    0.026607584208250046
                ],
                [
                    312,
                    172,
                    0.022387206554412842
                ],
                [
                    152,
                    46,
                    0.21906639635562897
                ],
                [
                    168,
                    54,
                    0.23570050299167633
                ],
                [
                    8,
                    125,
                    0.11069165170192719
                ],
                [
                    184,
                    70,
                    0.6174246668815613
                ],
                [
                    304,
                    0,
                    1.0000003576278687
                ]
            ]
        },
        {
            "frame_index": 1,
            "id": 1,
            "person_id": null,
            "keypoints": [
                [
                    184,
                    70,
                    0.29430150985717773
                ],
                [
                    152,
                    101,
                    0.6037882566452026
                ],
                [
                    112,
                    101,
                    0.6054779887199402
                ],
                [
                    64,
                    148,
                    0.4744449853897095
                ],
                [
                    176,
                    93,
                    0.05495698004961014
                ],
                [
                    208,
                    93,
                    0.4801119267940521
                ],
                [
                    216,
                    148,
                    0.5483960509300232
                ],
                [
                    184,
                    101,
                    0.5454909801483154
                ],
                [
                    8,
                    148,
                    0.06449002027511597
                ],
                [
                    312,
                    156,
                    0.03114970773458481
                ],
                [
                    0,
                    156,
                    0.034685276448726654
                ],
                [
                    8,
                    148,
                    0.08043564110994339
                ],
                [
                    8,
                    148,
                    0.0266106054186821
                ],
                [
                    312,
                    172,
                    0.022378334775567055
                ],
                [
                    152,
                    54,
                    0.31049108505249023
                ],
                [
                    184,
                    62,
                    0.47893649339675903
                ],
                [
                    136,
                    54,
                    0.303385853767395
                ],
                [
                    192,
                    62,
                    0.2827441990375519
                ],
                [
                    304,
                    0,
                    1.0000553131103516
                ]
            ]
        }
    ],
    "category_id": 1
}