{
    "info": {
        "video_name": "1_189",
        "resolution": [
            320,
            180
        ],
        "num_frame": 5,
        "num_keypoints": 18,
        "keypoint_channels": [
            "x",
            "y",
            "score"
        ],
        "version": "1.0"
    },
    "annotations": [
        {
            "frame_index": 0,
            "id": 0,
            "person_id": null,
            "keypoints": [
                [
                    152,
                    70,
                    0.32530736923217773
                ],
                [
                    160,
                    93,
                    0.627785861492157
                ],
                [
                    112,
                    93,
                    0.6614530682563782
                ],
                [
                    80,
                    148,
                    0.3531859815120697
                ],
                [
                    288,
                    148,
                    0.12284746021032333
                ],
                [
                    200,
                    86,
                    0.6056210398674011
                ],
                [
                    216,
                    156,
                    0.14630524814128876
                ],
                [
                    280,
                    148,
                    0.0759919211268425
                ],
                [
                    288,
                    148,
                    0.22594532370567322
                ],
                [
                    304,
                    164,
                    0.06251747161149979
                ],
                [
                    288,
                    164,
                    0.05035501345992088
                ],
                [
                    280,
                    156,
                    0.17468008399009705
                ],
                [
                    288,
                    156,
                    0.05466295778751373
                ],
                [
                    304,
                    156,
                    0.02826063707470894
                ],
                [
                    152,
                    54,
                    0.2721939980983734
                ],
                [
                    168,
                    54,
                    0.17092230916023254
                ],
                [
                    136,
                    54,
                    0.7367145419120789
                ],
                [
                    288,
                    125,
                    0.15923845767974854
                ],
                [
                    304,
                    0,
                    0.9961211681365967
                ]
            ]
        },
        {
            "frame_index": 1,
            "id": 1,
            "person_id": null,
            "keypoints": [
                [
                    152,
                    62,
                    0.2698173224925995
                ],
                [
                    160,
                    93,
                    0.6309165358543396
                ],
                [
                    112,
                    93,
                    0.6988137364387512
                ],
                [
                    80,
                    148,
                    0.31279200315475464
                ],
                [
                    288,
                    148,
                    0.1299242526292801
                ],
                [
                    200,
                    86,
                    0.6049983501434326
                ],
                [
                    224,
                    156,
                    0.1575881391763687
                ],
                [
                    280,
                    148,
                    0.07687890529632568
                ],
                [
                    288,
                    148,
                    0.23522473871707916
                ],
                [
                    304,
                    164,
                    0.06239299476146698
                ],
                [
                    288,
                    164,
                    0.05170775577425957
                ],
                [
                    280,
                    156,
                    0.18205976486206055
                ],
                [
                    288,
                    156,
                    0.05610426142811775
                ],
                [
                    288,
                    164,
                    0.02939479798078537
                ],
                [
                    152,
                    54,
                    0.2835584580898285
                ],
                [
                    160,
                    54,
                    0.0862673968076706
                ],
                [
                    136,
                    54,
                    0.7884970307350159
                ],
                [
                    288,
                    125,
                    0.16454114019870758
                ],
                [
                    304,
                    0,
                    0.9960498809814453
                ]
            ]
        },
        {
            "frame_index": 2,
            "id": 2,
            "person_id": null,
            "keypoints": [
                [
                    176,
                    46,
                    0.0853433832526207
                ],
                [
                    160,
                    93,
                    0.7086217403411865
                ],
                [
                    112,
                    86,
                    0.666860044002533
                ],
                [
                    80,
                    148,
                    0.3186871111392975
                ],
                [
                    288,
                    148,
                    0.13042016327381134
                ],
                [
                    200,
                    86,
                    0.5695549845695496
                ],
                [
                    224,
                    156,
                    0.17508606612682343
                ],
                [
                    280,
                    148,
                    0.07709043473005295
                ],
                [
                    288,
                    148,
                    0.2310948669910431
                ],
                [
                    304,
                    164,
                    0.061909742653369904
                ],
                [
                    288,
                    164,
                    0.051085129380226135
                ],
                [
                    280,
                    156,
                    0.17636582255363464
                ],
                [
                    288,
                    156,
                    0.05501870438456535
                ],
                [
                    288,
                    164,
                    0.028802592307329178
                ],
                [
                    168,
                    46,
                    0.12764804065227509
                ],
                [
                    288,
                    125,
                    0.07945491373538971
                ],
                [
                    136,
                    54,
                    0.7388325333595276
                ],
                [
                    288,
                    125,
                    0.16270329058170319
                ],
                [
                    304,
                    0,
                    0.995827317237854
                ]
            ]
        },
        {
            "frame_index": 3,
            "id": 3,
            "person_id": null,
            "keypoints": [
                [
                    176,
                    46,
                    0.24817810952663422
                ],
                [
                    160,
                    93,
                    0.6778756380081177
                ],
                [
                    112,
                    93,
                    0.7074655294418335
                ],
                [
                    80,
                    148,
                    0.3470700681209564
                ],
                [
                    288,
                    148,
                    0.12174712121486664
                ],
                [
                    200,
                    86,
                    0.6117476224899292
                ],
                [
                    216,
                    156,
                    0.18174149096012115
                ],
                [
                    152,
                    148,
                    0.10536926984786987
                ],
                [
                    288,
                    148,
                    0.22398971021175385
                ],
                [
                    304,
                    164,
                    0.06300635635852814
                ],
                [
                    288,
                    164,
                    0.05045901983976364
                ],
                [
                    280,
                    156,
                    0.17203417420387268
                ],
                [
                    288,
                    156,
                    0.056038748472929
                ],
                [
                    288,
                    164,
                    0.027103321626782417
                ],
                [
                    168,
                    46,
                    0.3067346513271332
                ],
                [
                    176,
                    46,
                    0.1486414074897766
                ],
                [
                    136,
                    54,
                    0.6879647374153137
                ],
                [
                    288,
                    125,
                    0.1632082760334015
                ],
                [
                    304,
                    0,
                    0.9944888949394226
                ]
            ]
        },
        {
            "frame_index": 4,
            "id": 4,
            "person_id": null,
            "keypoints": [
                [
                    152,
                    54,
                    0.17069990932941437
                ],
                [
                    152,
                    93,
                    0.7077510356903076
                ],
                [
                    112,
                    86,
                    0.6805628538131714
                ],
                [
                    80,
                    148,
                    0.3655849099159241
                ],
                [
                    288,
                    148,
                    0.1349133998155594
                ],
                [
                    192,
                    86,
                    0.6719850301742554
                ],
                [
                    224,
                    148,
                    0.19244056940078735
                ],
                [
                    152,
                    148,
                    0.09635189920663834
                ],
                [
                    288,
                    148,
                    0.24313920736312866
                ],
                [
                    304,
                    164,
                    0.06332149356603622
                ],
                [
                    288,
                    164,
                    0.0525398924946785
                ],
                [
                    280,
                    156,
                    0.18919533491134644
                ],
                [
                    288,
                    156,
                    0.0577724352478981
                ],
                [
                    288,
                    164,
                    0.031033439561724663
                ],
                [
                    144,
                    46,
                    0.17369906604290009
                ],
                [
                    288,
                    125,
                    0.08168117702007294
                ],
                [
                    128,
                    54,
                    0.7365776300430298
                ],
                [
                    288,
                    125,
                    0.1735103279352188
                ],
                [
                    304,
                    0,
                    0.9962314963340759
                ]
            ]
        }
    ],
    "category_id": 1
}