{
    "info": {
        "video_name": "1_186",
        "resolution": [
            320,
            180
        ],
        "num_frame": 4,
        "num_keypoints": 18,
        "keypoint_channels": [
            "x",
            "y",
            "score"
        ],
        "version": "1.0"
    },
    "annotations": [
        {
            "frame_index": 0,
            "id": 0,
            "person_id": null,
            "keypoints": [
                [
                    152,
                    78,
                    0.1564909666776657
                ],
                [
                    152,
                    109,
                    0.655735194683075
                ],
                [
                    104,
                    109,
                    0.5937314033508301
                ],
                [
                    80,
                    148,
                    0.037117667496204376
                ],
                [
                    312,
                    0,
                    0.013986533507704735
                ],
                [
                    208,
                    109,
                    0.6249417066574097
                ],
                [
                    224,
                    148,
                    0.03316885977983475
                ],
                [
                    296,
                    7,
                    0.02529352717101574
                ],
                [
                    144,
                    172,
                    0.027077270671725273
                ],
                [
                    240,
                    172,
                    0.026706457138061523
                ],
                [
                    288,
                    15,
                    0.011115863919258118
                ],
                [
                    312,
                    0,
                    0.02637544274330139
                ],
                [
                    144,
                    101,
                    0.012552304193377495
                ],
                [
                    304,
                    172,
                    0.017590809613466263
                ],
                [
                    144,
                    70,
                    0.12830586731433868
                ],
                [
                    152,
                    78,
                    0.15661071240901947
                ],
                [
                    128,
                    62,
                    0.6341290473937988
                ],
                [
                    176,
                    70,
                    0.1389206051826477
                ],
                [
                    304,
                    78,
                    0.9984958171844482
                ]
            ]
        },
        {
            "frame_index": 1,
            "id": 1,
            "person_id": null,
            "keypoints": [
                [
                    152,
                    78,
                    0.04779242351651192
                ],
                [
                    152,
                    109,
                    0.639184296131134
                ],
                [
                    104,
                    109,
                    0.5905706286430359
                ],
                [
                    80,
                    148,
                    0.03419558331370354
                ],
                [
                    312,
                    0,
                    0.015057038515806198
                ],
                [
                    208,
                    109,
                    0.6287901401519775
                ],
                [
                    224,
                    148,
                    0.031760647892951965
                ],
                [
                    296,
                    7,
                    0.023799290880560875
                ],
                [
                    136,
                    172,
                    0.029254082590341568
                ],
                [
                    304,
                    164,
                    0.02622883766889572
                ],
                [
                    288,
                    15,
                    0.0118512362241745
                ],
                [
                    312,
                    0,
                    0.02614467218518257
                ],
                [
                    72,
                    172,
                    0.013471349142491817
                ],
                [
                    304,
                    172,
                    0.017848864197731018
                ],
                [
                    152,
                    70,
                    0.06618824601173401
                ],
                [
                    168,
                    78,
                    0.020709313452243805
                ],
                [
                    128,
                    62,
                    0.689772367477417
                ],
                [
                    184,
                    70,
                    0.06579101085662842
                ],
                [
                    312,
                    86,
                    0.9962033033370972
                ]
            ]
        },
        {
            "frame_index": 2,
            "id": 2,
            "person_id": null,
            "keypoints": [
                [
                    160,
                    78,
                    0.1419411450624466
                ],
                [
                    152,
                    109,
                    0.6724255084991455
                ],
                [
                    104,
                    109,
                    0.638683557510376
                ],
                [
                    80,
                    148,
                    0.03465786576271057
                ],
                [
                    312,
                    0,
                    0.014962658286094666
                ],
                [
                    208,
                    109,
                    0.6483141183853149
                ],
                [
                    224,
                    148,
                    0.03669764846563339
                ],
                [
                    296,
                    7,
                    0.023588741198182106
                ],
                [
                    120,
                    172,
                    0.02617623284459114
                ],
                [
                    240,
                    172,
                    0.029237769544124603
                ],
                [
                    288,
                    15,
                    0.011719034984707832
                ],
                [
                    312,
                    0,
                    0.025607120245695114
                ],
                [
                    72,
                    172,
                    0.01426430232822895
                ],
                [
                    304,
                    172,
                    0.017388254404067993
                ],
                [
                    152,
                    70,
                    0.1226433664560318
                ],
                [
                    168,
                    78,
                    0.08675959706306458
                ],
                [
                    136,
                    70,
                    0.6706646680831909
                ],
                [
                    176,
                    70,
                    0.12021838128566742
                ],
                [
                    312,
                    86,
                    0.9968569278717041
                ]
            ]
        },
        {
            "frame_index": 3,
            "id": 3,
            "person_id": null,
            "keypoints": [
                [
                    152,
                    78,
                    0.059280041605234146
                ],
                [
                    152,
                    109,
                    0.6524337530136108
                ],
                [
                    104,
                    109,
                    0.6160621047019958
                ],
                [
                    80,
                    148,
                    0.03545702248811722
                ],
                [
                    312,
                    0,
                    0.01464703306555748
                ],
                [
                    208,
                    109,
                    0.6294618844985962
                ],
                [
                    232,
                    148,
                    0.03349238634109497
                ],
                [
                    296,
                    7,
                    0.025352908298373222
                ],
                [
                    152,
                    172,
                    0.029400330036878586
                ],
                [
                    240,
                    172,
                    0.029649440199136734
                ],
                [
                    240,
                    172,
                    0.012125188484787941
                ],
                [
                    312,
                    0,
                    0.026659071445465088
                ],
                [
                    72,
                    172,
                    0.01364155113697052
                ],
                [
                    304,
                    172,
                    0.017945870757102966
                ],
                [
                    152,
                    70,
                    0.055690743029117584
                ],
                [
                    160,
                    78,
                    0.022231880575418472
                ],
                [
                    128,
                    62,
                    0.5854350328445435
                ],
                [
                    168,
                    62,
                    0.06328706443309784
                ],
                [
                    304,
                    78,
                    0.9989545941352844
                ]
            ]
        }
    ],
    "category_id": 1
}