{
    "info": {
        "video_name": "1_187",
        "resolution": [
            320,
            180
        ],
        "num_frame": 5,
        "num_keypoints": 18,
        "keypoint_channels": [
            "x",
            "y",
            "score"
        ],
        "version": "1.0"
    },
    "annotations": [
        {
            "frame_index": 0,
            "id": 0,
            "person_id": null,
            "keypoints": [
                [
                    152,
                    62,
                    0.028648650273680687
                ],
                [
                    152,
                    109,
                    0.6707139611244202
                ],
                [
                    96,
                    109,
                    0.6405272483825684
                ],
                [
                    48,
                    148,
                    0.4746725261211395
                ],
                [
                    64,
                    117,
                    0.05143940448760986
                ],
                [
                    208,
                    109,
                    0.4949580430984497
                ],
                [
                    256,
                    148,
                    0.47919654846191406
                ],
                [
                    256,
                    148,
                    0.07852468639612198
                ],
                [
                    40,
                    172,
                    0.05101269483566284
                ],
                [
                    48,
                    148,
                    0.21676552295684814
                ],
                [
                    48,
                    156,
                    0.033552709966897964
                ],
                [
                    256,
                    172,
                    0.0573093518614769
                ],
                [
                    48,
                    148,
                    0.09393493831157684
                ],
                [
                    48,
                    140,
                    0.01713857799768448
                ],
                [
                    152,
                    54,
                    0.0831545889377594
                ],
                [
                    296,
                    164,
                    0.021819129586219788
                ],
                [
                    128,
                    62,
                    0.7221847176551819
                ],
                [
                    184,
                    54,
                    0.09073536098003387
                ],
                [
                    312,
                    62,
                    0.9971829056739807
                ]
            ]
        },
        {
            "frame_index": 1,
            "id": 1,
            "person_id": null,
            "keypoints": [
                [
                    56,
                    164,
                    0.035221491008996964
                ],
                [
                    168,
                    109,
                    0.6556060314178467
                ],
                [
                    104,
                    101,
                    0.6547290682792664
                ],
                [
                    64,
                    148,
                    0.5517902970314026
                ],
                [
                    56,
                    156,
                    0.07847991585731506
                ],
                [
                    224,
                    109,
                    0.5904660820960999
                ],
                [
                    248,
                    148,
                    0.07819120585918427
                ],
                [
                    296,
                    7,
                    0.024949705228209496
                ],
                [
                    56,
                    164,
                    0.05713551864027977
                ],
                [
                    64,
                    164,
                    0.04375143349170685
                ],
                [
                    56,
                    164,
                    0.026104483753442764
                ],
                [
                    264,
                    172,
                    0.03535715490579605
                ],
                [
                    264,
                    172,
                    0.0299825556576252
                ],
                [
                    272,
                    172,
                    0.015434539876878262
                ],
                [
                    152,
                    62,
                    0.011310925707221031
                ],
                [
                    296,
                    164,
                    0.02112165465950966
                ],
                [
                    152,
                    62,
                    0.607666015625
                ],
                [
                    152,
                    62,
                    0.053537510335445404
                ],
                [
                    312,
                    101,
                    0.997245192527771
                ]
            ]
        },
        {
            "frame_index": 2,
            "id": 2,
            "person_id": null,
            "keypoints": [
                [
                    160,
                    54,
                    0.12213016301393509
                ],
                [
                    160,
                    109,
                    0.666702926158905
                ],
                [
                    104,
                    109,
                    0.6832341551780701
                ],
                [
                    88,
                    148,
                    0.026674481108784676
                ],
                [
                    8,
                    0,
                    0.014366354793310165
                ],
                [
                    208,
                    109,
                    0.625667929649353
                ],
                [
                    216,
                    148,
                    0.0229338351637125
                ],
                [
                    296,
                    7,
                    0.02465069852769375
                ],
                [
                    72,
                    172,
                    0.026002544909715652
                ],
                [
                    304,
                    164,
                    0.018389064818620682
                ],
                [
                    8,
                    15,
                    0.020554810762405396
                ],
                [
                    16,
                    7,
                    0.028224576264619827
                ],
                [
                    128,
                    62,
                    0.013692852109670639
                ],
                [
                    8,
                    7,
                    0.015362720936536789
                ],
                [
                    152,
                    46,
                    0.07890597730875015
                ],
                [
                    160,
                    46,
                    0.06378991901874542
                ],
                [
                    136,
                    62,
                    0.6386822462081909
                ],
                [
                    192,
                    70,
                    0.12488909065723419
                ],
                [
                    304,
                    109,
                    1.0018725395202637
                ]
            ]
        },
        {
            "frame_index": 3,
            "id": 3,
            "person_id": null,
            "keypoints": [
                [
                    144,
                    31,
                    0.0744825154542923
                ],
                [
                    144,
                    109,
                    0.6554340720176697
                ],
                [
                    88,
                    109,
                    0.6458459496498108
                ],
                [
                    80,
                    148,
                    0.030111899599432945
                ],
                [
                    296,
                    0,
                    0.015176676213741302
                ],
                [
                    192,
                    101,
                    0.6146541833877563
                ],
                [
                    208,
                    148,
                    0.03857267647981644
                ],
                [
                    296,
                    7,
                    0.023355359211564064
                ],
                [
                    64,
                    172,
                    0.02258443273603916
                ],
                [
                    224,
                    172,
                    0.02606803923845291
                ],
                [
                    0,
                    15,
                    0.016833875328302383
                ],
                [
                    16,
                    7,
                    0.024747800081968307
                ],
                [
                    64,
                    172,
                    0.012127663940191269
                ],
                [
                    136,
                    7,
                    0.019062358886003494
                ],
                [
                    144,
                    31,
                    0.15862031280994415
                ],
                [
                    144,
                    23,
                    0.10350687056779861
                ],
                [
                    120,
                    62,
                    0.6277961730957031
                ],
                [
                    128,
                    62,
                    0.0221702978014946
                ],
                [
                    304,
                    109,
                    1.0065890550613403
                ]
            ]
        },
        {
            "frame_index": 4,
            "id": 4,
            "person_id": null,
            "keypoints": [
                [
                    160,
                    46,
                    0.28118976950645447
                ],
                [
                    136,
                    101,
                    0.5982888340950012
                ],
                [
                    80,
                    109,
                    0.6249675750732422
                ],
                [
                    40,
                    148,
                    0.6555670499801636
                ],
                [
                    40,
                    156,
                    0.07967732846736908
                ],
                [
                    192,
                    93,
                    0.4761236906051636
                ],
                [
                    248,
                    133,
                    0.7593534588813782
                ],
                [
                    248,
                    148,
                    0.08019490540027618
                ],
                [
                    40,
                    172,
                    0.05059128999710083
                ],
                [
                    40,
                    148,
                    0.04056781157851219
                ],
                [
                    40,
                    156,
                    0.022185806185007095
                ],
                [
                    16,
                    7,
                    0.029582180082798004
                ],
                [
                    40,
                    148,
                    0.030096817761659622
                ],
                [
                    8,
                    7,
                    0.014643519185483456
                ],
                [
                    160,
                    39,
                    0.22073283791542053
                ],
                [
                    160,
                    39,
                    0.08293364942073822
                ],
                [
                    152,
                    46,
                    0.044808078557252884
                ],
                [
                    104,
                    62,
                    0.37295567989349365
                ],
                [
                    304,
                    109,
                    1.0062658786773682
                ]
            ]
        }
    ],
    "category_id": 1
}