{
    "info": {
        "video_name": "1_190",
        "resolution": [
            320,
            180
        ],
        "num_frame": 9,
        "num_keypoints": 18,
        "keypoint_channels": [
            "x",
            "y",
            "score"
        ],
        "version": "1.0"
    },
    "annotations": [
        {
            "frame_index": 0,
            "id": 0,
            "person_id": null,
            "keypoints": [
                [
                    144,
                    23,
                    0.28103816509246826
                ],
                [
                    176,
                    109,
                    0.6326517462730408
                ],
                [
                    128,
                    109,
                    0.6335626840591431
                ],
                [
                    112,
                    148,
                    0.04148060083389282
                ],
                [
                    296,
                    0,
                    0.01993727870285511
                ],
                [
                    224,
                    109,
                    0.6411488056182861
                ],
                [
                    232,
                    148,
                    0.025587739422917366
                ],
                [
                    304,
                    7,
                    0.017489904537796974
                ],
                [
                    40,
                    172,
                    0.023978134617209435
                ],
                [
                    312,
                    172,
                    0.01953946240246296
                ],
                [
                    8,
                    15,
                    0.015529582276940346
                ],
                [
                    296,
                    0,
                    0.029202673584222794
                ],
                [
                    312,
                    109,
                    0.00914179440587759
                ],
                [
                    304,
                    172,
                    0.016617199406027794
                ],
                [
                    144,
                    15,
                    0.06866428256034851
                ],
                [
                    152,
                    23,
                    0.18545891344547272
                ],
                [
                    144,
                    15,
                    0.011162806302309036
                ],
                [
                    184,
                    46,
                    0.7942196130752563
                ],
                [
                    304,
                    0,
                    1.0255684852600098
                ]
            ]
        },
        {
            "frame_index": 1,
            "id": 1,
            "person_id": null,
            "keypoints": [
                [
                    160,
                    39,
                    0.04218215495347977
                ],
                [
                    176,
                    101,
                    0.610632061958313
                ],
                [
                    120,
                    109,
                    0.6016951203346252
                ],
                [
                    112,
                    148,
                    0.03763321787118912
                ],
                [
                    160,
                    15,
                    0.02659052610397339
                ],
                [
                    224,
                    101,
                    0.6075301766395569
                ],
                [
                    312,
                    172,
                    0.020674558356404305
                ],
                [
                    152,
                    23,
                    0.021746275946497917
                ],
                [
                    40,
                    172,
                    0.025608748197555542
                ],
                [
                    304,
                    164,
                    0.019246211275458336
                ],
                [
                    8,
                    15,
                    0.01378992572426796
                ],
                [
                    296,
                    0,
                    0.030993223190307617
                ],
                [
                    224,
                    109,
                    0.012360536493360996
                ],
                [
                    304,
                    172,
                    0.017148826271295547
                ],
                [
                    296,
                    0,
                    0.017636757344007492
                ],
                [
                    176,
                    39,
                    0.03751115873456001
                ],
                [
                    144,
                    7,
                    0.011271333321928978
                ],
                [
                    184,
                    46,
                    0.740527331829071
                ],
                [
                    304,
                    0,
                    1.0254266262054443
                ]
            ]
        },
        {
            "frame_index": 2,
            "id": 2,
            "person_id": null,
            "keypoints": [
                [
                    152,
                    78,
                    0.06626025587320328
                ],
                [
                    168,
                    101,
                    0.6479519009590149
                ],
                [
                    112,
                    109,
                    0.5884270668029785
                ],
                [
                    104,
                    148,
                    0.03673556447029114
                ],
                [
                    296,
                    0,
                    0.01883014291524887
                ],
                [
                    216,
                    101,
                    0.6320855617523193
                ],
                [
                    224,
                    148,
                    0.02960805781185627
                ],
                [
                    304,
                    7,
                    0.017184291034936905
                ],
                [
                    176,
                    172,
                    0.02422308549284935
                ],
                [
                    304,
                    164,
                    0.01751832291483879
                ],
                [
                    8,
                    15,
                    0.014252468943595886
                ],
                [
                    296,
                    0,
                    0.027356408536434174
                ],
                [
                    184,
                    46,
                    0.011505319736897945
                ],
                [
                    304,
                    172,
                    0.016944067552685738
                ],
                [
                    152,
                    86,
                    0.07145750522613525
                ],
                [
                    160,
                    78,
                    0.11300812661647797
                ],
                [
                    312,
                    172,
                    0.009598758071660995
                ],
                [
                    192,
                    46,
                    0.462149441242218
                ],
                [
                    304,
                    0,
                    1.0170855522155762
                ]
            ]
        },
        {
            "frame_index": 3,
            "id": 3,
            "person_id": null,
            "keypoints": [
                [
                    144,
                    62,
                    0.1623827964067459
                ],
                [
                    160,
                    109,
                    0.5691073536872864
                ],
                [
                    112,
                    117,
                    0.5259161591529846
                ],
                [
                    104,
                    148,
                    0.03551843762397766
                ],
                [
                    296,
                    0,
                    0.01995326764881611
                ],
                [
                    208,
                    101,
                    0.6455162763595581
                ],
                [
                    160,
                    54,
                    0.04076036065816879
                ],
                [
                    296,
                    0,
                    0.022974098101258278
                ],
                [
                    96,
                    172,
                    0.026881832629442215
                ],
                [
                    304,
                    164,
                    0.020616300404071808
                ],
                [
                    304,
                    156,
                    0.013800572603940964
                ],
                [
                    296,
                    0,
                    0.02751949429512024
                ],
                [
                    112,
                    78,
                    0.011934185400605202
                ],
                [
                    304,
                    172,
                    0.017371833324432373
                ],
                [
                    152,
                    54,
                    0.0480278804898262
                ],
                [
                    152,
                    54,
                    0.052785880863666534
                ],
                [
                    128,
                    70,
                    0.030591748654842377
                ],
                [
                    184,
                    54,
                    0.38248303532600403
                ],
                [
                    304,
                    0,
                    1.0062931776046753
                ]
            ]
        },
        {
            "frame_index": 4,
            "id": 4,
            "person_id": null,
            "keypoints": [
                [
                    296,
                    0,
                    0.01876356638967991
                ],
                [
                    168,
                    109,
                    0.542090117931366
                ],
                [
                    112,
                    109,
                    0.5566837787628174
                ],
                [
                    104,
                    148,
                    0.03581233322620392
                ],
                [
                    296,
                    0,
                    0.017377812415361404
                ],
                [
                    216,
                    101,
                    0.5350416898727417
                ],
                [
                    168,
                    54,
                    0.15117791295051575
                ],
                [
                    304,
                    7,
                    0.016698012128472328
                ],
                [
                    176,
                    172,
                    0.025583390146493912
                ],
                [
                    304,
                    164,
                    0.01878802478313446
                ],
                [
                    8,
                    15,
                    0.017122626304626465
                ],
                [
                    296,
                    0,
                    0.025291230529546738
                ],
                [
                    208,
                    117,
                    0.009480266831815243
                ],
                [
                    304,
                    172,
                    0.017251163721084595
                ],
                [
                    296,
                    0,
                    0.017200956121087074
                ],
                [
                    304,
                    7,
                    0.016560297459363937
                ],
                [
                    144,
                    54,
                    0.022897997871041298
                ],
                [
                    192,
                    62,
                    0.06804466247558594
                ],
                [
                    304,
                    0,
                    1.0143696069717407
                ]
            ]
        },
        {
            "frame_index": 5,
            "id": 5,
            "person_id": null,
            "keypoints": [
                [
                    160,
                    86,
                    0.15424956381320953
                ],
                [
                    168,
                    101,
                    0.5496435761451721
                ],
                [
                    112,
                    109,
                    0.5900453925132751
                ],
                [
                    104,
                    148,
                    0.035387665033340454
                ],
                [
                    296,
                    0,
                    0.01725468970835209
                ],
                [
                    216,
                    101,
                    0.6167137622833252
                ],
                [
                    168,
                    54,
                    0.05036430060863495
                ],
                [
                    304,
                    7,
                    0.01674661412835121
                ],
                [
                    104,
                    172,
                    0.026602955535054207
                ],
                [
                    304,
                    164,
                    0.018435658887028694
                ],
                [
                    8,
                    15,
                    0.017422091215848923
                ],
                [
                    120,
                    62,
                    0.03136798366904259
                ],
                [
                    120,
                    78,
                    0.013060294091701508
                ],
                [
                    304,
                    172,
                    0.016873067244887352
                ],
                [
                    160,
                    78,
                    0.13917997479438782
                ],
                [
                    168,
                    78,
                    0.2131647914648056
                ],
                [
                    144,
                    62,
                    0.06227955222129822
                ],
                [
                    184,
                    70,
                    0.18527255952358246
                ],
                [
                    304,
                    0,
                    1.014362096786499
                ]
            ]
        },
        {
            "frame_index": 6,
            "id": 6,
            "person_id": null,
            "keypoints": [
                [
                    152,
                    86,
                    0.24955271184444427
                ],
                [
                    168,
                    101,
                    0.6024774312973022
                ],
                [
                    112,
                    109,
                    0.5907163023948669
                ],
                [
                    104,
                    148,
                    0.03363671898841858
                ],
                [
                    168,
                    15,
                    0.020177604630589485
                ],
                [
                    216,
                    101,
                    0.6125901937484741
                ],
                [
                    224,
                    148,
                    0.031649231910705566
                ],
                [
                    168,
                    7,
                    0.03456433117389679
                ],
                [
                    96,
                    172,
                    0.02432207763195038
                ],
                [
                    304,
                    164,
                    0.018102111294865608
                ],
                [
                    8,
                    15,
                    0.014335621148347855
                ],
                [
                    296,
                    0,
                    0.02796836942434311
                ],
                [
                    216,
                    109,
                    0.009839811362326145
                ],
                [
                    176,
                    7,
                    0.016595248132944107
                ],
                [
                    152,
                    86,
                    0.389594167470932
                ],
                [
                    160,
                    86,
                    0.4452818036079407
                ],
                [
                    136,
                    70,
                    0.07159644365310669
                ],
                [
                    184,
                    78,
                    0.29274237155914307
                ],
                [
                    304,
                    0,
                    1.0144575834274292
                ]
            ]
        },
        {
            "frame_index": 7,
            "id": 7,
            "person_id": null,
            "keypoints": [
                [
                    152,
                    78,
                    0.16938906908035278
                ],
                [
                    168,
                    101,
                    0.6569734811782837
                ],
                [
                    112,
                    109,
                    0.602641224861145
                ],
                [
                    104,
                    148,
                    0.02916925586760044
                ],
                [
                    296,
                    0,
                    0.018806196749210358
                ],
                [
                    216,
                    101,
                    0.6774888038635254
                ],
                [
                    224,
                    148,
                    0.026033444330096245
                ],
                [
                    296,
                    0,
                    0.017600838094949722
                ],
                [
                    96,
                    172,
                    0.023490501567721367
                ],
                [
                    304,
                    164,
                    0.01821470446884632
                ],
                [
                    304,
                    156,
                    0.013791216537356377
                ],
                [
                    296,
                    0,
                    0.027857523411512375
                ],
                [
                    168,
                    93,
                    0.01088628452271223
                ],
                [
                    304,
                    172,
                    0.01685190759599209
                ],
                [
                    144,
                    78,
                    0.15179193019866943
                ],
                [
                    160,
                    78,
                    0.24861331284046173
                ],
                [
                    312,
                    172,
                    0.010238399729132652
                ],
                [
                    184,
                    46,
                    0.7199702858924866
                ],
                [
                    304,
                    0,
                    1.0193347930908203
                ]
            ]
        },
        {
            "frame_index": 8,
            "id": 8,
            "person_id": null,
            "keypoints": [
                [
                    136,
                    15,
                    0.1240585520863533
                ],
                [
                    168,
                    109,
                    0.6190276145935059
                ],
                [
                    120,
                    109,
                    0.6101353764533997
                ],
                [
                    104,
                    148,
                    0.06252899020910263
                ],
                [
                    296,
                    0,
                    0.019543401896953583
                ],
                [
                    216,
                    101,
                    0.6550183892250061
                ],
                [
                    224,
                    148,
                    0.025956371799111366
                ],
                [
                    304,
                    7,
                    0.018104903399944305
                ],
                [
                    104,
                    172,
                    0.030270198360085487
                ],
                [
                    312,
                    172,
                    0.018796011805534363
                ],
                [
                    8,
                    15,
                    0.014342963695526123
                ],
                [
                    296,
                    0,
                    0.02937031164765358
                ],
                [
                    224,
                    109,
                    0.012268200516700745
                ],
                [
                    304,
                    172,
                    0.01668906956911087
                ],
                [
                    144,
                    15,
                    0.05277138948440552
                ],
                [
                    152,
                    15,
                    0.07708241790533066
                ],
                [
                    144,
                    15,
                    0.011488666757941246
                ],
                [
                    176,
                    46,
                    0.7262486219406128
                ],
                [
                    304,
                    0,
                    1.0240826606750488
                ]
            ]
        }
    ],
    "category_id": 1
}