{
    "info": {
        "video_name": "1_196",
        "resolution": [
            320,
            180
        ],
        "num_frame": 5,
        "num_keypoints": 18,
        "keypoint_channels": [
            "x",
            "y",
            "score"
        ],
        "version": "1.0"
    },
    "annotations": [
        {
            "frame_index": 0,
            "id": 0,
            "person_id": null,
            "keypoints": [
                [
                    120,
                    62,
                    0.09518928825855255
                ],
                [
                    160,
                    109,
                    0.654584527015686
                ],
                [
                    104,
                    109,
                    0.6141639351844788
                ],
                [
                    16,
                    156,
                    0.07800835371017456
                ],
                [
                    296,
                    0,
                    0.02217731811106205
                ],
                [
                    208,
                    109,
                    0.5972313284873962
                ],
                [
                    32,
                    148,
                    0.05155738443136215
                ],
                [
                    24,
                    156,
                    0.025895586237311363
                ],
                [
                    24,
                    156,
                    0.06363441795110703
                ],
                [
                    24,
                    172,
                    0.01916896551847458
                ],
                [
                    24,
                    164,
                    0.02265077456831932
                ],
                [
                    24,
                    172,
                    0.04873768985271454
                ],
                [
                    24,
                    156,
                    0.030051633715629578
                ],
                [
                    8,
                    164,
                    0.013060323894023895
                ],
                [
                    24,
                    133,
                    0.09247301518917084
                ],
                [
                    160,
                    46,
                    0.11670579761266708
                ],
                [
                    24,
                    133,
                    0.16446328163146973
                ],
                [
                    176,
                    54,
                    0.7262434959411621
                ],
                [
                    288,
                    172,
                    1.0205801725387573
                ]
            ]
        },
        {
            "frame_index": 1,
            "id": 1,
            "person_id": null,
            "keypoints": [
                [
                    160,
                    46,
                    0.37461698055267334
                ],
                [
                    152,
                    101,
                    0.6615397334098816
                ],
                [
                    104,
                    109,
                    0.6545718312263489
                ],
                [
                    16,
                    156,
                    0.07601626217365265
                ],
                [
                    16,
                    148,
                    0.024032380431890488
                ],
                [
                    200,
                    109,
                    0.5774478912353516
                ],
                [
                    32,
                    148,
                    0.05704691261053085
                ],
                [
                    24,
                    156,
                    0.029597511515021324
                ],
                [
                    24,
                    164,
                    0.06550316512584686
                ],
                [
                    24,
                    172,
                    0.021333202719688416
                ],
                [
                    24,
                    164,
                    0.023970166221261024
                ],
                [
                    24,
                    172,
                    0.05427064746618271
                ],
                [
                    24,
                    156,
                    0.02969421073794365
                ],
                [
                    24,
                    164,
                    0.013708984479308128
                ],
                [
                    152,
                    39,
                    0.20047232508659363
                ],
                [
                    160,
                    39,
                    0.4793108403682709
                ],
                [
                    120,
                    62,
                    0.17080610990524292
                ],
                [
                    176,
                    46,
                    0.7393741011619568
                ],
                [
                    288,
                    172,
                    1.0207931995391846
                ]
            ]
        },
        {
            "frame_index": 2,
            "id": 2,
            "person_id": null,
            "keypoints": [
                [
                    168,
                    46,
                    0.5662665963172913
                ],
                [
                    152,
                    109,
                    0.7001293897628784
                ],
                [
                    104,
                    109,
                    0.6566781997680664
                ],
                [
                    16,
                    156,
                    0.07965122163295746
                ],
                [
                    16,
                    148,
                    0.0248254407197237
                ],
                [
                    200,
                    109,
                    0.5863514542579651
                ],
                [
                    32,
                    148,
                    0.0538661926984787
                ],
                [
                    184,
                    39,
                    0.07053738832473755
                ],
                [
                    24,
                    164,
                    0.07055459916591644
                ],
                [
                    24,
                    172,
                    0.02090590074658394
                ],
                [
                    24,
                    164,
                    0.023659314960241318
                ],
                [
                    24,
                    172,
                    0.059350162744522095
                ],
                [
                    24,
                    156,
                    0.030776403844356537
                ],
                [
                    24,
                    164,
                    0.014186079613864422
                ],
                [
                    160,
                    46,
                    0.4404430687427521
                ],
                [
                    168,
                    46,
                    0.5712127685546875
                ],
                [
                    120,
                    62,
                    0.37555131316185
                ],
                [
                    176,
                    46,
                    0.4108201861381531
                ],
                [
                    288,
                    172,
                    1.0207500457763672
                ]
            ]
        },
        {
            "frame_index": 3,
            "id": 3,
            "person_id": null,
            "keypoints": [
                [
                    152,
                    46,
                    0.32973557710647583
                ],
                [
                    160,
                    109,
                    0.6608765721321106
                ],
                [
                    104,
                    109,
                    0.6250106692314148
                ],
                [
                    16,
                    156,
                    0.06362833082675934
                ],
                [
                    296,
                    0,
                    0.022182771936058998
                ],
                [
                    200,
                    109,
                    0.5735445022583008
                ],
                [
                    32,
                    148,
                    0.040957070887088776
                ],
                [
                    24,
                    156,
                    0.024573607370257378
                ],
                [
                    24,
                    156,
                    0.061204276978969574
                ],
                [
                    24,
                    172,
                    0.019830036908388138
                ],
                [
                    24,
                    164,
                    0.021931534633040428
                ],
                [
                    24,
                    172,
                    0.045650310814380646
                ],
                [
                    24,
                    156,
                    0.028744623064994812
                ],
                [
                    304,
                    156,
                    0.01300384197384119
                ],
                [
                    152,
                    46,
                    0.17011627554893494
                ],
                [
                    160,
                    39,
                    0.3230823576450348
                ],
                [
                    128,
                    54,
                    0.2077125906944275
                ],
                [
                    176,
                    54,
                    0.6960513591766357
                ],
                [
                    288,
                    172,
                    1.0210604667663574
                ]
            ]
        },
        {
            "frame_index": 4,
            "id": 4,
            "person_id": null,
            "keypoints": [
                [
                    168,
                    46,
                    0.4589039087295532
                ],
                [
                    152,
                    109,
                    0.661961555480957
                ],
                [
                    104,
                    109,
                    0.6158115863800049
                ],
                [
                    16,
                    156,
                    0.10924188792705536
                ],
                [
                    24,
                    156,
                    0.03154192119836807
                ],
                [
                    208,
                    109,
                    0.5778910517692566
                ],
                [
                    32,
                    148,
                    0.07420795410871506
                ],
                [
                    24,
                    156,
                    0.046021416783332825
                ],
                [
                    24,
                    164,
                    0.08118423819541931
                ],
                [
                    24,
                    164,
                    0.025629978626966476
                ],
                [
                    16,
                    164,
                    0.019590679556131363
                ],
                [
                    24,
                    172,
                    0.0763557180762291
                ],
                [
                    24,
                    156,
                    0.0361429788172245
                ],
                [
                    16,
                    172,
                    0.01606624759733677
                ],
                [
                    160,
                    46,
                    0.34284400939941406
                ],
                [
                    168,
                    46,
                    0.5509119033813477
                ],
                [
                    144,
                    54,
                    0.34643495082855225
                ],
                [
                    176,
                    46,
                    0.5866122245788574
                ],
                [
                    288,
                    172,
                    1.0216680765151978
                ]
            ]
        }
    ],
    "category_id": 1
}