{
    "info": {
        "video_name": "1_195",
        "resolution": [
            320,
            180
        ],
        "num_frame": 2,
        "num_keypoints": 18,
        "keypoint_channels": [
            "x",
            "y",
            "score"
        ],
        "version": "1.0"
    },
    "annotations": [
        {
            "frame_index": 0,
            "id": 0,
            "person_id": null,
            "keypoints": [
                [
                    160,
                    62,
                    0.2968035936355591
                ],
                [
                    160,
                    109,
                    0.4343988597393036
                ],
                [
                    120,
                    109,
                    0.5155588984489441
                ],
                [
                    40,
                    148,
                    0.07455176115036011
                ],
                [
                    40,
                    148,
                    0.040008172392845154
                ],
                [
                    208,
                    109,
                    0.3232675790786743
                ],
                [
                    40,
                    148,
                    0.07297945767641068
                ],
                [
                    216,
                    148,
                    0.06819599121809006
                ],
                [
                    40,
                    156,
                    0.11396586894989014
                ],
                [
                    40,
                    164,
                    0.016770021989941597
                ],
                [
                    48,
                    156,
                    0.018714547157287598
                ],
                [
                    40,
                    172,
                    0.07307912409305573
                ],
                [
                    40,
                    156,
                    0.039813604205846786
                ],
                [
                    48,
                    164,
                    0.010252246633172035
                ],
                [
                    152,
                    62,
                    0.25606539845466614
                ],
                [
                    168,
                    54,
                    0.26209530234336853
                ],
                [
                    144,
                    62,
                    0.2785320580005646
                ],
                [
                    184,
                    62,
                    0.428944855928421
                ],
                [
                    288,
                    172,
                    1.021953821182251
                ]
            ]
        },
        {
            "frame_index": 1,
            "id": 1,
            "person_id": null,
            "keypoints": [
                [
                    144,
                    62,
                    0.34934452176094055
                ],
                [
                    160,
                    101,
                    0.6353610157966614
                ],
                [
                    128,
                    109,
                    0.5874651074409485
                ],
                [
                    40,
                    148,
                    0.07291226089000702
                ],
                [
                    40,
                    148,
                    0.04023316502571106
                ],
                [
                    208,
                    109,
                    0.49482154846191406
                ],
                [
                    40,
                    148,
                    0.07253215461969376
                ],
                [
                    40,
                    148,
                    0.035848043859004974
                ],
                [
                    40,
                    156,
                    0.11427934467792511
                ],
                [
                    40,
                    156,
                    0.016512930393218994
                ],
                [
                    48,
                    156,
                    0.01869111880660057
                ],
                [
                    40,
                    172,
                    0.07205475121736526
                ],
                [
                    40,
                    156,
                    0.03983832150697708
                ],
                [
                    48,
                    164,
                    0.010156954638659954
                ],
                [
                    144,
                    54,
                    0.2933764159679413
                ],
                [
                    152,
                    54,
                    0.31008604168891907
                ],
                [
                    136,
                    54,
                    0.08528803288936615
                ],
                [
                    184,
                    62,
                    0.7631527185440063
                ],
                [
                    288,
                    172,
                    1.0214096307754517
                ]
            ]
        }
    ],
    "category_id": 1
}