{
    "info": {
        "video_name": "1_191",
        "resolution": [
            320,
            180
        ],
        "num_frame": 3,
        "num_keypoints": 18,
        "keypoint_channels": [
            "x",
            "y",
            "score"
        ],
        "version": "1.0"
    },
    "annotations": [
        {
            "frame_index": 0,
            "id": 0,
            "person_id": null,
            "keypoints": [
                [
                    104,
                    164,
                    0.023682663217186928
                ],
                [
                    160,
                    86,
                    0.44012579321861267
                ],
                [
                    112,
                    93,
                    0.39803823828697205
                ],
                [
                    104,
                    156,
                    0.23509670794010162
                ],
                [
                    104,
                    172,
                    0.02596553973853588
                ],
                [
                    200,
                    93,
                    0.3964311182498932
                ],
                [
                    216,
                    156,
                    0.24387402832508087
                ],
                [
                    216,
                    164,
                    0.038462698459625244
                ],
                [
                    208,
                    172,
                    0.06505994498729706
                ],
                [
                    104,
                    164,
                    0.024357028305530548
                ],
                [
                    104,
                    164,
                    0.03261755779385567
                ],
                [
                    208,
                    172,
                    0.09195689857006073
                ],
                [
                    200,
                    101,
                    0.02489568665623665
                ],
                [
                    312,
                    172,
                    0.01783466339111328
                ],
                [
                    144,
                    70,
                    0.017085550352931023
                ],
                [
                    304,
                    7,
                    0.019702430814504623
                ],
                [
                    128,
                    62,
                    0.09831734001636505
                ],
                [
                    96,
                    164,
                    0.028482211753726006
                ],
                [
                    304,
                    0,
                    1.0238157510757446
                ]
            ]
        },
        {
            "frame_index": 1,
            "id": 1,
            "person_id": null,
            "keypoints": [
                [
                    152,
                    78,
                    0.2389676570892334
                ],
                [
                    160,
                    86,
                    0.581031858921051
                ],
                [
                    120,
                    93,
                    0.5623034834861755
                ],
                [
                    104,
                    156,
                    0.2643246650695801
                ],
                [
                    208,
                    172,
                    0.03699316829442978
                ],
                [
                    200,
                    93,
                    0.5319352746009827
                ],
                [
                    208,
                    156,
                    0.3600855767726898
                ],
                [
                    208,
                    164,
                    0.05849394202232361
                ],
                [
                    208,
                    172,
                    0.08599478751420975
                ],
                [
                    104,
                    164,
                    0.028005704283714294
                ],
                [
                    104,
                    164,
                    0.035643450915813446
                ],
                [
                    208,
                    172,
                    0.14087581634521484
                ],
                [
                    208,
                    172,
                    0.034324146807193756
                ],
                [
                    160,
                    7,
                    0.01952545717358589
                ],
                [
                    152,
                    70,
                    0.2791464924812317
                ],
                [
                    160,
                    70,
                    0.25144699215888977
                ],
                [
                    136,
                    62,
                    0.2681599259376526
                ],
                [
                    168,
                    62,
                    0.224676713347435
                ],
                [
                    304,
                    0,
                    1.0237048864364624
                ]
            ]
        },
        {
            "frame_index": 2,
            "id": 2,
            "person_id": null,
            "keypoints": [
                [
                    152,
                    70,
                    0.07897026091814041
                ],
                [
                    160,
                    86,
                    0.5356443524360657
                ],
                [
                    120,
                    86,
                    0.5293853878974915
                ],
                [
                    104,
                    156,
                    0.24312511086463928
                ],
                [
                    208,
                    172,
                    0.03611887991428375
                ],
                [
                    200,
                    93,
                    0.5119684338569641
                ],
                [
                    208,
                    156,
                    0.42910057306289673
                ],
                [
                    208,
                    156,
                    0.07076388597488403
                ],
                [
                    208,
                    172,
                    0.08924292027950287
                ],
                [
                    104,
                    164,
                    0.03515467047691345
                ],
                [
                    104,
                    164,
                    0.032927047461271286
                ],
                [
                    208,
                    172,
                    0.1480194628238678
                ],
                [
                    208,
                    172,
                    0.031817492097616196
                ],
                [
                    160,
                    7,
                    0.022690510377287865
                ],
                [
                    144,
                    70,
                    0.08607606589794159
                ],
                [
                    152,
                    70,
                    0.05144397169351578
                ],
                [
                    136,
                    62,
                    0.17840763926506042
                ],
                [
                    176,
                    54,
                    0.08942084014415741
                ],
                [
                    304,
                    0,
                    1.0263615846633911
                ]
            ]
        }
    ],
    "category_id": 1
}