{
    "info": {
        "video_name": "1_197",
        "resolution": [
            320,
            180
        ],
        "num_frame": 3,
        "num_keypoints": 18,
        "keypoint_channels": [
            "x",
            "y",
            "score"
        ],
        "version": "1.0"
    },
    "annotations": [
        {
            "frame_index": 0,
            "id": 0,
            "person_id": null,
            "keypoints": [
                [
                    136,
                    46,
                    0.20633414387702942
                ],
                [
                    152,
                    93,
                    0.623568058013916
                ],
                [
                    104,
                    101,
                    0.6772761940956116
                ],
                [
                    96,
                    148,
                    0.07408507168292999
                ],
                [
                    296,
                    0,
                    0.018663812428712845
                ],
                [
                    192,
                    93,
                    0.5731244683265686
                ],
                [
                    216,
                    148,
                    0.0553462952375412
                ],
                [
                    296,
                    7,
                    0.02570589818060398
                ],
                [
                    96,
                    172,
                    0.028371987864375114
                ],
                [
                    312,
                    172,
                    0.030137766152620316
                ],
                [
                    296,
                    15,
                    0.01592174917459488
                ],
                [
                    312,
                    164,
                    0.029901806265115738
                ],
                [
                    168,
                    54,
                    0.01257496140897274
                ],
                [
                    312,
                    172,
                    0.022449329495429993
                ],
                [
                    136,
                    39,
                    0.18053653836250305
                ],
                [
                    144,
                    39,
                    0.2118767648935318
                ],
                [
                    128,
                    46,
                    0.15249793231487274
                ],
                [
                    168,
                    46,
                    0.6949108242988586
                ],
                [
                    296,
                    164,
                    1.0339288711547852
                ]
            ]
        },
        {
            "frame_index": 1,
            "id": 1,
            "person_id": null,
            "keypoints": [
                [
                    136,
                    39,
                    0.08414618670940399
                ],
                [
                    152,
                    93,
                    0.5763030648231506
                ],
                [
                    112,
                    101,
                    0.1763400435447693
                ],
                [
                    312,
                    0,
                    0.016888510435819626
                ],
                [
                    296,
                    0,
                    0.01856830157339573
                ],
                [
                    104,
                    101,
                    0.5225055813789368
                ],
                [
                    96,
                    148,
                    0.04318062961101532
                ],
                [
                    296,
                    7,
                    0.025418123230338097
                ],
                [
                    96,
                    172,
                    0.029347291216254234
                ],
                [
                    312,
                    172,
                    0.02991236001253128
                ],
                [
                    296,
                    15,
                    0.015963928773999214
                ],
                [
                    312,
                    164,
                    0.029854096472263336
                ],
                [
                    192,
                    101,
                    0.014486066997051239
                ],
                [
                    312,
                    172,
                    0.022346243262290955
                ],
                [
                    144,
                    39,
                    0.061689943075180054
                ],
                [
                    144,
                    39,
                    0.08775236457586288
                ],
                [
                    128,
                    46,
                    0.07878235727548599
                ],
                [
                    168,
                    46,
                    0.7179578542709351
                ],
                [
                    296,
                    164,
                    1.0340352058410645
                ]
            ]
        },
        {
            "frame_index": 2,
            "id": 2,
            "person_id": null,
            "keypoints": [
                [
                    136,
                    39,
                    0.09718285501003265
                ],
                [
                    152,
                    93,
                    0.6198370456695557
                ],
                [
                    104,
                    101,
                    0.6420899033546448
                ],
                [
                    96,
                    148,
                    0.09794333577156067
                ],
                [
                    296,
                    0,
                    0.017719978466629982
                ],
                [
                    200,
                    101,
                    0.6129316091537476
                ],
                [
                    216,
                    148,
                    0.06728828698396683
                ],
                [
                    296,
                    7,
                    0.025849996134638786
                ],
                [
                    96,
                    172,
                    0.029418466612696648
                ],
                [
                    312,
                    172,
                    0.029467277228832245
                ],
                [
                    216,
                    156,
                    0.016964633017778397
                ],
                [
                    312,
                    164,
                    0.029515370726585388
                ],
                [
                    152,
                    54,
                    0.013101493939757347
                ],
                [
                    312,
                    172,
                    0.0221994761377573
                ],
                [
                    312,
                    140,
                    0.04331324249505997
                ],
                [
                    144,
                    39,
                    0.10826539993286133
                ],
                [
                    312,
                    140,
                    0.02452237159013748
                ],
                [
                    160,
                    46,
                    0.725760281085968
                ],
                [
                    296,
                    164,
                    1.0371522903442383
                ]
            ]
        }
    ],
    "category_id": 1
}