{
    "info": {
        "video_name": "1_206",
        "resolution": [
            320,
            180
        ],
        "num_frame": 3,
        "num_keypoints": 18,
        "keypoint_channels": [
            "x",
            "y",
            "score"
        ],
        "version": "1.0"
    },
    "annotations": [
        {
            "frame_index": 0,
            "id": 0,
            "person_id": null,
            "keypoints": [
                [
                    128,
                    93,
                    0.23813050985336304
                ],
                [
                    144,
                    101,
                    0.6471959352493286
                ],
                [
                    104,
                    101,
                    0.6505314111709595
                ],
                [
                    64,
                    148,
                    0.16223293542861938
                ],
                [
                    144,
                    39,
                    0.031992778182029724
                ],
                [
                    176,
                    93,
                    0.7141501903533936
                ],
                [
                    224,
                    148,
                    0.28497615456581116
                ],
                [
                    144,
                    46,
                    0.03554658591747284
                ],
                [
                    232,
                    172,
                    0.051310427486896515
                ],
                [
                    304,
                    164,
                    0.025640439242124557
                ],
                [
                    64,
                    156,
                    0.020305201411247253
                ],
                [
                    224,
                    172,
                    0.05545639619231224
                ],
                [
                    312,
                    156,
                    0.016218598932027817
                ],
                [
                    312,
                    172,
                    0.014706112444400787
                ],
                [
                    128,
                    93,
                    0.17419329285621643
                ],
                [
                    136,
                    93,
                    0.2634967565536499
                ],
                [
                    120,
                    70,
                    0.19857949018478394
                ],
                [
                    160,
                    70,
                    0.29235172271728516
                ],
                [
                    304,
                    0,
                    1.0279268026351929
                ]
            ]
        },
        {
            "frame_index": 1,
            "id": 1,
            "person_id": null,
            "keypoints": [
                [
                    144,
                    62,
                    0.4388836920261383
                ],
                [
                    144,
                    101,
                    0.6719979643821716
                ],
                [
                    104,
                    109,
                    0.5940940976142883
                ],
                [
                    64,
                    148,
                    0.1502707451581955
                ],
                [
                    296,
                    0,
                    0.027605533599853516
                ],
                [
                    176,
                    93,
                    0.6824371218681335
                ],
                [
                    224,
                    148,
                    0.262328565120697
                ],
                [
                    304,
                    7,
                    0.030157016590237617
                ],
                [
                    232,
                    172,
                    0.0519307479262352
                ],
                [
                    304,
                    164,
                    0.02546289563179016
                ],
                [
                    56,
                    156,
                    0.01936783641576767
                ],
                [
                    224,
                    172,
                    0.055518291890621185
                ],
                [
                    312,
                    156,
                    0.016664806753396988
                ],
                [
                    312,
                    172,
                    0.014685300178825855
                ],
                [
                    128,
                    62,
                    0.5102760195732117
                ],
                [
                    152,
                    54,
                    0.40842530131340027
                ],
                [
                    112,
                    70,
                    0.35220688581466675
                ],
                [
                    160,
                    62,
                    0.4315352439880371
                ],
                [
                    304,
                    0,
                    1.0279682874679565
                ]
            ]
        },
        {
            "frame_index": 2,
            "id": 2,
            "person_id": null,
            "keypoints": [
                [
                    152,
                    62,
                    0.46549516916275024
                ],
                [
                    144,
                    101,
                    0.6746028065681458
                ],
                [
                    104,
                    101,
                    0.6349720358848572
                ],
                [
                    64,
                    148,
                    0.14601755142211914
                ],
                [
                    296,
                    0,
                    0.02761927619576454
                ],
                [
                    176,
                    93,
                    0.705845057964325
                ],
                [
                    224,
                    148,
                    0.27757737040519714
                ],
                [
                    304,
                    7,
                    0.03018025867640972
                ],
                [
                    232,
                    172,
                    0.05018581449985504
                ],
                [
                    304,
                    164,
                    0.025804340839385986
                ],
                [
                    224,
                    164,
                    0.019867850467562675
                ],
                [
                    224,
                    172,
                    0.05327051877975464
                ],
                [
                    312,
                    156,
                    0.016400901600718498
                ],
                [
                    304,
                    156,
                    0.015063907951116562
                ],
                [
                    144,
                    54,
                    0.5037657022476196
                ],
                [
                    160,
                    62,
                    0.5494527816772461
                ],
                [
                    128,
                    62,
                    0.42402371764183044
                ],
                [
                    168,
                    62,
                    0.23588822782039642
                ],
                [
                    304,
                    0,
                    1.027890682220459
                ]
            ]
        }
    ],
    "category_id": 1
}