{
    "info": {
        "video_name": "1_207",
        "resolution": [
            320,
            180
        ],
        "num_frame": 3,
        "num_keypoints": 18,
        "keypoint_channels": [
            "x",
            "y",
            "score"
        ],
        "version": "1.0"
    },
    "annotations": [
        {
            "frame_index": 0,
            "id": 0,
            "person_id": null,
            "keypoints": [
                [
                    128,
                    70,
                    0.42536601424217224
                ],
                [
                    144,
                    101,
                    0.6989719867706299
                ],
                [
                    104,
                    101,
                    0.6123902797698975
                ],
                [
                    64,
                    148,
                    0.12738178670406342
                ],
                [
                    296,
                    0,
                    0.02836965024471283
                ],
                [
                    184,
                    101,
                    0.6418589949607849
                ],
                [
                    232,
                    148,
                    0.2973931133747101
                ],
                [
                    232,
                    148,
                    0.054099082946777344
                ],
                [
                    240,
                    172,
                    0.04635050892829895
                ],
                [
                    304,
                    164,
                    0.027410920709371567
                ],
                [
                    48,
                    156,
                    0.020839311182498932
                ],
                [
                    232,
                    172,
                    0.047593213617801666
                ],
                [
                    232,
                    156,
                    0.025912806391716003
                ],
                [
                    312,
                    172,
                    0.015492553822696209
                ],
                [
                    120,
                    62,
                    0.41158396005630493
                ],
                [
                    136,
                    62,
                    0.3041112422943115
                ],
                [
                    112,
                    62,
                    0.05012645944952965
                ],
                [
                    168,
                    62,
                    0.6489991545677185
                ],
                [
                    304,
                    0,
                    1.0341358184814453
                ]
            ]
        },
        {
            "frame_index": 1,
            "id": 1,
            "person_id": null,
            "keypoints": [
                [
                    128,
                    70,
                    0.4992288649082184
                ],
                [
                    144,
                    101,
                    0.689429759979248
                ],
                [
                    104,
                    101,
                    0.5864506363868713
                ],
                [
                    64,
                    148,
                    0.13275067508220673
                ],
                [
                    296,
                    0,
                    0.029883498325943947
                ],
                [
                    184,
                    101,
                    0.6368207931518555
                ],
                [
                    232,
                    148,
                    0.2892470061779022
                ],
                [
                    232,
                    148,
                    0.06936416774988174
                ],
                [
                    240,
                    172,
                    0.04171574115753174
                ],
                [
                    304,
                    164,
                    0.027894478291273117
                ],
                [
                    56,
                    156,
                    0.02004084549844265
                ],
                [
                    232,
                    172,
                    0.047443144023418427
                ],
                [
                    232,
                    156,
                    0.034911155700683594
                ],
                [
                    304,
                    156,
                    0.0157364159822464
                ],
                [
                    120,
                    62,
                    0.47460848093032837
                ],
                [
                    136,
                    62,
                    0.42391324043273926
                ],
                [
                    112,
                    62,
                    0.03919581323862076
                ],
                [
                    168,
                    62,
                    0.6891551613807678
                ],
                [
                    304,
                    0,
                    1.023988127708435
                ]
            ]
        },
        {
            "frame_index": 2,
            "id": 2,
            "person_id": null,
            "keypoints": [
                [
                    128,
                    70,
                    0.36175838112831116
                ],
                [
                    144,
                    101,
                    0.6606458425521851
                ],
                [
                    104,
                    101,
                    0.5341237783432007
                ],
                [
                    64,
                    148,
                    0.11248442530632019
                ],
                [
                    296,
                    0,
                    0.026889856904745102
                ],
                [
                    184,
                    93,
                    0.6512101888656616
                ],
                [
                    232,
                    148,
                    0.3191716969013214
                ],
                [
                    232,
                    148,
                    0.052022382616996765
                ],
                [
                    232,
                    172,
                    0.0488465316593647
                ],
                [
                    304,
                    164,
                    0.0278177410364151
                ],
                [
                    304,
                    156,
                    0.019536767154932022
                ],
                [
                    232,
                    172,
                    0.058934953063726425
                ],
                [
                    232,
                    156,
                    0.03297017514705658
                ],
                [
                    304,
                    156,
                    0.01610557734966278
                ],
                [
                    120,
                    62,
                    0.2700868546962738
                ],
                [
                    144,
                    62,
                    0.32240813970565796
                ],
                [
                    112,
                    62,
                    0.0672307014465332
                ],
                [
                    160,
                    70,
                    0.6580678224563599
                ],
                [
                    304,
                    0,
                    1.0249204635620117
                ]
            ]
        }
    ],
    "category_id": 1
}