{
    "info": {
        "video_name": "1_202",
        "resolution": [
            320,
            180
        ],
        "num_frame": 3,
        "num_keypoints": 18,
        "keypoint_channels": [
            "x",
            "y",
            "score"
        ],
        "version": "1.0"
    },
    "annotations": [
        {
            "frame_index": 0,
            "id": 0,
            "person_id": null,
            "keypoints": [
                [
                    296,
                    0,
                    0.023418491706252098
                ],
                [
                    144,
                    109,
                    0.5770434737205505
                ],
                [
                    104,
                    117,
                    0.550296425819397
                ],
                [
                    88,
                    148,
                    0.029124174267053604
                ],
                [
                    296,
                    0,
                    0.019637705758213997
                ],
                [
                    192,
                    101,
                    0.5807546377182007
                ],
                [
                    152,
                    70,
                    0.09021348506212234
                ],
                [
                    208,
                    117,
                    0.025901397690176964
                ],
                [
                    160,
                    172,
                    0.030048377811908722
                ],
                [
                    304,
                    164,
                    0.01752833090722561
                ],
                [
                    296,
                    15,
                    0.01425047405064106
                ],
                [
                    32,
                    7,
                    0.018482331186532974
                ],
                [
                    192,
                    101,
                    0.021913617849349976
                ],
                [
                    144,
                    7,
                    0.017076993361115456
                ],
                [
                    312,
                    164,
                    0.012603765353560448
                ],
                [
                    0,
                    0,
                    0.022832432761788368
                ],
                [
                    152,
                    70,
                    0.0772019475698471
                ],
                [
                    128,
                    62,
                    0.26584723591804504
                ],
                [
                    304,
                    0,
                    1.0042641162872314
                ]
            ]
        },
        {
            "frame_index": 1,
            "id": 1,
            "person_id": null,
            "keypoints": [
                [
                    296,
                    0,
                    0.024637402966618538
                ],
                [
                    144,
                    117,
                    0.6260101795196533
                ],
                [
                    96,
                    117,
                    0.5687798261642456
                ],
                [
                    88,
                    148,
                    0.034114252775907516
                ],
                [
                    296,
                    0,
                    0.0205493476241827
                ],
                [
                    192,
                    101,
                    0.6474881172180176
                ],
                [
                    152,
                    62,
                    0.11579844355583191
                ],
                [
                    16,
                    7,
                    0.02924484573304653
                ],
                [
                    152,
                    172,
                    0.028307858854532242
                ],
                [
                    224,
                    172,
                    0.0176102202385664
                ],
                [
                    296,
                    15,
                    0.015728313475847244
                ],
                [
                    160,
                    7,
                    0.023745615035295486
                ],
                [
                    128,
                    62,
                    0.012478537857532501
                ],
                [
                    144,
                    7,
                    0.022993281483650208
                ],
                [
                    152,
                    70,
                    0.021681003272533417
                ],
                [
                    0,
                    0,
                    0.02013401873409748
                ],
                [
                    128,
                    62,
                    0.26286759972572327
                ],
                [
                    128,
                    62,
                    0.2514224052429199
                ],
                [
                    304,
                    0,
                    1.0081504583358765
                ]
            ]
        },
        {
            "frame_index": 2,
            "id": 2,
            "person_id": null,
            "keypoints": [
                [
                    160,
                    78,
                    0.22652781009674072
                ],
                [
                    144,
                    117,
                    0.5827876329421997
                ],
                [
                    104,
                    117,
                    0.6054992079734802
                ],
                [
                    144,
                    62,
                    0.08426818251609802
                ],
                [
                    296,
                    0,
                    0.020423872396349907
                ],
                [
                    192,
                    101,
                    0.6122889518737793
                ],
                [
                    152,
                    62,
                    0.09744367003440857
                ],
                [
                    16,
                    7,
                    0.023278294131159782
                ],
                [
                    224,
                    172,
                    0.032639387995004654
                ],
                [
                    232,
                    172,
                    0.018774835392832756
                ],
                [
                    296,
                    15,
                    0.01426604948937893
                ],
                [
                    224,
                    172,
                    0.02541133016347885
                ],
                [
                    192,
                    101,
                    0.017589572817087173
                ],
                [
                    304,
                    172,
                    0.01599172316491604
                ],
                [
                    152,
                    78,
                    0.22212933003902435
                ],
                [
                    168,
                    78,
                    0.17570030689239502
                ],
                [
                    136,
                    70,
                    0.3318273425102234
                ],
                [
                    168,
                    70,
                    0.11986958980560303
                ],
                [
                    304,
                    0,
                    1.0048515796661377
                ]
            ]
        }
    ],
    "category_id": 1
}