{
    "info": {
        "video_name": "1_200",
        "resolution": [
            320,
            180
        ],
        "num_frame": 2,
        "num_keypoints": 18,
        "keypoint_channels": [
            "x",
            "y",
            "score"
        ],
        "version": "1.0"
    },
    "annotations": [
        {
            "frame_index": 0,
            "id": 0,
            "person_id": null,
            "keypoints": [
                [
                    152,
                    78,
                    0.13751719892024994
                ],
                [
                    152,
                    101,
                    0.648440420627594
                ],
                [
                    112,
                    101,
                    0.693647027015686
                ],
                [
                    104,
                    148,
                    0.04532785341143608
                ],
                [
                    304,
                    7,
                    0.02678263932466507
                ],
                [
                    192,
                    101,
                    0.7289909720420837
                ],
                [
                    216,
                    172,
                    0.04978732019662857
                ],
                [
                    304,
                    7,
                    0.0354531928896904
                ],
                [
                    208,
                    172,
                    0.04673248529434204
                ],
                [
                    312,
                    172,
                    0.018763385713100433
                ],
                [
                    296,
                    15,
                    0.0181988924741745
                ],
                [
                    216,
                    172,
                    0.04226985573768616
                ],
                [
                    216,
                    172,
                    0.0191781148314476
                ],
                [
                    304,
                    172,
                    0.01620175875723362
                ],
                [
                    152,
                    78,
                    0.21902306377887726
                ],
                [
                    160,
                    78,
                    0.25709664821624756
                ],
                [
                    136,
                    70,
                    0.20702317357063293
                ],
                [
                    176,
                    70,
                    0.19303882122039795
                ],
                [
                    304,
                    78,
                    1.0062116384506226
                ]
            ]
        },
        {
            "frame_index": 1,
            "id": 1,
            "person_id": null,
            "keypoints": [
                [
                    160,
                    78,
                    0.1015467718243599
                ],
                [
                    160,
                    101,
                    0.6170891523361206
                ],
                [
                    112,
                    101,
                    0.660224437713623
                ],
                [
                    104,
                    148,
                    0.03562772646546364
                ],
                [
                    304,
                    7,
                    0.025511590763926506
                ],
                [
                    192,
                    101,
                    0.7249993085861206
                ],
                [
                    216,
                    172,
                    0.04451262205839157
                ],
                [
                    304,
                    7,
                    0.03545393794775009
                ],
                [
                    208,
                    172,
                    0.039621852338314056
                ],
                [
                    312,
                    172,
                    0.01805831305682659
                ],
                [
                    296,
                    15,
                    0.017808735370635986
                ],
                [
                    208,
                    172,
                    0.03573360666632652
                ],
                [
                    216,
                    172,
                    0.017444660887122154
                ],
                [
                    312,
                    172,
                    0.01548916008323431
                ],
                [
                    152,
                    78,
                    0.12693127989768982
                ],
                [
                    160,
                    78,
                    0.17315711081027985
                ],
                [
                    136,
                    70,
                    0.2032761573791504
                ],
                [
                    176,
                    78,
                    0.1677447259426117
                ],
                [
                    296,
                    164,
                    1.0069258213043213
                ]
            ]
        }
    ],
    "category_id": 1
}