{
    "info": {
        "video_name": "1_208",
        "resolution": [
            320,
            180
        ],
        "num_frame": 5,
        "num_keypoints": 18,
        "keypoint_channels": [
            "x",
            "y",
            "score"
        ],
        "version": "1.0"
    },
    "annotations": [
        {
            "frame_index": 0,
            "id": 0,
            "person_id": null,
            "keypoints": [
                [
                    144,
                    46,
                    0.12655244767665863
                ],
                [
                    168,
                    101,
                    0.62730473279953
                ],
                [
                    120,
                    109,
                    0.6015456914901733
                ],
                [
                    112,
                    148,
                    0.05826698616147041
                ],
                [
                    296,
                    0,
                    0.038418278098106384
                ],
                [
                    208,
                    93,
                    0.6038489937782288
                ],
                [
                    240,
                    148,
                    0.3675033152103424
                ],
                [
                    232,
                    148,
                    0.06024537235498428
                ],
                [
                    248,
                    172,
                    0.04287746548652649
                ],
                [
                    304,
                    164,
                    0.039819180965423584
                ],
                [
                    16,
                    156,
                    0.024950789287686348
                ],
                [
                    296,
                    0,
                    0.052713461220264435
                ],
                [
                    312,
                    156,
                    0.026102211326360703
                ],
                [
                    304,
                    172,
                    0.015190855599939823
                ],
                [
                    160,
                    78,
                    0.1586664915084839
                ],
                [
                    168,
                    78,
                    0.3321511745452881
                ],
                [
                    144,
                    54,
                    0.2774980366230011
                ],
                [
                    184,
                    70,
                    0.1993894875049591
                ],
                [
                    304,
                    109,
                    0.9995691776275635
                ]
            ]
        },
        {
            "frame_index": 1,
            "id": 1,
            "person_id": null,
            "keypoints": [
                [
                    296,
                    0,
                    0.04403127357363701
                ],
                [
                    168,
                    101,
                    0.5439075231552124
                ],
                [
                    120,
                    101,
                    0.5287616848945618
                ],
                [
                    112,
                    148,
                    0.06056604161858559
                ],
                [
                    296,
                    0,
                    0.039073094725608826
                ],
                [
                    208,
                    93,
                    0.5404830574989319
                ],
                [
                    240,
                    148,
                    0.3596009612083435
                ],
                [
                    232,
                    148,
                    0.05714280158281326
                ],
                [
                    248,
                    172,
                    0.040003761649131775
                ],
                [
                    304,
                    164,
                    0.03960533067584038
                ],
                [
                    16,
                    156,
                    0.024048112332820892
                ],
                [
                    296,
                    0,
                    0.0499359630048275
                ],
                [
                    312,
                    156,
                    0.02568349614739418
                ],
                [
                    312,
                    172,
                    0.01482519879937172
                ],
                [
                    296,
                    0,
                    0.0253630168735981
                ],
                [
                    176,
                    78,
                    0.051027290523052216
                ],
                [
                    144,
                    54,
                    0.40794527530670166
                ],
                [
                    144,
                    46,
                    0.10062623023986816
                ],
                [
                    304,
                    109,
                    1.0013067722320557
                ]
            ]
        },
        {
            "frame_index": 2,
            "id": 2,
            "person_id": null,
            "keypoints": [
                [
                    160,
                    78,
                    0.2321585714817047
                ],
                [
                    168,
                    93,
                    0.5662761330604553
                ],
                [
                    120,
                    101,
                    0.505705714225769
                ],
                [
                    112,
                    148,
                    0.06328422576189041
                ],
                [
                    296,
                    0,
                    0.03863511234521866
                ],
                [
                    208,
                    86,
                    0.5514048933982849
                ],
                [
                    240,
                    140,
                    0.3132704496383667
                ],
                [
                    232,
                    148,
                    0.05977349728345871
                ],
                [
                    248,
                    172,
                    0.042765676975250244
                ],
                [
                    304,
                    164,
                    0.03974207863211632
                ],
                [
                    16,
                    156,
                    0.024252913892269135
                ],
                [
                    296,
                    0,
                    0.04993618652224541
                ],
                [
                    312,
                    156,
                    0.025581199675798416
                ],
                [
                    312,
                    172,
                    0.014858786016702652
                ],
                [
                    152,
                    78,
                    0.2813445031642914
                ],
                [
                    168,
                    78,
                    0.3773314952850342
                ],
                [
                    152,
                    54,
                    0.04235553741455078
                ],
                [
                    184,
                    70,
                    0.26260533928871155
                ],
                [
                    304,
                    109,
                    1.0004289150238037
                ]
            ]
        },
        {
            "frame_index": 3,
            "id": 3,
            "person_id": null,
            "keypoints": [
                [
                    160,
                    86,
                    0.3733023703098297
                ],
                [
                    168,
                    93,
                    0.5957430005073547
                ],
                [
                    128,
                    101,
                    0.5689566731452942
                ],
                [
                    104,
                    148,
                    0.06956581771373749
                ],
                [
                    16,
                    148,
                    0.03886663168668747
                ],
                [
                    208,
                    86,
                    0.6048819422721863
                ],
                [
                    240,
                    140,
                    0.4432658553123474
                ],
                [
                    232,
                    148,
                    0.0975017175078392
                ],
                [
                    248,
                    172,
                    0.040334999561309814
                ],
                [
                    304,
                    164,
                    0.03910945728421211
                ],
                [
                    16,
                    156,
                    0.022989872843027115
                ],
                [
                    296,
                    0,
                    0.04778493195772171
                ],
                [
                    312,
                    156,
                    0.02531738206744194
                ],
                [
                    312,
                    172,
                    0.014860131777822971
                ],
                [
                    152,
                    78,
                    0.5409412384033203
                ],
                [
                    168,
                    78,
                    0.482051283121109
                ],
                [
                    32,
                    125,
                    0.03711819648742676
                ],
                [
                    192,
                    54,
                    0.2650660276412964
                ],
                [
                    304,
                    109,
                    1.001323938369751
                ]
            ]
        },
        {
            "frame_index": 4,
            "id": 4,
            "person_id": null,
            "keypoints": [
                [
                    152,
                    86,
                    0.3762339651584625
                ],
                [
                    168,
                    93,
                    0.5163654088973999
                ],
                [
                    120,
                    101,
                    0.5455610752105713
                ],
                [
                    112,
                    148,
                    0.0627322793006897
                ],
                [
                    296,
                    0,
                    0.03667406737804413
                ],
                [
                    208,
                    86,
                    0.561575710773468
                ],
                [
                    240,
                    148,
                    0.3302921652793884
                ],
                [
                    240,
                    148,
                    0.030327295884490013
                ],
                [
                    248,
                    172,
                    0.04525730386376381
                ],
                [
                    304,
                    164,
                    0.039008937776088715
                ],
                [
                    16,
                    156,
                    0.024453818798065186
                ],
                [
                    248,
                    172,
                    0.04439707472920418
                ],
                [
                    312,
                    156,
                    0.026976000517606735
                ],
                [
                    312,
                    172,
                    0.014986302703619003
                ],
                [
                    152,
                    78,
                    0.5644537806510925
                ],
                [
                    176,
                    78,
                    0.5292986631393433
                ],
                [
                    144,
                    70,
                    0.07080705463886261
                ],
                [
                    192,
                    70,
                    0.2444683313369751
                ],
                [
                    304,
                    109,
                    1.0017238855361938
                ]
            ]
        }
    ],
    "category_id": 1
}