{
    "info": {
        "video_name": "1_203",
        "resolution": [
            320,
            180
        ],
        "num_frame": 4,
        "num_keypoints": 18,
        "keypoint_channels": [
            "x",
            "y",
            "score"
        ],
        "version": "1.0"
    },
    "annotations": [
        {
            "frame_index": 0,
            "id": 0,
            "person_id": null,
            "keypoints": [
                [
                    176,
                    54,
                    0.4810529053211212
                ],
                [
                    152,
                    117,
                    0.6523871421813965
                ],
                [
                    112,
                    109,
                    0.5574008226394653
                ],
                [
                    56,
                    156,
                    0.08342708647251129
                ],
                [
                    296,
                    0,
                    0.02977767400443554
                ],
                [
                    200,
                    101,
                    0.6843999624252319
                ],
                [
                    240,
                    148,
                    0.04268182814121246
                ],
                [
                    304,
                    7,
                    0.029242636635899544
                ],
                [
                    48,
                    172,
                    0.04467873275279999
                ],
                [
                    304,
                    164,
                    0.021880976855754852
                ],
                [
                    32,
                    156,
                    0.015471288934350014
                ],
                [
                    48,
                    172,
                    0.03222288936376572
                ],
                [
                    48,
                    172,
                    0.01251051016151905
                ],
                [
                    304,
                    172,
                    0.01486766617745161
                ],
                [
                    176,
                    54,
                    0.33133575320243835
                ],
                [
                    176,
                    46,
                    0.45265811681747437
                ],
                [
                    152,
                    54,
                    0.08814619481563568
                ],
                [
                    184,
                    54,
                    0.1416877806186676
                ],
                [
                    304,
                    0,
                    1.0145622491836548
                ]
            ]
        },
        {
            "frame_index": 1,
            "id": 1,
            "person_id": null,
            "keypoints": [
                [
                    128,
                    62,
                    0.10852816700935364
                ],
                [
                    152,
                    117,
                    0.6190457344055176
                ],
                [
                    104,
                    117,
                    0.5580441355705261
                ],
                [
                    64,
                    148,
                    0.07297123968601227
                ],
                [
                    296,
                    0,
                    0.02739104814827442
                ],
                [
                    200,
                    101,
                    0.6235693097114563
                ],
                [
                    160,
                    70,
                    0.06512661278247833
                ],
                [
                    216,
                    117,
                    0.035197533667087555
                ],
                [
                    48,
                    172,
                    0.035233911126852036
                ],
                [
                    304,
                    164,
                    0.022337984293699265
                ],
                [
                    8,
                    15,
                    0.014187803491950035
                ],
                [
                    312,
                    0,
                    0.023761548101902008
                ],
                [
                    304,
                    156,
                    0.012602999806404114
                ],
                [
                    312,
                    172,
                    0.014739148318767548
                ],
                [
                    296,
                    0,
                    0.024824079126119614
                ],
                [
                    136,
                    62,
                    0.10430055111646652
                ],
                [
                    128,
                    62,
                    0.09532066434621811
                ],
                [
                    136,
                    62,
                    0.2347812056541443
                ],
                [
                    304,
                    0,
                    1.0139667987823486
                ]
            ]
        },
        {
            "frame_index": 2,
            "id": 2,
            "person_id": null,
            "keypoints": [
                [
                    168,
                    93,
                    0.037034083157777786
                ],
                [
                    152,
                    117,
                    0.6184184551239014
                ],
                [
                    104,
                    117,
                    0.5293810367584229
                ],
                [
                    64,
                    148,
                    0.06622575223445892
                ],
                [
                    296,
                    0,
                    0.02735866792500019
                ],
                [
                    192,
                    109,
                    0.5760760307312012
                ],
                [
                    160,
                    70,
                    0.1740112602710724
                ],
                [
                    216,
                    117,
                    0.03496124595403671
                ],
                [
                    40,
                    172,
                    0.03516903519630432
                ],
                [
                    304,
                    164,
                    0.022031281143426895
                ],
                [
                    8,
                    15,
                    0.01626747101545334
                ],
                [
                    312,
                    0,
                    0.024583958089351654
                ],
                [
                    136,
                    70,
                    0.013140112161636353
                ],
                [
                    160,
                    7,
                    0.01445701438933611
                ],
                [
                    296,
                    0,
                    0.026293588802218437
                ],
                [
                    304,
                    7,
                    0.016271110624074936
                ],
                [
                    136,
                    70,
                    0.0593496710062027
                ],
                [
                    136,
                    70,
                    0.15712982416152954
                ],
                [
                    304,
                    0,
                    1.0064697265625
                ]
            ]
        },
        {
            "frame_index": 3,
            "id": 3,
            "person_id": null,
            "keypoints": [
                [
                    176,
                    54,
                    0.4304734468460083
                ],
                [
                    152,
                    109,
                    0.6150537729263306
                ],
                [
                    112,
                    109,
                    0.5125619173049927
                ],
                [
                    56,
                    148,
                    0.07058284431695938
                ],
                [
                    296,
                    0,
                    0.024597348645329475
                ],
                [
                    200,
                    101,
                    0.6223735809326172
                ],
                [
                    232,
                    148,
                    0.0514504611492157
                ],
                [
                    216,
                    117,
                    0.024203242734074593
                ],
                [
                    48,
                    172,
                    0.03978961333632469
                ],
                [
                    304,
                    164,
                    0.021839242428541183
                ],
                [
                    8,
                    15,
                    0.012642091140151024
                ],
                [
                    48,
                    172,
                    0.02730877324938774
                ],
                [
                    200,
                    101,
                    0.013494868762791157
                ],
                [
                    304,
                    172,
                    0.014256440103054047
                ],
                [
                    176,
                    54,
                    0.29528892040252686
                ],
                [
                    176,
                    54,
                    0.19894419610500336
                ],
                [
                    160,
                    46,
                    0.03269152715802193
                ],
                [
                    312,
                    0,
                    0.01802917756140232
                ],
                [
                    304,
                    0,
                    1.0077606439590454
                ]
            ]
        }
    ],
    "category_id": 1
}