{
    "info": {
        "video_name": "1_20",
        "resolution": [
            320,
            180
        ],
        "num_frame": 2,
        "num_keypoints": 18,
        "keypoint_channels": [
            "x",
            "y",
            "score"
        ],
        "version": "1.0"
    },
    "annotations": [
        {
            "frame_index": 0,
            "id": 0,
            "person_id": null,
            "keypoints": [
                [
                    168,
                    39,
                    0.2259247750043869
                ],
                [
                    144,
                    86,
                    0.6602856516838074
                ],
                [
                    104,
                    86,
                    0.6531209945678711
                ],
                [
                    72,
                    140,
                    0.7190886735916138
                ],
                [
                    104,
                    148,
                    0.5978149175643921
                ],
                [
                    184,
                    78,
                    0.660121500492096
                ],
                [
                    200,
                    140,
                    0.7825599312782288
                ],
                [
                    168,
                    148,
                    0.6525996327400208
                ],
                [
                    120,
                    156,
                    0.052850142121315
                ],
                [
                    120,
                    164,
                    0.025111712515354156
                ],
                [
                    200,
                    156,
                    0.031799279153347015
                ],
                [
                    160,
                    156,
                    0.046293843537569046
                ],
                [
                    200,
                    140,
                    0.022910363972187042
                ],
                [
                    112,
                    164,
                    0.02016770839691162
                ],
                [
                    160,
                    31,
                    0.16531553864479065
                ],
                [
                    168,
                    31,
                    0.102360300719738
                ],
                [
                    136,
                    54,
                    0.70975661277771
                ],
                [
                    136,
                    54,
                    0.03177638351917267
                ],
                [
                    296,
                    164,
                    1.0189902782440186
                ]
            ]
        },
        {
            "frame_index": 1,
            "id": 1,
            "person_id": null,
            "keypoints": [
                [
                    168,
                    39,
                    0.28177815675735474
                ],
                [
                    144,
                    86,
                    0.674259603023529
                ],
                [
                    104,
                    86,
                    0.6477632522583008
                ],
                [
                    72,
                    140,
                    0.7485044002532959
                ],
                [
                    104,
                    148,
                    0.5439972281455994
                ],
                [
                    184,
                    78,
                    0.6698564887046814
                ],
                [
                    200,
                    140,
                    0.7671687602996826
                ],
                [
                    168,
                    148,
                    0.5364574193954468
                ],
                [
                    120,
                    156,
                    0.0826362669467926
                ],
                [
                    112,
                    164,
                    0.018499620258808136
                ],
                [
                    200,
                    156,
                    0.033609818667173386
                ],
                [
                    160,
                    156,
                    0.0718948170542717
                ],
                [
                    200,
                    140,
                    0.02390184998512268
                ],
                [
                    192,
                    133,
                    0.01831219531595707
                ],
                [
                    160,
                    31,
                    0.18525180220603943
                ],
                [
                    168,
                    31,
                    0.14474312961101532
                ],
                [
                    136,
                    54,
                    0.6704411506652832
                ],
                [
                    184,
                    39,
                    0.04747891426086426
                ],
                [
                    296,
                    164,
                    1.0237712860107422
                ]
            ]
        }
    ],
    "category_id": 1
}