{
    "info": {
        "video_name": "1_211",
        "resolution": [
            320,
            180
        ],
        "num_frame": 4,
        "num_keypoints": 18,
        "keypoint_channels": [
            "x",
            "y",
            "score"
        ],
        "version": "1.0"
    },
    "annotations": [
        {
            "frame_index": 0,
            "id": 0,
            "person_id": null,
            "keypoints": [
                [
                    192,
                    62,
                    0.40772300958633423
                ],
                [
                    160,
                    117,
                    0.5689722299575806
                ],
                [
                    104,
                    117,
                    0.6287674903869629
                ],
                [
                    80,
                    148,
                    0.15573814511299133
                ],
                [
                    192,
                    62,
                    0.02212512120604515
                ],
                [
                    208,
                    125,
                    0.5200287103652954
                ],
                [
                    208,
                    148,
                    0.04140985757112503
                ],
                [
                    296,
                    7,
                    0.024011826142668724
                ],
                [
                    72,
                    172,
                    0.03396344929933548
                ],
                [
                    8,
                    164,
                    0.012437941506505013
                ],
                [
                    0,
                    15,
                    0.020732561126351357
                ],
                [
                    312,
                    164,
                    0.02318010851740837
                ],
                [
                    168,
                    117,
                    0.01360727846622467
                ],
                [
                    312,
                    172,
                    0.012078292667865753
                ],
                [
                    184,
                    54,
                    0.3184433877468109
                ],
                [
                    192,
                    62,
                    0.23852278292179108
                ],
                [
                    136,
                    70,
                    0.2895151972770691
                ],
                [
                    200,
                    62,
                    0.04006846249103546
                ],
                [
                    296,
                    164,
                    1.0275170803070068
                ]
            ]
        },
        {
            "frame_index": 1,
            "id": 1,
            "person_id": null,
            "keypoints": [
                [
                    184,
                    62,
                    0.25549811124801636
                ],
                [
                    160,
                    117,
                    0.5447626709938049
                ],
                [
                    104,
                    117,
                    0.6228965520858765
                ],
                [
                    80,
                    148,
                    0.1132894903421402
                ],
                [
                    160,
                    39,
                    0.01729176938533783
                ],
                [
                    208,
                    125,
                    0.47061917185783386
                ],
                [
                    208,
                    148,
                    0.033917367458343506
                ],
                [
                    296,
                    7,
                    0.023836912587285042
                ],
                [
                    72,
                    172,
                    0.03178844228386879
                ],
                [
                    8,
                    7,
                    0.01370207592844963
                ],
                [
                    0,
                    15,
                    0.020871205255389214
                ],
                [
                    312,
                    164,
                    0.022224053740501404
                ],
                [
                    296,
                    156,
                    0.012522624805569649
                ],
                [
                    312,
                    172,
                    0.012056142091751099
                ],
                [
                    184,
                    54,
                    0.14976905286312103
                ],
                [
                    192,
                    62,
                    0.18520762026309967
                ],
                [
                    136,
                    70,
                    0.2123079001903534
                ],
                [
                    192,
                    62,
                    0.15921787917613983
                ],
                [
                    296,
                    164,
                    1.0295743942260742
                ]
            ]
        },
        {
            "frame_index": 2,
            "id": 2,
            "person_id": null,
            "keypoints": [
                [
                    184,
                    62,
                    0.19830912351608276
                ],
                [
                    168,
                    117,
                    0.5142852067947388
                ],
                [
                    104,
                    117,
                    0.6146714091300964
                ],
                [
                    80,
                    148,
                    0.11968901753425598
                ],
                [
                    168,
                    39,
                    0.019139861688017845
                ],
                [
                    208,
                    117,
                    0.45766162872314453
                ],
                [
                    312,
                    172,
                    0.02935848943889141
                ],
                [
                    296,
                    7,
                    0.02494562231004238
                ],
                [
                    80,
                    172,
                    0.03008686564862728
                ],
                [
                    8,
                    7,
                    0.013887027278542519
                ],
                [
                    0,
                    15,
                    0.019988257437944412
                ],
                [
                    312,
                    164,
                    0.022638166323304176
                ],
                [
                    296,
                    156,
                    0.012055818922817707
                ],
                [
                    312,
                    172,
                    0.011938339099287987
                ],
                [
                    184,
                    54,
                    0.10400740802288055
                ],
                [
                    192,
                    62,
                    0.14141258597373962
                ],
                [
                    136,
                    70,
                    0.19185158610343933
                ],
                [
                    192,
                    62,
                    0.1513192355632782
                ],
                [
                    296,
                    164,
                    1.028052806854248
                ]
            ]
        },
        {
            "frame_index": 3,
            "id": 3,
            "person_id": null,
            "keypoints": [
                [
                    184,
                    62,
                    0.15124022960662842
                ],
                [
                    168,
                    117,
                    0.5940757989883423
                ],
                [
                    104,
                    117,
                    0.611880362033844
                ],
                [
                    80,
                    148,
                    0.15621374547481537
                ],
                [
                    184,
                    93,
                    0.0208087507635355
                ],
                [
                    208,
                    117,
                    0.5160573124885559
                ],
                [
                    208,
                    148,
                    0.04809463024139404
                ],
                [
                    184,
                    133,
                    0.07881639152765274
                ],
                [
                    72,
                    172,
                    0.03431500494480133
                ],
                [
                    160,
                    39,
                    0.01916639320552349
                ],
                [
                    0,
                    15,
                    0.020094219595193863
                ],
                [
                    312,
                    164,
                    0.023492509499192238
                ],
                [
                    168,
                    117,
                    0.01591683365404606
                ],
                [
                    312,
                    172,
                    0.012249983847141266
                ],
                [
                    168,
                    93,
                    0.11633412539958954
                ],
                [
                    192,
                    62,
                    0.1417352706193924
                ],
                [
                    144,
                    78,
                    0.23597371578216553
                ],
                [
                    192,
                    70,
                    0.19591496884822845
                ],
                [
                    296,
                    164,
                    1.0261363983154297
                ]
            ]
        }
    ],
    "category_id": 1
}