{
    "info": {
        "video_name": "1_217",
        "resolution": [
            320,
            180
        ],
        "num_frame": 4,
        "num_keypoints": 18,
        "keypoint_channels": [
            "x",
            "y",
            "score"
        ],
        "version": "1.0"
    },
    "annotations": [
        {
            "frame_index": 0,
            "id": 0,
            "person_id": null,
            "keypoints": [
                [
                    296,
                    0,
                    0.032786156982183456
                ],
                [
                    160,
                    156,
                    0.030941946431994438
                ],
                [
                    88,
                    156,
                    0.04336758702993393
                ],
                [
                    312,
                    0,
                    0.02115488052368164
                ],
                [
                    296,
                    0,
                    0.02767474576830864
                ],
                [
                    296,
                    172,
                    0.01928938552737236
                ],
                [
                    296,
                    0,
                    0.02044045366346836
                ],
                [
                    304,
                    7,
                    0.022993242368102074
                ],
                [
                    240,
                    15,
                    0.042514003813266754
                ],
                [
                    304,
                    164,
                    0.019990216940641403
                ],
                [
                    88,
                    156,
                    0.0243331678211689
                ],
                [
                    296,
                    0,
                    0.040337610989809036
                ],
                [
                    0,
                    7,
                    0.008031491190195084
                ],
                [
                    304,
                    172,
                    0.017368126660585403
                ],
                [
                    296,
                    0,
                    0.019341764971613884
                ],
                [
                    304,
                    7,
                    0.02572273649275303
                ],
                [
                    8,
                    15,
                    0.010039815679192543
                ],
                [
                    80,
                    156,
                    0.018593991175293922
                ],
                [
                    304,
                    0,
                    1.0154740810394287
                ]
            ]
        },
        {
            "frame_index": 1,
            "id": 1,
            "person_id": null,
            "keypoints": [
                [
                    152,
                    101,
                    0.04956354945898056
                ],
                [
                    160,
                    156,
                    0.08531603217124939
                ],
                [
                    80,
                    156,
                    0.04490868002176285
                ],
                [
                    312,
                    0,
                    0.021149858832359314
                ],
                [
                    296,
                    0,
                    0.027936261147260666
                ],
                [
                    168,
                    156,
                    0.02321731671690941
                ],
                [
                    296,
                    0,
                    0.02080119587481022
                ],
                [
                    304,
                    7,
                    0.023393379524350166
                ],
                [
                    232,
                    15,
                    0.03877561539411545
                ],
                [
                    304,
                    164,
                    0.019882500171661377
                ],
                [
                    88,
                    156,
                    0.023573800921440125
                ],
                [
                    296,
                    0,
                    0.040738366544246674
                ],
                [
                    8,
                    7,
                    0.009063360281288624
                ],
                [
                    304,
                    172,
                    0.017433293163776398
                ],
                [
                    296,
                    0,
                    0.019651271402835846
                ],
                [
                    304,
                    7,
                    0.025950293987989426
                ],
                [
                    128,
                    70,
                    0.022423263639211655
                ],
                [
                    88,
                    156,
                    0.018715765327215195
                ],
                [
                    304,
                    0,
                    1.0156316757202148
                ]
            ]
        },
        {
            "frame_index": 2,
            "id": 2,
            "person_id": null,
            "keypoints": [
                [
                    296,
                    0,
                    0.03230542317032814
                ],
                [
                    160,
                    156,
                    0.07867062091827393
                ],
                [
                    80,
                    156,
                    0.03329341858625412
                ],
                [
                    312,
                    0,
                    0.02045312151312828
                ],
                [
                    296,
                    0,
                    0.02738775499165058
                ],
                [
                    168,
                    156,
                    0.02324330061674118
                ],
                [
                    296,
                    0,
                    0.02026095800101757
                ],
                [
                    304,
                    7,
                    0.022467872127890587
                ],
                [
                    240,
                    15,
                    0.03532593697309494
                ],
                [
                    304,
                    164,
                    0.020023979246616364
                ],
                [
                    80,
                    156,
                    0.021981991827487946
                ],
                [
                    296,
                    0,
                    0.038999468088150024
                ],
                [
                    0,
                    7,
                    0.008197378367185593
                ],
                [
                    304,
                    172,
                    0.017461907118558884
                ],
                [
                    296,
                    0,
                    0.019911572337150574
                ],
                [
                    304,
                    7,
                    0.025402424857020378
                ],
                [
                    8,
                    15,
                    0.010299310088157654
                ],
                [
                    88,
                    156,
                    0.017125066369771957
                ],
                [
                    304,
                    0,
                    1.0114328861236572
                ]
            ]
        },
        {
            "frame_index": 3,
            "id": 3,
            "person_id": null,
            "keypoints": [
                [
                    296,
                    0,
                    0.031224481761455536
                ],
                [
                    168,
                    156,
                    0.08728782832622528
                ],
                [
                    88,
                    156,
                    0.03599158674478531
                ],
                [
                    312,
                    0,
                    0.020305156707763672
                ],
                [
                    296,
                    0,
                    0.026897456496953964
                ],
                [
                    176,
                    156,
                    0.022821232676506042
                ],
                [
                    296,
                    0,
                    0.01898869313299656
                ],
                [
                    304,
                    7,
                    0.021625952795147896
                ],
                [
                    32,
                    7,
                    0.021661674603819847
                ],
                [
                    304,
                    164,
                    0.01999809592962265
                ],
                [
                    144,
                    156,
                    0.029158610850572586
                ],
                [
                    296,
                    0,
                    0.03754085302352905
                ],
                [
                    0,
                    7,
                    0.00805661454796791
                ],
                [
                    304,
                    172,
                    0.01769770123064518
                ],
                [
                    296,
                    0,
                    0.019149234518408775
                ],
                [
                    304,
                    7,
                    0.024897396564483643
                ],
                [
                    128,
                    78,
                    0.011103164404630661
                ],
                [
                    152,
                    156,
                    0.02059018425643444
                ],
                [
                    304,
                    0,
                    1.0122251510620117
                ]
            ]
        }
    ],
    "category_id": 1
}