{
    "info": {
        "video_name": "1_218",
        "resolution": [
            320,
            180
        ],
        "num_frame": 3,
        "num_keypoints": 18,
        "keypoint_channels": [
            "x",
            "y",
            "score"
        ],
        "version": "1.0"
    },
    "annotations": [
        {
            "frame_index": 0,
            "id": 0,
            "person_id": null,
            "keypoints": [
                [
                    152,
                    101,
                    0.05153299868106842
                ],
                [
                    160,
                    156,
                    0.08695191890001297
                ],
                [
                    88,
                    156,
                    0.04613685607910156
                ],
                [
                    312,
                    0,
                    0.020510490983724594
                ],
                [
                    296,
                    0,
                    0.027764080092310905
                ],
                [
                    168,
                    156,
                    0.024237044155597687
                ],
                [
                    296,
                    0,
                    0.020378397777676582
                ],
                [
                    304,
                    7,
                    0.023210810497403145
                ],
                [
                    240,
                    7,
                    0.04033287614583969
                ],
                [
                    304,
                    164,
                    0.019051015377044678
                ],
                [
                    88,
                    156,
                    0.026313871145248413
                ],
                [
                    296,
                    0,
                    0.0391218364238739
                ],
                [
                    0,
                    7,
                    0.00806787796318531
                ],
                [
                    304,
                    172,
                    0.01794573664665222
                ],
                [
                    296,
                    0,
                    0.01971321739256382
                ],
                [
                    152,
                    93,
                    0.027271579951047897
                ],
                [
                    136,
                    70,
                    0.031487107276916504
                ],
                [
                    96,
                    156,
                    0.01908259466290474
                ],
                [
                    304,
                    0,
                    1.0127825736999512
                ]
            ]
        },
        {
            "frame_index": 1,
            "id": 1,
            "person_id": null,
            "keypoints": [
                [
                    296,
                    0,
                    0.03283305466175079
                ],
                [
                    168,
                    156,
                    0.06609032303094864
                ],
                [
                    80,
                    156,
                    0.1413513571023941
                ],
                [
                    312,
                    0,
                    0.020726047456264496
                ],
                [
                    296,
                    0,
                    0.028231803327798843
                ],
                [
                    88,
                    156,
                    0.045930977910757065
                ],
                [
                    296,
                    0,
                    0.02056843601167202
                ],
                [
                    304,
                    7,
                    0.023803243413567543
                ],
                [
                    240,
                    7,
                    0.031246785074472427
                ],
                [
                    304,
                    164,
                    0.018478896468877792
                ],
                [
                    88,
                    156,
                    0.03138826787471771
                ],
                [
                    296,
                    0,
                    0.03936279937624931
                ],
                [
                    168,
                    172,
                    0.008615017868578434
                ],
                [
                    304,
                    172,
                    0.017838429659605026
                ],
                [
                    296,
                    0,
                    0.019518153741955757
                ],
                [
                    304,
                    7,
                    0.026212545111775398
                ],
                [
                    128,
                    70,
                    0.04257588088512421
                ],
                [
                    168,
                    156,
                    0.01908012479543686
                ],
                [
                    304,
                    0,
                    1.0154551267623901
                ]
            ]
        },
        {
            "frame_index": 2,
            "id": 2,
            "person_id": null,
            "keypoints": [
                [
                    296,
                    0,
                    0.03232637792825699
                ],
                [
                    168,
                    156,
                    0.0638905018568039
                ],
                [
                    80,
                    148,
                    0.18852876126766205
                ],
                [
                    312,
                    0,
                    0.021126337349414825
                ],
                [
                    296,
                    0,
                    0.027506263926625252
                ],
                [
                    232,
                    148,
                    0.054865509271621704
                ],
                [
                    296,
                    0,
                    0.02008778043091297
                ],
                [
                    304,
                    7,
                    0.023430081084370613
                ],
                [
                    240,
                    7,
                    0.028750881552696228
                ],
                [
                    304,
                    164,
                    0.01677996851503849
                ],
                [
                    88,
                    156,
                    0.031669631600379944
                ],
                [
                    296,
                    0,
                    0.03926481679081917
                ],
                [
                    168,
                    172,
                    0.009705140255391598
                ],
                [
                    304,
                    172,
                    0.01802464947104454
                ],
                [
                    176,
                    148,
                    0.024693097919225693
                ],
                [
                    304,
                    7,
                    0.026026543229818344
                ],
                [
                    128,
                    70,
                    0.01875402219593525
                ],
                [
                    88,
                    156,
                    0.01751314476132393
                ],
                [
                    304,
                    0,
                    1.0146453380584717
                ]
            ]
        }
    ],
    "category_id": 1
}