{
    "info": {
        "video_name": "1_21",
        "resolution": [
            320,
            180
        ],
        "num_frame": 3,
        "num_keypoints": 18,
        "keypoint_channels": [
            "x",
            "y",
            "score"
        ],
        "version": "1.0"
    },
    "annotations": [
        {
            "frame_index": 0,
            "id": 0,
            "person_id": null,
            "keypoints": [
                [
                    160,
                    46,
                    0.203119158744812
                ],
                [
                    152,
                    101,
                    0.6654043793678284
                ],
                [
                    104,
                    109,
                    0.5491231679916382
                ],
                [
                    104,
                    148,
                    0.03624153882265091
                ],
                [
                    296,
                    0,
                    0.014836685732007027
                ],
                [
                    192,
                    109,
                    0.7184392809867859
                ],
                [
                    200,
                    172,
                    0.05381428450345993
                ],
                [
                    296,
                    7,
                    0.023983558639883995
                ],
                [
                    152,
                    172,
                    0.032298214733600616
                ],
                [
                    304,
                    164,
                    0.027237486094236374
                ],
                [
                    104,
                    164,
                    0.016101155430078506
                ],
                [
                    104,
                    172,
                    0.03524274006485939
                ],
                [
                    200,
                    172,
                    0.03175438567996025
                ],
                [
                    304,
                    172,
                    0.020278174430131912
                ],
                [
                    152,
                    46,
                    0.06981536746025085
                ],
                [
                    168,
                    46,
                    0.08112241327762604
                ],
                [
                    128,
                    46,
                    0.6900413036346436
                ],
                [
                    176,
                    46,
                    0.13516102731227875
                ],
                [
                    304,
                    0,
                    1.0124986171722412
                ]
            ]
        },
        {
            "frame_index": 1,
            "id": 1,
            "person_id": null,
            "keypoints": [
                [
                    160,
                    46,
                    0.07693685591220856
                ],
                [
                    152,
                    101,
                    0.6729740500450134
                ],
                [
                    104,
                    109,
                    0.6156081557273865
                ],
                [
                    104,
                    148,
                    0.040292028337717056
                ],
                [
                    296,
                    0,
                    0.01701962575316429
                ],
                [
                    192,
                    109,
                    0.6955455541610718
                ],
                [
                    152,
                    54,
                    0.06310800462961197
                ],
                [
                    296,
                    7,
                    0.022637037560343742
                ],
                [
                    152,
                    172,
                    0.033700428903102875
                ],
                [
                    304,
                    164,
                    0.024107374250888824
                ],
                [
                    96,
                    156,
                    0.015567234717309475
                ],
                [
                    104,
                    172,
                    0.031667694449424744
                ],
                [
                    200,
                    172,
                    0.02315351739525795
                ],
                [
                    304,
                    172,
                    0.018829431384801865
                ],
                [
                    160,
                    46,
                    0.06443074345588684
                ],
                [
                    168,
                    46,
                    0.04850374162197113
                ],
                [
                    128,
                    46,
                    0.4641494154930115
                ],
                [
                    168,
                    46,
                    0.08342351019382477
                ],
                [
                    304,
                    0,
                    1.019753098487854
                ]
            ]
        },
        {
            "frame_index": 2,
            "id": 2,
            "person_id": null,
            "keypoints": [
                [
                    152,
                    23,
                    0.39219117164611816
                ],
                [
                    152,
                    101,
                    0.7053484320640564
                ],
                [
                    104,
                    101,
                    0.6311176419258118
                ],
                [
                    104,
                    148,
                    0.03154803067445755
                ],
                [
                    128,
                    46,
                    0.02050815336406231
                ],
                [
                    192,
                    101,
                    0.7031075954437256
                ],
                [
                    192,
                    156,
                    0.06716638058423996
                ],
                [
                    296,
                    7,
                    0.020790470764040947
                ],
                [
                    200,
                    172,
                    0.03880346566438675
                ],
                [
                    304,
                    164,
                    0.02678627520799637
                ],
                [
                    200,
                    164,
                    0.016810864210128784
                ],
                [
                    200,
                    172,
                    0.04144362732768059
                ],
                [
                    200,
                    172,
                    0.030343476682901382
                ],
                [
                    304,
                    172,
                    0.016530247405171394
                ],
                [
                    144,
                    15,
                    0.40421465039253235
                ],
                [
                    152,
                    15,
                    0.4257075786590576
                ],
                [
                    128,
                    46,
                    0.7071832418441772
                ],
                [
                    168,
                    23,
                    0.14187653362751007
                ],
                [
                    304,
                    0,
                    1.0085760354995728
                ]
            ]
        }
    ],
    "category_id": 1
}