{
    "info": {
        "video_name": "1_223",
        "resolution": [
            320,
            180
        ],
        "num_frame": 2,
        "num_keypoints": 18,
        "keypoint_channels": [
            "x",
            "y",
            "score"
        ],
        "version": "1.0"
    },
    "annotations": [
        {
            "frame_index": 0,
            "id": 0,
            "person_id": null,
            "keypoints": [
                [
                    168,
                    86,
                    0.8414807319641113
                ],
                [
                    160,
                    101,
                    0.72713303565979
                ],
                [
                    136,
                    101,
                    0.7303857207298279
                ],
                [
                    104,
                    133,
                    0.6898918747901917
                ],
                [
                    120,
                    148,
                    0.10763424634933472
                ],
                [
                    184,
                    101,
                    0.719417154788971
                ],
                [
                    224,
                    140,
                    0.6404733061790466
                ],
                [
                    200,
                    140,
                    0.17589238286018372
                ],
                [
                    144,
                    156,
                    0.09164571762084961
                ],
                [
                    304,
                    164,
                    0.017079748213291168
                ],
                [
                    144,
                    156,
                    0.03430291265249252
                ],
                [
                    176,
                    148,
                    0.1338104009628296
                ],
                [
                    216,
                    133,
                    0.027459528297185898
                ],
                [
                    296,
                    0,
                    0.019666632637381554
                ],
                [
                    160,
                    86,
                    0.8148914575576782
                ],
                [
                    168,
                    86,
                    0.7463412880897522
                ],
                [
                    152,
                    78,
                    0.8124614357948303
                ],
                [
                    176,
                    78,
                    0.45139819383621216
                ],
                [
                    304,
                    0,
                    1.053582787513733
                ]
            ]
        },
        {
            "frame_index": 1,
            "id": 1,
            "person_id": null,
            "keypoints": [
                [
                    168,
                    93,
                    0.8329412341117859
                ],
                [
                    160,
                    101,
                    0.741051971912384
                ],
                [
                    136,
                    101,
                    0.7374571561813354
                ],
                [
                    104,
                    133,
                    0.7017881870269775
                ],
                [
                    120,
                    140,
                    0.14241842925548553
                ],
                [
                    184,
                    101,
                    0.7040413022041321
                ],
                [
                    224,
                    140,
                    0.6757463216781616
                ],
                [
                    200,
                    140,
                    0.22960029542446136
                ],
                [
                    144,
                    156,
                    0.1201840490102768
                ],
                [
                    304,
                    164,
                    0.016962606459856033
                ],
                [
                    144,
                    156,
                    0.03114944137632847
                ],
                [
                    176,
                    148,
                    0.16555100679397583
                ],
                [
                    216,
                    133,
                    0.02617686614394188
                ],
                [
                    296,
                    0,
                    0.01977331005036831
                ],
                [
                    160,
                    86,
                    0.805374801158905
                ],
                [
                    168,
                    86,
                    0.7672786116600037
                ],
                [
                    152,
                    78,
                    0.8550700545310974
                ],
                [
                    176,
                    78,
                    0.4112400710582733
                ],
                [
                    304,
                    0,
                    1.0542504787445068
                ]
            ]
        }
    ],
    "category_id": 1
}