{
    "info": {
        "video_name": "1_221",
        "resolution": [
            320,
            180
        ],
        "num_frame": 1,
        "num_keypoints": 18,
        "keypoint_channels": [
            "x",
            "y",
            "score"
        ],
        "version": "1.0"
    },
    "annotations": [
        {
            "frame_index": 0,
            "id": 0,
            "person_id": null,
            "keypoints": [
                [
                    120,
                    86,
                    0.299198180437088
                ],
                [
                    160,
                    133,
                    0.4745917320251465
                ],
                [
                    112,
                    133,
                    0.12826651334762573
                ],
                [
                    88,
                    148,
                    0.03989594802260399
                ],
                [
                    104,
                    117,
                    0.4579227864742279
                ],
                [
                    216,
                    117,
                    0.5475065112113953
                ],
                [
                    312,
                    172,
                    0.024163099005818367
                ],
                [
                    88,
                    140,
                    0.03496270626783371
                ],
                [
                    176,
                    172,
                    0.023090602830052376
                ],
                [
                    304,
                    164,
                    0.03144959360361099
                ],
                [
                    112,
                    156,
                    0.02097931317985058
                ],
                [
                    312,
                    172,
                    0.027241908013820648
                ],
                [
                    312,
                    156,
                    0.019680757075548172
                ],
                [
                    312,
                    172,
                    0.01921793259680271
                ],
                [
                    112,
                    86,
                    0.08670133352279663
                ],
                [
                    120,
                    78,
                    0.29744985699653625
                ],
                [
                    296,
                    140,
                    0.013812074437737465
                ],
                [
                    176,
                    70,
                    0.5633702874183655
                ],
                [
                    304,
                    0,
                    1.0252805948257446
                ]
            ]
        }
    ],
    "category_id": 1
}