{
    "info": {
        "video_name": "1_229",
        "resolution": [
            320,
            180
        ],
        "num_frame": 6,
        "num_keypoints": 18,
        "keypoint_channels": [
            "x",
            "y",
            "score"
        ],
        "version": "1.0"
    },
    "annotations": [
        {
            "frame_index": 0,
            "id": 0,
            "person_id": null,
            "keypoints": [
                [
                    176,
                    46,
                    0.15475495159626007
                ],
                [
                    168,
                    93,
                    0.6324406266212463
                ],
                [
                    120,
                    101,
                    0.6751518249511719
                ],
                [
                    104,
                    156,
                    0.09521700441837311
                ],
                [
                    296,
                    0,
                    0.021913236007094383
                ],
                [
                    208,
                    93,
                    0.6243151426315308
                ],
                [
                    240,
                    148,
                    0.4257367253303528
                ],
                [
                    224,
                    148,
                    0.026915399357676506
                ],
                [
                    192,
                    172,
                    0.043757449835538864
                ],
                [
                    232,
                    164,
                    0.021947864443063736
                ],
                [
                    240,
                    164,
                    0.02541891671717167
                ],
                [
                    240,
                    172,
                    0.05371147394180298
                ],
                [
                    240,
                    156,
                    0.02585599571466446
                ],
                [
                    304,
                    172,
                    0.01317486073821783
                ],
                [
                    168,
                    39,
                    0.2233904004096985
                ],
                [
                    184,
                    39,
                    0.12281084805727005
                ],
                [
                    144,
                    54,
                    0.6481984257698059
                ],
                [
                    192,
                    54,
                    0.10564720630645752
                ],
                [
                    288,
                    172,
                    1.0184321403503418
                ]
            ]
        },
        {
            "frame_index": 1,
            "id": 1,
            "person_id": null,
            "keypoints": [
                [
                    184,
                    46,
                    0.38929739594459534
                ],
                [
                    160,
                    101,
                    0.6087419986724854
                ],
                [
                    120,
                    93,
                    0.6447991132736206
                ],
                [
                    104,
                    156,
                    0.1956334412097931
                ],
                [
                    296,
                    0,
                    0.021559208631515503
                ],
                [
                    208,
                    93,
                    0.6464319229125977
                ],
                [
                    240,
                    148,
                    0.47711873054504395
                ],
                [
                    224,
                    148,
                    0.043688803911209106
                ],
                [
                    160,
                    172,
                    0.045143041759729385
                ],
                [
                    104,
                    164,
                    0.03693161904811859
                ],
                [
                    240,
                    164,
                    0.027715487405657768
                ],
                [
                    240,
                    172,
                    0.05978889390826225
                ],
                [
                    240,
                    156,
                    0.030436594039201736
                ],
                [
                    304,
                    172,
                    0.013138419017195702
                ],
                [
                    176,
                    39,
                    0.4398631155490875
                ],
                [
                    184,
                    39,
                    0.1377161592245102
                ],
                [
                    152,
                    46,
                    0.642894446849823
                ],
                [
                    104,
                    164,
                    0.02257862687110901
                ],
                [
                    288,
                    172,
                    1.0187891721725464
                ]
            ]
        },
        {
            "frame_index": 2,
            "id": 2,
            "person_id": null,
            "keypoints": [
                [
                    192,
                    46,
                    0.44489923119544983
                ],
                [
                    160,
                    93,
                    0.6343662738800049
                ],
                [
                    120,
                    93,
                    0.6525366902351379
                ],
                [
                    104,
                    156,
                    0.18688750267028809
                ],
                [
                    296,
                    0,
                    0.021438097581267357
                ],
                [
                    208,
                    93,
                    0.6381790637969971
                ],
                [
                    240,
                    148,
                    0.43610912561416626
                ],
                [
                    224,
                    148,
                    0.031753212213516235
                ],
                [
                    112,
                    172,
                    0.04504237323999405
                ],
                [
                    104,
                    164,
                    0.03939128294587135
                ],
                [
                    240,
                    164,
                    0.0263681598007679
                ],
                [
                    240,
                    172,
                    0.05936272069811821
                ],
                [
                    240,
                    156,
                    0.03105955943465233
                ],
                [
                    304,
                    172,
                    0.01312568224966526
                ],
                [
                    176,
                    46,
                    0.4537220597267151
                ],
                [
                    192,
                    39,
                    0.19496096670627594
                ],
                [
                    152,
                    46,
                    0.6467530131340027
                ],
                [
                    104,
                    164,
                    0.02343541756272316
                ],
                [
                    288,
                    172,
                    1.0189921855926514
                ]
            ]
        },
        {
            "frame_index": 3,
            "id": 3,
            "person_id": null,
            "keypoints": [
                [
                    184,
                    62,
                    0.2922258675098419
                ],
                [
                    168,
                    93,
                    0.6670107841491699
                ],
                [
                    120,
                    101,
                    0.6350741386413574
                ],
                [
                    112,
                    148,
                    0.10088637471199036
                ],
                [
                    296,
                    0,
                    0.021512247622013092
                ],
                [
                    208,
                    93,
                    0.647179901599884
                ],
                [
                    240,
                    148,
                    0.4233907163143158
                ],
                [
                    168,
                    148,
                    0.08244193345308304
                ],
                [
                    160,
                    156,
                    0.05437812581658363
                ],
                [
                    232,
                    164,
                    0.023859161883592606
                ],
                [
                    240,
                    164,
                    0.02533566951751709
                ],
                [
                    240,
                    172,
                    0.05675492063164711
                ],
                [
                    240,
                    156,
                    0.027713630348443985
                ],
                [
                    304,
                    156,
                    0.013101664371788502
                ],
                [
                    176,
                    46,
                    0.25715723633766174
                ],
                [
                    184,
                    54,
                    0.08048628270626068
                ],
                [
                    144,
                    54,
                    0.6911607980728149
                ],
                [
                    192,
                    62,
                    0.0660824179649353
                ],
                [
                    288,
                    172,
                    1.0193301439285278
                ]
            ]
        },
        {
            "frame_index": 4,
            "id": 4,
            "person_id": null,
            "keypoints": [
                [
                    184,
                    62,
                    0.29476016759872437
                ],
                [
                    160,
                    101,
                    0.6360974907875061
                ],
                [
                    128,
                    101,
                    0.6188051104545593
                ],
                [
                    112,
                    148,
                    0.06916770339012146
                ],
                [
                    296,
                    0,
                    0.02157578244805336
                ],
                [
                    208,
                    93,
                    0.6559759974479675
                ],
                [
                    240,
                    148,
                    0.3782714605331421
                ],
                [
                    232,
                    148,
                    0.020632727071642876
                ],
                [
                    192,
                    172,
                    0.04183277487754822
                ],
                [
                    232,
                    164,
                    0.02440638467669487
                ],
                [
                    240,
                    164,
                    0.024631883949041367
                ],
                [
                    240,
                    172,
                    0.04709361121058464
                ],
                [
                    240,
                    156,
                    0.02471873164176941
                ],
                [
                    304,
                    156,
                    0.013005324639379978
                ],
                [
                    176,
                    54,
                    0.22889667749404907
                ],
                [
                    184,
                    62,
                    0.23533345758914948
                ],
                [
                    144,
                    54,
                    0.6341738104820251
                ],
                [
                    192,
                    62,
                    0.15848234295845032
                ],
                [
                    288,
                    172,
                    1.020369291305542
                ]
            ]
        },
        {
            "frame_index": 5,
            "id": 5,
            "person_id": null,
            "keypoints": [
                [
                    176,
                    46,
                    0.2707647681236267
                ],
                [
                    168,
                    101,
                    0.7152106165885925
                ],
                [
                    120,
                    101,
                    0.6045424938201904
                ],
                [
                    112,
                    148,
                    0.06361869722604752
                ],
                [
                    296,
                    0,
                    0.021632187068462372
                ],
                [
                    208,
                    93,
                    0.6629437208175659
                ],
                [
                    240,
                    148,
                    0.40798622369766235
                ],
                [
                    240,
                    164,
                    0.02328195981681347
                ],
                [
                    192,
                    172,
                    0.04416194558143616
                ],
                [
                    232,
                    164,
                    0.020047180354595184
                ],
                [
                    240,
                    164,
                    0.02550487592816353
                ],
                [
                    240,
                    172,
                    0.05283106118440628
                ],
                [
                    240,
                    156,
                    0.023883376270532608
                ],
                [
                    304,
                    172,
                    0.013187810778617859
                ],
                [
                    160,
                    46,
                    0.36735519766807556
                ],
                [
                    176,
                    39,
                    0.25812655687332153
                ],
                [
                    144,
                    54,
                    0.6586068868637085
                ],
                [
                    192,
                    46,
                    0.2682231664657593
                ],
                [
                    288,
                    172,
                    1.0184553861618042
                ]
            ]
        }
    ],
    "category_id": 1
}