{
    "info": {
        "video_name": "1_225",
        "resolution": [
            320,
            180
        ],
        "num_frame": 7,
        "num_keypoints": 18,
        "keypoint_channels": [
            "x",
            "y",
            "score"
        ],
        "version": "1.0"
    },
    "annotations": [
        {
            "frame_index": 0,
            "id": 0,
            "person_id": null,
            "keypoints": [
                [
                    160,
                    93,
                    0.7925068140029907
                ],
                [
                    160,
                    117,
                    0.5707626938819885
                ],
                [
                    128,
                    109,
                    0.6796285510063171
                ],
                [
                    120,
                    148,
                    0.09167788922786713
                ],
                [
                    160,
                    125,
                    0.5326669812202454
                ],
                [
                    216,
                    109,
                    0.4471147656440735
                ],
                [
                    216,
                    148,
                    0.07260079681873322
                ],
                [
                    192,
                    117,
                    0.24040283262729645
                ],
                [
                    120,
                    172,
                    0.039229221642017365
                ],
                [
                    312,
                    172,
                    0.028485368937253952
                ],
                [
                    296,
                    172,
                    0.020160982385277748
                ],
                [
                    296,
                    0,
                    0.0250539630651474
                ],
                [
                    296,
                    172,
                    0.02463660016655922
                ],
                [
                    312,
                    164,
                    0.027095340192317963
                ],
                [
                    160,
                    86,
                    0.8378919959068298
                ],
                [
                    176,
                    93,
                    0.8110754489898682
                ],
                [
                    144,
                    86,
                    0.5560529828071594
                ],
                [
                    192,
                    93,
                    0.6307851672172546
                ],
                [
                    304,
                    0,
                    1.010796070098877
                ]
            ]
        },
        {
            "frame_index": 1,
            "id": 1,
            "person_id": null,
            "keypoints": [
                [
                    160,
                    93,
                    0.7851725816726685
                ],
                [
                    160,
                    117,
                    0.603547215461731
                ],
                [
                    128,
                    109,
                    0.7143239378929138
                ],
                [
                    120,
                    156,
                    0.10978952050209045
                ],
                [
                    160,
                    125,
                    0.4946434199810028
                ],
                [
                    216,
                    109,
                    0.43309953808784485
                ],
                [
                    216,
                    148,
                    0.08525460958480835
                ],
                [
                    184,
                    125,
                    0.217120960354805
                ],
                [
                    120,
                    172,
                    0.04257894679903984
                ],
                [
                    312,
                    172,
                    0.028154239058494568
                ],
                [
                    296,
                    172,
                    0.02013300359249115
                ],
                [
                    120,
                    172,
                    0.025577042251825333
                ],
                [
                    296,
                    172,
                    0.02603493630886078
                ],
                [
                    312,
                    164,
                    0.025749873369932175
                ],
                [
                    160,
                    86,
                    0.8373753428459167
                ],
                [
                    176,
                    93,
                    0.8055111765861511
                ],
                [
                    144,
                    86,
                    0.567095935344696
                ],
                [
                    192,
                    93,
                    0.6423344016075134
                ],
                [
                    304,
                    0,
                    1.0101054906845093
                ]
            ]
        },
        {
            "frame_index": 2,
            "id": 2,
            "person_id": null,
            "keypoints": [
                [
                    160,
                    101,
                    0.7715008854866028
                ],
                [
                    160,
                    117,
                    0.5868383646011353
                ],
                [
                    128,
                    109,
                    0.6946068406105042
                ],
                [
                    120,
                    156,
                    0.11175136268138885
                ],
                [
                    160,
                    125,
                    0.5004283785820007
                ],
                [
                    216,
                    109,
                    0.4481436610221863
                ],
                [
                    216,
                    148,
                    0.07707289606332779
                ],
                [
                    184,
                    125,
                    0.23447124660015106
                ],
                [
                    120,
                    172,
                    0.043716516345739365
                ],
                [
                    312,
                    172,
                    0.02815752848982811
                ],
                [
                    296,
                    172,
                    0.02013976126909256
                ],
                [
                    120,
                    172,
                    0.026550691574811935
                ],
                [
                    296,
                    172,
                    0.02602546289563179
                ],
                [
                    312,
                    164,
                    0.025748826563358307
                ],
                [
                    160,
                    86,
                    0.820670485496521
                ],
                [
                    176,
                    93,
                    0.8027034401893616
                ],
                [
                    144,
                    86,
                    0.5424622297286987
                ],
                [
                    192,
                    93,
                    0.6316191554069519
                ],
                [
                    304,
                    0,
                    1.0100750923156738
                ]
            ]
        },
        {
            "frame_index": 3,
            "id": 3,
            "person_id": null,
            "keypoints": [
                [
                    160,
                    101,
                    0.768981397151947
                ],
                [
                    160,
                    117,
                    0.6046326756477356
                ],
                [
                    128,
                    109,
                    0.6732774376869202
                ],
                [
                    120,
                    148,
                    0.09493149816989899
                ],
                [
                    160,
                    125,
                    0.39574486017227173
                ],
                [
                    216,
                    109,
                    0.4843093752861023
                ],
                [
                    216,
                    148,
                    0.08259716629981995
                ],
                [
                    184,
                    125,
                    0.20234233140945435
                ],
                [
                    120,
                    172,
                    0.03961276262998581
                ],
                [
                    312,
                    172,
                    0.028329908847808838
                ],
                [
                    296,
                    172,
                    0.020015070214867592
                ],
                [
                    296,
                    0,
                    0.025502782315015793
                ],
                [
                    296,
                    172,
                    0.026023738086223602
                ],
                [
                    312,
                    164,
                    0.025855615735054016
                ],
                [
                    160,
                    86,
                    0.8205425143241882
                ],
                [
                    176,
                    93,
                    0.807150661945343
                ],
                [
                    144,
                    86,
                    0.5803582668304443
                ],
                [
                    192,
                    93,
                    0.6487613916397095
                ],
                [
                    304,
                    0,
                    1.0101267099380493
                ]
            ]
        },
        {
            "frame_index": 4,
            "id": 4,
            "person_id": null,
            "keypoints": [
                [
                    160,
                    101,
                    0.773444652557373
                ],
                [
                    160,
                    117,
                    0.6027806997299194
                ],
                [
                    128,
                    109,
                    0.6672388911247253
                ],
                [
                    120,
                    148,
                    0.10433636605739594
                ],
                [
                    160,
                    125,
                    0.4345235824584961
                ],
                [
                    216,
                    109,
                    0.49531319737434387
                ],
                [
                    216,
                    148,
                    0.08637575805187225
                ],
                [
                    184,
                    133,
                    0.1654849350452423
                ],
                [
                    120,
                    172,
                    0.045616716146469116
                ],
                [
                    312,
                    172,
                    0.02832115814089775
                ],
                [
                    112,
                    156,
                    0.021646007895469666
                ],
                [
                    120,
                    172,
                    0.026591982692480087
                ],
                [
                    296,
                    172,
                    0.025905635207891464
                ],
                [
                    312,
                    164,
                    0.026078034192323685
                ],
                [
                    160,
                    86,
                    0.8166435956954956
                ],
                [
                    176,
                    93,
                    0.8102099299430847
                ],
                [
                    144,
                    86,
                    0.6219972372055054
                ],
                [
                    192,
                    93,
                    0.5866993069648743
                ],
                [
                    304,
                    0,
                    1.0105961561203003
                ]
            ]
        },
        {
            "frame_index": 5,
            "id": 5,
            "person_id": null,
            "keypoints": [
                [
                    160,
                    93,
                    0.7602905631065369
                ],
                [
                    160,
                    117,
                    0.616291344165802
                ],
                [
                    128,
                    109,
                    0.6593185663223267
                ],
                [
                    120,
                    148,
                    0.10521657764911652
                ],
                [
                    160,
                    125,
                    0.38950029015541077
                ],
                [
                    216,
                    109,
                    0.4844130575656891
                ],
                [
                    216,
                    148,
                    0.08893874287605286
                ],
                [
                    184,
                    133,
                    0.21664047241210938
                ],
                [
                    120,
                    172,
                    0.0447826087474823
                ],
                [
                    312,
                    172,
                    0.028318997472524643
                ],
                [
                    112,
                    156,
                    0.020833216607570648
                ],
                [
                    120,
                    172,
                    0.025446195155382156
                ],
                [
                    296,
                    172,
                    0.02589382603764534
                ],
                [
                    312,
                    164,
                    0.026079967617988586
                ],
                [
                    160,
                    86,
                    0.8198259472846985
                ],
                [
                    176,
                    93,
                    0.8003228902816772
                ],
                [
                    144,
                    86,
                    0.6329662203788757
                ],
                [
                    192,
                    93,
                    0.5820261240005493
                ],
                [
                    304,
                    0,
                    1.0105301141738892
                ]
            ]
        },
        {
            "frame_index": 6,
            "id": 6,
            "person_id": null,
            "keypoints": [
                [
                    160,
                    101,
                    0.7524335980415344
                ],
                [
                    160,
                    117,
                    0.5911493301391602
                ],
                [
                    128,
                    109,
                    0.6375402808189392
                ],
                [
                    120,
                    148,
                    0.10007797181606293
                ],
                [
                    160,
                    125,
                    0.3761497735977173
                ],
                [
                    216,
                    109,
                    0.4296107292175293
                ],
                [
                    216,
                    148,
                    0.06206092983484268
                ],
                [
                    184,
                    125,
                    0.1909288465976715
                ],
                [
                    120,
                    172,
                    0.04205912724137306
                ],
                [
                    312,
                    172,
                    0.028316788375377655
                ],
                [
                    296,
                    172,
                    0.020068364217877388
                ],
                [
                    120,
                    172,
                    0.02489110454916954
                ],
                [
                    296,
                    172,
                    0.025896936655044556
                ],
                [
                    312,
                    164,
                    0.026077594608068466
                ],
                [
                    160,
                    93,
                    0.806005597114563
                ],
                [
                    176,
                    93,
                    0.7889126539230347
                ],
                [
                    144,
                    86,
                    0.6173341274261475
                ],
                [
                    192,
                    93,
                    0.5649013519287109
                ],
                [
                    304,
                    0,
                    1.0094596147537231
                ]
            ]
        }
    ],
    "category_id": 1
}