{
    "info": {
        "video_name": "1_23",
        "resolution": [
            320,
            180
        ],
        "num_frame": 3,
        "num_keypoints": 18,
        "keypoint_channels": [
            "x",
            "y",
            "score"
        ],
        "version": "1.0"
    },
    "annotations": [
        {
            "frame_index": 0,
            "id": 0,
            "person_id": null,
            "keypoints": [
                [
                    184,
                    78,
                    0.805060088634491
                ],
                [
                    200,
                    93,
                    0.6299040913581848
                ],
                [
                    160,
                    93,
                    0.7099680304527283
                ],
                [
                    128,
                    156,
                    0.27059754729270935
                ],
                [
                    296,
                    0,
                    0.03287903964519501
                ],
                [
                    248,
                    86,
                    0.6248524785041809
                ],
                [
                    264,
                    148,
                    0.4716591238975525
                ],
                [
                    232,
                    109,
                    0.5140679478645325
                ],
                [
                    136,
                    172,
                    0.05460505187511444
                ],
                [
                    128,
                    164,
                    0.0328405536711216
                ],
                [
                    128,
                    164,
                    0.03648452088236809
                ],
                [
                    224,
                    156,
                    0.06589440256357193
                ],
                [
                    264,
                    156,
                    0.027348585426807404
                ],
                [
                    312,
                    172,
                    0.017966628074645996
                ],
                [
                    184,
                    70,
                    0.8769826292991638
                ],
                [
                    200,
                    70,
                    0.7200489044189453
                ],
                [
                    88,
                    101,
                    0.03106297180056572
                ],
                [
                    224,
                    70,
                    0.6502037644386292
                ],
                [
                    160,
                    125,
                    0.9916691780090332
                ]
            ]
        },
        {
            "frame_index": 1,
            "id": 1,
            "person_id": null,
            "keypoints": [
                [
                    184,
                    78,
                    0.8003783822059631
                ],
                [
                    200,
                    93,
                    0.6556360125541687
                ],
                [
                    160,
                    93,
                    0.7654082775115967
                ],
                [
                    128,
                    156,
                    0.26070478558540344
                ],
                [
                    296,
                    0,
                    0.03198032081127167
                ],
                [
                    248,
                    86,
                    0.6176671981811523
                ],
                [
                    256,
                    148,
                    0.49273180961608887
                ],
                [
                    224,
                    101,
                    0.5941311717033386
                ],
                [
                    136,
                    172,
                    0.054069772362709045
                ],
                [
                    128,
                    164,
                    0.031974002718925476
                ],
                [
                    128,
                    164,
                    0.035621486604213715
                ],
                [
                    88,
                    125,
                    0.05687757208943367
                ],
                [
                    264,
                    156,
                    0.025759823620319366
                ],
                [
                    312,
                    172,
                    0.01798495277762413
                ],
                [
                    176,
                    70,
                    0.7929774522781372
                ],
                [
                    192,
                    70,
                    0.815102219581604
                ],
                [
                    88,
                    101,
                    0.0361439473927021
                ],
                [
                    224,
                    70,
                    0.6669639348983765
                ],
                [
                    160,
                    133,
                    0.9902405142784119
                ]
            ]
        },
        {
            "frame_index": 2,
            "id": 2,
            "person_id": null,
            "keypoints": [
                [
                    168,
                    54,
                    0.4631008803844452
                ],
                [
                    192,
                    93,
                    0.6400814056396484
                ],
                [
                    152,
                    93,
                    0.7027226090431213
                ],
                [
                    128,
                    156,
                    0.31003105640411377
                ],
                [
                    216,
                    133,
                    0.03546083718538284
                ],
                [
                    240,
                    86,
                    0.7130916714668274
                ],
                [
                    248,
                    148,
                    0.6028239727020264
                ],
                [
                    208,
                    125,
                    0.5715101361274719
                ],
                [
                    136,
                    172,
                    0.05855510011315346
                ],
                [
                    128,
                    164,
                    0.03412953391671181
                ],
                [
                    128,
                    164,
                    0.040072422474622726
                ],
                [
                    248,
                    172,
                    0.06546543538570404
                ],
                [
                    256,
                    156,
                    0.041278284043073654
                ],
                [
                    312,
                    172,
                    0.017442574724555016
                ],
                [
                    168,
                    46,
                    0.21728499233722687
                ],
                [
                    184,
                    46,
                    0.51849365234375
                ],
                [
                    88,
                    101,
                    0.030953994020819664
                ],
                [
                    208,
                    54,
                    0.7885352373123169
                ],
                [
                    296,
                    164,
                    1.0047237873077393
                ]
            ]
        }
    ],
    "category_id": 1
}