{
    "info": {
        "video_name": "1_230",
        "resolution": [
            320,
            180
        ],
        "num_frame": 5,
        "num_keypoints": 18,
        "keypoint_channels": [
            "x",
            "y",
            "score"
        ],
        "version": "1.0"
    },
    "annotations": [
        {
            "frame_index": 0,
            "id": 0,
            "person_id": null,
            "keypoints": [
                [
                    136,
                    46,
                    0.22665473818778992
                ],
                [
                    144,
                    109,
                    0.6290074586868286
                ],
                [
                    88,
                    117,
                    0.571075975894928
                ],
                [
                    80,
                    148,
                    0.06258600205183029
                ],
                [
                    296,
                    0,
                    0.02432461827993393
                ],
                [
                    200,
                    109,
                    0.6548656225204468
                ],
                [
                    216,
                    148,
                    0.06259617954492569
                ],
                [
                    304,
                    7,
                    0.026341894641518593
                ],
                [
                    216,
                    172,
                    0.023356372490525246
                ],
                [
                    224,
                    172,
                    0.012455925345420837
                ],
                [
                    0,
                    15,
                    0.013901961967349052
                ],
                [
                    296,
                    0,
                    0.03392596170306206
                ],
                [
                    144,
                    101,
                    0.010660327039659023
                ],
                [
                    312,
                    172,
                    0.011805362068116665
                ],
                [
                    136,
                    46,
                    0.10001634061336517
                ],
                [
                    152,
                    39,
                    0.2423047125339508
                ],
                [
                    112,
                    54,
                    0.0438743457198143
                ],
                [
                    160,
                    46,
                    0.6272014379501343
                ],
                [
                    296,
                    164,
                    1.0256599187850952
                ]
            ]
        },
        {
            "frame_index": 1,
            "id": 1,
            "person_id": null,
            "keypoints": [
                [
                    144,
                    46,
                    0.18043024837970734
                ],
                [
                    144,
                    109,
                    0.6593015789985657
                ],
                [
                    96,
                    109,
                    0.55712890625
                ],
                [
                    80,
                    148,
                    0.07665638625621796
                ],
                [
                    296,
                    0,
                    0.025233406573534012
                ],
                [
                    200,
                    109,
                    0.6492818593978882
                ],
                [
                    216,
                    148,
                    0.06250159442424774
                ],
                [
                    304,
                    7,
                    0.028031697496771812
                ],
                [
                    224,
                    172,
                    0.025934357196092606
                ],
                [
                    304,
                    164,
                    0.012976989150047302
                ],
                [
                    296,
                    15,
                    0.01379011943936348
                ],
                [
                    296,
                    0,
                    0.0353710874915123
                ],
                [
                    160,
                    46,
                    0.013195706531405449
                ],
                [
                    312,
                    172,
                    0.011776253581047058
                ],
                [
                    136,
                    46,
                    0.10075125098228455
                ],
                [
                    152,
                    39,
                    0.20916038751602173
                ],
                [
                    120,
                    54,
                    0.0695636197924614
                ],
                [
                    160,
                    54,
                    0.5924360156059265
                ],
                [
                    296,
                    164,
                    1.0260803699493408
                ]
            ]
        },
        {
            "frame_index": 2,
            "id": 2,
            "person_id": null,
            "keypoints": [
                [
                    144,
                    46,
                    0.23982681334018707
                ],
                [
                    144,
                    109,
                    0.6465146541595459
                ],
                [
                    96,
                    109,
                    0.5731228590011597
                ],
                [
                    80,
                    148,
                    0.08616852760314941
                ],
                [
                    128,
                    23,
                    0.025248445570468903
                ],
                [
                    200,
                    109,
                    0.6272249221801758
                ],
                [
                    216,
                    148,
                    0.05999487638473511
                ],
                [
                    304,
                    7,
                    0.028002941980957985
                ],
                [
                    80,
                    172,
                    0.02623608522117138
                ],
                [
                    304,
                    164,
                    0.012818941846489906
                ],
                [
                    296,
                    15,
                    0.01425633579492569
                ],
                [
                    296,
                    0,
                    0.035976238548755646
                ],
                [
                    144,
                    101,
                    0.013540211133658886
                ],
                [
                    312,
                    172,
                    0.011916985735297203
                ],
                [
                    136,
                    46,
                    0.12462395429611206
                ],
                [
                    152,
                    39,
                    0.19989557564258575
                ],
                [
                    120,
                    54,
                    0.07600992918014526
                ],
                [
                    168,
                    54,
                    0.5627714991569519
                ],
                [
                    296,
                    164,
                    1.0272932052612305
                ]
            ]
        },
        {
            "frame_index": 3,
            "id": 3,
            "person_id": null,
            "keypoints": [
                [
                    152,
                    46,
                    0.12549971044063568
                ],
                [
                    144,
                    117,
                    0.5898950099945068
                ],
                [
                    96,
                    109,
                    0.5526498556137085
                ],
                [
                    80,
                    148,
                    0.057895783334970474
                ],
                [
                    296,
                    0,
                    0.026208899915218353
                ],
                [
                    200,
                    109,
                    0.6081170439720154
                ],
                [
                    216,
                    148,
                    0.050483107566833496
                ],
                [
                    304,
                    7,
                    0.02920997329056263
                ],
                [
                    232,
                    172,
                    0.023958323523402214
                ],
                [
                    304,
                    164,
                    0.012972468510270119
                ],
                [
                    296,
                    15,
                    0.014203371480107307
                ],
                [
                    296,
                    0,
                    0.03881479427218437
                ],
                [
                    144,
                    109,
                    0.012695439159870148
                ],
                [
                    312,
                    172,
                    0.012314395979046822
                ],
                [
                    152,
                    46,
                    0.03170621022582054
                ],
                [
                    160,
                    39,
                    0.15591780841350555
                ],
                [
                    120,
                    62,
                    0.04810566455125809
                ],
                [
                    168,
                    46,
                    0.5834686756134033
                ],
                [
                    296,
                    164,
                    1.0233937501907349
                ]
            ]
        },
        {
            "frame_index": 4,
            "id": 4,
            "person_id": null,
            "keypoints": [
                [
                    144,
                    62,
                    0.09918540716171265
                ],
                [
                    144,
                    117,
                    0.6483781337738037
                ],
                [
                    88,
                    117,
                    0.5506297945976257
                ],
                [
                    80,
                    148,
                    0.06332232058048248
                ],
                [
                    296,
                    0,
                    0.02511327713727951
                ],
                [
                    200,
                    109,
                    0.6296492218971252
                ],
                [
                    216,
                    148,
                    0.059299394488334656
                ],
                [
                    304,
                    7,
                    0.027918176725506783
                ],
                [
                    216,
                    172,
                    0.023014307022094727
                ],
                [
                    224,
                    172,
                    0.013047447428107262
                ],
                [
                    296,
                    15,
                    0.014917314052581787
                ],
                [
                    296,
                    0,
                    0.03586524724960327
                ],
                [
                    144,
                    109,
                    0.00949630793184042
                ],
                [
                    312,
                    172,
                    0.012323848903179169
                ],
                [
                    128,
                    54,
                    0.05843628942966461
                ],
                [
                    160,
                    46,
                    0.09219770133495331
                ],
                [
                    120,
                    54,
                    0.1954614222049713
                ],
                [
                    168,
                    54,
                    0.6289682984352112
                ],
                [
                    296,
                    164,
                    1.0247653722763062
                ]
            ]
        }
    ],
    "category_id": 1
}