{
    "info": {
        "video_name": "1_238",
        "resolution": [
            320,
            180
        ],
        "num_frame": 6,
        "num_keypoints": 18,
        "keypoint_channels": [
            "x",
            "y",
            "score"
        ],
        "version": "1.0"
    },
    "annotations": [
        {
            "frame_index": 0,
            "id": 0,
            "person_id": null,
            "keypoints": [
                [
                    160,
                    54,
                    0.32316043972969055
                ],
                [
                    160,
                    101,
                    0.5373315215110779
                ],
                [
                    112,
                    109,
                    0.5703064203262329
                ],
                [
                    96,
                    148,
                    0.09970565140247345
                ],
                [
                    8,
                    0,
                    0.01707005500793457
                ],
                [
                    200,
                    109,
                    0.2239406406879425
                ],
                [
                    160,
                    39,
                    0.05719589442014694
                ],
                [
                    296,
                    7,
                    0.021151969209313393
                ],
                [
                    96,
                    172,
                    0.02375086396932602
                ],
                [
                    304,
                    164,
                    0.028185371309518814
                ],
                [
                    96,
                    156,
                    0.01538161002099514
                ],
                [
                    16,
                    7,
                    0.02184469997882843
                ],
                [
                    304,
                    156,
                    0.014118243008852005
                ],
                [
                    304,
                    156,
                    0.017504028975963593
                ],
                [
                    152,
                    54,
                    0.27915555238723755
                ],
                [
                    160,
                    54,
                    0.05827351659536362
                ],
                [
                    136,
                    54,
                    0.6955000758171082
                ],
                [
                    184,
                    54,
                    0.016154687851667404
                ],
                [
                    288,
                    172,
                    1.009374976158142
                ]
            ]
        },
        {
            "frame_index": 1,
            "id": 1,
            "person_id": null,
            "keypoints": [
                [
                    160,
                    39,
                    0.285839706659317
                ],
                [
                    160,
                    101,
                    0.5833730101585388
                ],
                [
                    104,
                    109,
                    0.5918618440628052
                ],
                [
                    96,
                    148,
                    0.10702168941497803
                ],
                [
                    136,
                    54,
                    0.024565910920500755
                ],
                [
                    208,
                    101,
                    0.3473486304283142
                ],
                [
                    312,
                    172,
                    0.02582446299493313
                ],
                [
                    296,
                    7,
                    0.021065430715680122
                ],
                [
                    96,
                    172,
                    0.021663466468453407
                ],
                [
                    304,
                    164,
                    0.028767690062522888
                ],
                [
                    88,
                    156,
                    0.016323253512382507
                ],
                [
                    16,
                    7,
                    0.021467089653015137
                ],
                [
                    128,
                    54,
                    0.016138743609189987
                ],
                [
                    304,
                    156,
                    0.0177142433822155
                ],
                [
                    152,
                    39,
                    0.207643061876297
                ],
                [
                    168,
                    31,
                    0.05190154165029526
                ],
                [
                    136,
                    54,
                    0.6713921427726746
                ],
                [
                    192,
                    54,
                    0.22812743484973907
                ],
                [
                    288,
                    172,
                    1.0074306726455688
                ]
            ]
        },
        {
            "frame_index": 2,
            "id": 2,
            "person_id": null,
            "keypoints": [
                [
                    168,
                    46,
                    0.6093541979789734
                ],
                [
                    160,
                    101,
                    0.5738345980644226
                ],
                [
                    104,
                    109,
                    0.6171149611473083
                ],
                [
                    96,
                    148,
                    0.10541881620883942
                ],
                [
                    8,
                    0,
                    0.017418740317225456
                ],
                [
                    208,
                    101,
                    0.3274402916431427
                ],
                [
                    312,
                    172,
                    0.025567198172211647
                ],
                [
                    296,
                    7,
                    0.021125553175807
                ],
                [
                    96,
                    172,
                    0.02196594700217247
                ],
                [
                    304,
                    164,
                    0.028704416006803513
                ],
                [
                    88,
                    156,
                    0.016799772158265114
                ],
                [
                    16,
                    7,
                    0.021398991346359253
                ],
                [
                    304,
                    156,
                    0.014441910199820995
                ],
                [
                    304,
                    156,
                    0.017917312681674957
                ],
                [
                    160,
                    39,
                    0.6157012581825256
                ],
                [
                    176,
                    39,
                    0.5337186455726624
                ],
                [
                    136,
                    54,
                    0.7364750504493713
                ],
                [
                    184,
                    46,
                    0.3477059304714203
                ],
                [
                    288,
                    172,
                    1.00632643699646
                ]
            ]
        },
        {
            "frame_index": 3,
            "id": 3,
            "person_id": null,
            "keypoints": [
                [
                    160,
                    46,
                    0.5207589268684387
                ],
                [
                    152,
                    101,
                    0.6061949133872986
                ],
                [
                    104,
                    109,
                    0.6219632029533386
                ],
                [
                    96,
                    148,
                    0.10126625001430511
                ],
                [
                    8,
                    0,
                    0.01741662807762623
                ],
                [
                    200,
                    101,
                    0.3200884461402893
                ],
                [
                    312,
                    172,
                    0.025083085522055626
                ],
                [
                    296,
                    7,
                    0.021118277683854103
                ],
                [
                    96,
                    172,
                    0.023110348731279373
                ],
                [
                    304,
                    164,
                    0.028583791106939316
                ],
                [
                    88,
                    156,
                    0.016591165214776993
                ],
                [
                    16,
                    7,
                    0.02131636068224907
                ],
                [
                    304,
                    156,
                    0.01439896784722805
                ],
                [
                    304,
                    156,
                    0.01759124919772148
                ],
                [
                    160,
                    39,
                    0.528367280960083
                ],
                [
                    168,
                    39,
                    0.46988633275032043
                ],
                [
                    136,
                    54,
                    0.7301569581031799
                ],
                [
                    184,
                    46,
                    0.3628929555416107
                ],
                [
                    288,
                    172,
                    1.0068628787994385
                ]
            ]
        },
        {
            "frame_index": 4,
            "id": 4,
            "person_id": null,
            "keypoints": [
                [
                    168,
                    46,
                    0.6005286574363708
                ],
                [
                    160,
                    101,
                    0.5545704960823059
                ],
                [
                    104,
                    109,
                    0.6123132109642029
                ],
                [
                    96,
                    148,
                    0.09129972755908966
                ],
                [
                    136,
                    54,
                    0.019661566242575645
                ],
                [
                    208,
                    109,
                    0.30426740646362305
                ],
                [
                    312,
                    172,
                    0.024730881676077843
                ],
                [
                    296,
                    7,
                    0.02107342891395092
                ],
                [
                    96,
                    172,
                    0.021294595673680305
                ],
                [
                    304,
                    164,
                    0.02793027088046074
                ],
                [
                    88,
                    156,
                    0.015145106241106987
                ],
                [
                    16,
                    7,
                    0.02130301110446453
                ],
                [
                    304,
                    156,
                    0.013476856052875519
                ],
                [
                    304,
                    156,
                    0.0171598419547081
                ],
                [
                    152,
                    39,
                    0.6074737310409546
                ],
                [
                    176,
                    39,
                    0.5657768845558167
                ],
                [
                    136,
                    54,
                    0.740886926651001
                ],
                [
                    192,
                    54,
                    0.459589421749115
                ],
                [
                    288,
                    172,
                    1.0052475929260254
                ]
            ]
        },
        {
            "frame_index": 5,
            "id": 5,
            "person_id": null,
            "keypoints": [
                [
                    168,
                    54,
                    0.56461501121521
                ],
                [
                    152,
                    101,
                    0.5868991017341614
                ],
                [
                    104,
                    109,
                    0.5686014890670776
                ],
                [
                    96,
                    148,
                    0.09610477089881897
                ],
                [
                    8,
                    0,
                    0.017332181334495544
                ],
                [
                    200,
                    109,
                    0.26044559478759766
                ],
                [
                    312,
                    172,
                    0.02500251494348049
                ],
                [
                    296,
                    7,
                    0.021123850718140602
                ],
                [
                    168,
                    172,
                    0.019996486604213715
                ],
                [
                    304,
                    164,
                    0.028440233319997787
                ],
                [
                    96,
                    156,
                    0.016243530437350273
                ],
                [
                    16,
                    7,
                    0.021589361131191254
                ],
                [
                    304,
                    156,
                    0.013918600976467133
                ],
                [
                    304,
                    156,
                    0.016949918121099472
                ],
                [
                    160,
                    46,
                    0.596908450126648
                ],
                [
                    176,
                    46,
                    0.49362918734550476
                ],
                [
                    136,
                    54,
                    0.7300927042961121
                ],
                [
                    184,
                    54,
                    0.4368938207626343
                ],
                [
                    288,
                    172,
                    1.0074259042739868
                ]
            ]
        }
    ],
    "category_id": 1
}