{
    "info": {
        "video_name": "1_247",
        "resolution": [
            320,
            180
        ],
        "num_frame": 4,
        "num_keypoints": 18,
        "keypoint_channels": [
            "x",
            "y",
            "score"
        ],
        "version": "1.0"
    },
    "annotations": [
        {
            "frame_index": 0,
            "id": 0,
            "person_id": null,
            "keypoints": [
                [
                    144,
                    93,
                    0.024318885058164597
                ],
                [
                    152,
                    117,
                    0.6263670325279236
                ],
                [
                    96,
                    117,
                    0.5965130925178528
                ],
                [
                    88,
                    148,
                    0.020439472049474716
                ],
                [
                    296,
                    0,
                    0.013016006909310818
                ],
                [
                    200,
                    117,
                    0.6241857409477234
                ],
                [
                    208,
                    148,
                    0.024699551984667778
                ],
                [
                    296,
                    7,
                    0.015668679028749466
                ],
                [
                    64,
                    172,
                    0.022622691467404366
                ],
                [
                    304,
                    164,
                    0.02641860768198967
                ],
                [
                    72,
                    172,
                    0.01581481099128723
                ],
                [
                    72,
                    172,
                    0.023813210427761078
                ],
                [
                    312,
                    164,
                    0.019309785217046738
                ],
                [
                    312,
                    172,
                    0.014587266370654106
                ],
                [
                    144,
                    93,
                    0.052221208810806274
                ],
                [
                    152,
                    93,
                    0.1850629299879074
                ],
                [
                    120,
                    70,
                    0.018943145871162415
                ],
                [
                    176,
                    62,
                    0.4300474524497986
                ],
                [
                    304,
                    93,
                    1.0010714530944824
                ]
            ]
        },
        {
            "frame_index": 1,
            "id": 1,
            "person_id": null,
            "keypoints": [
                [
                    296,
                    0,
                    0.02286776341497898
                ],
                [
                    152,
                    117,
                    0.5298323631286621
                ],
                [
                    96,
                    117,
                    0.5966004729270935
                ],
                [
                    72,
                    156,
                    0.019122404977679253
                ],
                [
                    296,
                    0,
                    0.013687824830412865
                ],
                [
                    200,
                    117,
                    0.5595611333847046
                ],
                [
                    216,
                    148,
                    0.017396366223692894
                ],
                [
                    296,
                    7,
                    0.015341812744736671
                ],
                [
                    72,
                    172,
                    0.02155379019677639
                ],
                [
                    304,
                    164,
                    0.02651868388056755
                ],
                [
                    72,
                    172,
                    0.01767347939312458
                ],
                [
                    72,
                    172,
                    0.02395787462592125
                ],
                [
                    312,
                    164,
                    0.020142169669270515
                ],
                [
                    312,
                    172,
                    0.014501322992146015
                ],
                [
                    152,
                    93,
                    0.01364489458501339
                ],
                [
                    152,
                    93,
                    0.028634946793317795
                ],
                [
                    120,
                    70,
                    0.08369451761245728
                ],
                [
                    176,
                    62,
                    0.4592946171760559
                ],
                [
                    304,
                    93,
                    1.0009816884994507
                ]
            ]
        },
        {
            "frame_index": 2,
            "id": 2,
            "person_id": null,
            "keypoints": [
                [
                    144,
                    93,
                    0.029175233095884323
                ],
                [
                    152,
                    125,
                    0.598019003868103
                ],
                [
                    96,
                    117,
                    0.6297088861465454
                ],
                [
                    88,
                    148,
                    0.01902882196009159
                ],
                [
                    296,
                    0,
                    0.013229039497673512
                ],
                [
                    200,
                    117,
                    0.6297832131385803
                ],
                [
                    208,
                    148,
                    0.022030366584658623
                ],
                [
                    296,
                    7,
                    0.015106625854969025
                ],
                [
                    72,
                    172,
                    0.023503951728343964
                ],
                [
                    304,
                    164,
                    0.027051270008087158
                ],
                [
                    72,
                    172,
                    0.015335900709033012
                ],
                [
                    72,
                    172,
                    0.02404065430164337
                ],
                [
                    312,
                    164,
                    0.019573014229536057
                ],
                [
                    312,
                    172,
                    0.014472397044301033
                ],
                [
                    144,
                    93,
                    0.06563861668109894
                ],
                [
                    152,
                    93,
                    0.1688959151506424
                ],
                [
                    120,
                    62,
                    0.10646838694810867
                ],
                [
                    176,
                    62,
                    0.5808019638061523
                ],
                [
                    304,
                    93,
                    1.0011250972747803
                ]
            ]
        },
        {
            "frame_index": 3,
            "id": 3,
            "person_id": null,
            "keypoints": [
                [
                    296,
                    0,
                    0.022891823202371597
                ],
                [
                    152,
                    117,
                    0.6362884044647217
                ],
                [
                    96,
                    117,
                    0.6427559852600098
                ],
                [
                    88,
                    148,
                    0.017828334122896194
                ],
                [
                    296,
                    0,
                    0.013025106862187386
                ],
                [
                    200,
                    117,
                    0.6556530594825745
                ],
                [
                    208,
                    148,
                    0.024191634729504585
                ],
                [
                    296,
                    7,
                    0.015693621709942818
                ],
                [
                    72,
                    172,
                    0.02201908454298973
                ],
                [
                    304,
                    164,
                    0.02707025408744812
                ],
                [
                    72,
                    172,
                    0.014565449208021164
                ],
                [
                    72,
                    172,
                    0.02219521254301071
                ],
                [
                    312,
                    164,
                    0.02018844708800316
                ],
                [
                    312,
                    172,
                    0.014067968353629112
                ],
                [
                    152,
                    93,
                    0.0210010576993227
                ],
                [
                    152,
                    93,
                    0.08083795011043549
                ],
                [
                    120,
                    62,
                    0.0796179324388504
                ],
                [
                    176,
                    62,
                    0.6100084185600281
                ],
                [
                    304,
                    93,
                    1.0011699199676514
                ]
            ]
        }
    ],
    "category_id": 1
}