{
    "info": {
        "video_name": "1_248",
        "resolution": [
            320,
            180
        ],
        "num_frame": 5,
        "num_keypoints": 18,
        "keypoint_channels": [
            "x",
            "y",
            "score"
        ],
        "version": "1.0"
    },
    "annotations": [
        {
            "frame_index": 0,
            "id": 0,
            "person_id": null,
            "keypoints": [
                [
                    296,
                    0,
                    0.021344957873225212
                ],
                [
                    152,
                    109,
                    0.5651542544364929
                ],
                [
                    104,
                    109,
                    0.6062456965446472
                ],
                [
                    144,
                    70,
                    0.027683153748512268
                ],
                [
                    296,
                    0,
                    0.017692411318421364
                ],
                [
                    200,
                    117,
                    0.5902022123336792
                ],
                [
                    216,
                    148,
                    0.024033324792981148
                ],
                [
                    296,
                    7,
                    0.024028664454817772
                ],
                [
                    72,
                    172,
                    0.02389092929661274
                ],
                [
                    304,
                    164,
                    0.024204593151807785
                ],
                [
                    72,
                    172,
                    0.0157267227768898
                ],
                [
                    72,
                    172,
                    0.025602545589208603
                ],
                [
                    72,
                    172,
                    0.018739961087703705
                ],
                [
                    312,
                    172,
                    0.014609141275286674
                ],
                [
                    152,
                    86,
                    0.02021472342312336
                ],
                [
                    120,
                    62,
                    0.06251226365566254
                ],
                [
                    120,
                    70,
                    0.3999738395214081
                ],
                [
                    120,
                    70,
                    0.19349774718284607
                ],
                [
                    296,
                    164,
                    1.0033938884735107
                ]
            ]
        },
        {
            "frame_index": 1,
            "id": 1,
            "person_id": null,
            "keypoints": [
                [
                    120,
                    70,
                    0.10773753374814987
                ],
                [
                    152,
                    109,
                    0.5864045023918152
                ],
                [
                    96,
                    109,
                    0.6178098320960999
                ],
                [
                    144,
                    70,
                    0.04452301934361458
                ],
                [
                    296,
                    0,
                    0.017732899636030197
                ],
                [
                    200,
                    117,
                    0.5890896916389465
                ],
                [
                    216,
                    148,
                    0.024436580017209053
                ],
                [
                    296,
                    7,
                    0.023930998519062996
                ],
                [
                    72,
                    172,
                    0.022870415821671486
                ],
                [
                    304,
                    164,
                    0.024410385638475418
                ],
                [
                    72,
                    172,
                    0.021665066480636597
                ],
                [
                    72,
                    172,
                    0.02730901539325714
                ],
                [
                    72,
                    172,
                    0.023646797984838486
                ],
                [
                    312,
                    172,
                    0.014754674397408962
                ],
                [
                    120,
                    70,
                    0.039524905383586884
                ],
                [
                    120,
                    62,
                    0.1557067334651947
                ],
                [
                    120,
                    70,
                    0.274435430765152
                ],
                [
                    120,
                    70,
                    0.2911263108253479
                ],
                [
                    296,
                    164,
                    1.0036036968231201
                ]
            ]
        },
        {
            "frame_index": 2,
            "id": 2,
            "person_id": null,
            "keypoints": [
                [
                    296,
                    0,
                    0.02136307582259178
                ],
                [
                    152,
                    117,
                    0.5689916610717773
                ],
                [
                    96,
                    117,
                    0.6020318269729614
                ],
                [
                    88,
                    148,
                    0.031042957678437233
                ],
                [
                    296,
                    0,
                    0.017573067918419838
                ],
                [
                    200,
                    117,
                    0.6003718972206116
                ],
                [
                    216,
                    148,
                    0.0260018277913332
                ],
                [
                    296,
                    7,
                    0.023858817294239998
                ],
                [
                    72,
                    172,
                    0.021284207701683044
                ],
                [
                    304,
                    164,
                    0.02457830309867859
                ],
                [
                    80,
                    172,
                    0.01293964684009552
                ],
                [
                    72,
                    172,
                    0.021167375147342682
                ],
                [
                    80,
                    172,
                    0.012949259951710701
                ],
                [
                    312,
                    172,
                    0.014726082794368267
                ],
                [
                    152,
                    93,
                    0.024626707658171654
                ],
                [
                    152,
                    93,
                    0.05031844228506088
                ],
                [
                    120,
                    70,
                    0.32898837327957153
                ],
                [
                    120,
                    70,
                    0.30733540654182434
                ],
                [
                    296,
                    164,
                    1.0027360916137695
                ]
            ]
        },
        {
            "frame_index": 3,
            "id": 3,
            "person_id": null,
            "keypoints": [
                [
                    296,
                    0,
                    0.021335618570446968
                ],
                [
                    152,
                    117,
                    0.6068709492683411
                ],
                [
                    96,
                    117,
                    0.6278438568115234
                ],
                [
                    88,
                    148,
                    0.02863118425011635
                ],
                [
                    296,
                    0,
                    0.017558472231030464
                ],
                [
                    200,
                    117,
                    0.6041244268417358
                ],
                [
                    216,
                    148,
                    0.02515585906803608
                ],
                [
                    296,
                    7,
                    0.023805642500519753
                ],
                [
                    72,
                    172,
                    0.02092527225613594
                ],
                [
                    304,
                    164,
                    0.024481724947690964
                ],
                [
                    72,
                    172,
                    0.015505015850067139
                ],
                [
                    72,
                    172,
                    0.022007396444678307
                ],
                [
                    72,
                    172,
                    0.016222726553678513
                ],
                [
                    312,
                    172,
                    0.014720851555466652
                ],
                [
                    152,
                    93,
                    0.016474973410367966
                ],
                [
                    120,
                    62,
                    0.05672831833362579
                ],
                [
                    120,
                    70,
                    0.24495762586593628
                ],
                [
                    120,
                    70,
                    0.41621702909469604
                ],
                [
                    296,
                    164,
                    1.0030266046524048
                ]
            ]
        },
        {
            "frame_index": 4,
            "id": 4,
            "person_id": null,
            "keypoints": [
                [
                    296,
                    0,
                    0.02144959196448326
                ],
                [
                    152,
                    117,
                    0.6237133741378784
                ],
                [
                    104,
                    117,
                    0.6281468272209167
                ],
                [
                    88,
                    148,
                    0.026886925101280212
                ],
                [
                    296,
                    0,
                    0.017503073439002037
                ],
                [
                    200,
                    117,
                    0.6093599200248718
                ],
                [
                    208,
                    148,
                    0.03087274171411991
                ],
                [
                    296,
                    7,
                    0.02344023995101452
                ],
                [
                    72,
                    172,
                    0.02166227623820305
                ],
                [
                    304,
                    164,
                    0.02452424168586731
                ],
                [
                    72,
                    156,
                    0.01675841584801674
                ],
                [
                    72,
                    172,
                    0.02199752815067768
                ],
                [
                    72,
                    172,
                    0.01635034754872322
                ],
                [
                    312,
                    172,
                    0.01468739565461874
                ],
                [
                    312,
                    7,
                    0.014090050011873245
                ],
                [
                    128,
                    62,
                    0.051057979464530945
                ],
                [
                    120,
                    62,
                    0.24447700381278992
                ],
                [
                    120,
                    62,
                    0.2115672528743744
                ],
                [
                    296,
                    164,
                    1.0031487941741943
                ]
            ]
        }
    ],
    "category_id": 1
}