{
    "info": {
        "video_name": "1_244",
        "resolution": [
            320,
            180
        ],
        "num_frame": 5,
        "num_keypoints": 18,
        "keypoint_channels": [
            "x",
            "y",
            "score"
        ],
        "version": "1.0"
    },
    "annotations": [
        {
            "frame_index": 0,
            "id": 0,
            "person_id": null,
            "keypoints": [
                [
                    144,
                    93,
                    0.4026581943035126
                ],
                [
                    152,
                    101,
                    0.7109691500663757
                ],
                [
                    120,
                    101,
                    0.7088453769683838
                ],
                [
                    96,
                    156,
                    0.3656896948814392
                ],
                [
                    96,
                    172,
                    0.030737431719899178
                ],
                [
                    184,
                    101,
                    0.7325516939163208
                ],
                [
                    200,
                    148,
                    0.6516733765602112
                ],
                [
                    192,
                    156,
                    0.09568177908658981
                ],
                [
                    104,
                    172,
                    0.07637245953083038
                ],
                [
                    96,
                    164,
                    0.022977888584136963
                ],
                [
                    96,
                    164,
                    0.032116495072841644
                ],
                [
                    200,
                    172,
                    0.10865095257759094
                ],
                [
                    200,
                    156,
                    0.04657861217856407
                ],
                [
                    200,
                    164,
                    0.020875878632068634
                ],
                [
                    144,
                    86,
                    0.43365588784217834
                ],
                [
                    152,
                    86,
                    0.4366516172885895
                ],
                [
                    136,
                    70,
                    0.327922523021698
                ],
                [
                    168,
                    78,
                    0.36167675256729126
                ],
                [
                    296,
                    164,
                    1.0176407098770142
                ]
            ]
        },
        {
            "frame_index": 1,
            "id": 1,
            "person_id": null,
            "keypoints": [
                [
                    136,
                    86,
                    0.44967591762542725
                ],
                [
                    152,
                    101,
                    0.6989161372184753
                ],
                [
                    120,
                    93,
                    0.6986881494522095
                ],
                [
                    96,
                    148,
                    0.4560166001319885
                ],
                [
                    96,
                    172,
                    0.030757421627640724
                ],
                [
                    184,
                    93,
                    0.7249391674995422
                ],
                [
                    200,
                    148,
                    0.6752583384513855
                ],
                [
                    192,
                    156,
                    0.10297707468271255
                ],
                [
                    104,
                    172,
                    0.08092892169952393
                ],
                [
                    96,
                    164,
                    0.02500414103269577
                ],
                [
                    96,
                    164,
                    0.03412118926644325
                ],
                [
                    192,
                    172,
                    0.09919103980064392
                ],
                [
                    200,
                    156,
                    0.041356198489665985
                ],
                [
                    200,
                    164,
                    0.021512340754270554
                ],
                [
                    136,
                    78,
                    0.4845826327800751
                ],
                [
                    152,
                    86,
                    0.5241104960441589
                ],
                [
                    136,
                    70,
                    0.32086288928985596
                ],
                [
                    168,
                    86,
                    0.5376887321472168
                ],
                [
                    296,
                    164,
                    1.0186151266098022
                ]
            ]
        },
        {
            "frame_index": 2,
            "id": 2,
            "person_id": null,
            "keypoints": [
                [
                    136,
                    86,
                    0.5045678615570068
                ],
                [
                    152,
                    101,
                    0.7072609663009644
                ],
                [
                    120,
                    93,
                    0.7041059136390686
                ],
                [
                    96,
                    148,
                    0.49590182304382324
                ],
                [
                    104,
                    156,
                    0.030263079330325127
                ],
                [
                    184,
                    93,
                    0.7216114401817322
                ],
                [
                    200,
                    148,
                    0.6615892052650452
                ],
                [
                    192,
                    156,
                    0.10506640374660492
                ],
                [
                    104,
                    164,
                    0.08144981414079666
                ],
                [
                    96,
                    164,
                    0.02729664370417595
                ],
                [
                    96,
                    164,
                    0.03373667225241661
                ],
                [
                    192,
                    172,
                    0.10738860070705414
                ],
                [
                    200,
                    156,
                    0.04322465509176254
                ],
                [
                    200,
                    164,
                    0.021476775407791138
                ],
                [
                    136,
                    78,
                    0.5548397898674011
                ],
                [
                    152,
                    86,
                    0.5249294638633728
                ],
                [
                    128,
                    70,
                    0.26562774181365967
                ],
                [
                    168,
                    86,
                    0.5642294883728027
                ],
                [
                    296,
                    164,
                    1.0193357467651367
                ]
            ]
        },
        {
            "frame_index": 3,
            "id": 3,
            "person_id": null,
            "keypoints": [
                [
                    144,
                    86,
                    0.4335663318634033
                ],
                [
                    152,
                    101,
                    0.7043029069900513
                ],
                [
                    120,
                    93,
                    0.7127957344055176
                ],
                [
                    96,
                    148,
                    0.45773008465766907
                ],
                [
                    96,
                    156,
                    0.03354717046022415
                ],
                [
                    184,
                    101,
                    0.7145349979400635
                ],
                [
                    200,
                    148,
                    0.6674944758415222
                ],
                [
                    192,
                    156,
                    0.09911242127418518
                ],
                [
                    104,
                    164,
                    0.08095762133598328
                ],
                [
                    96,
                    164,
                    0.0281689390540123
                ],
                [
                    96,
                    164,
                    0.033334191888570786
                ],
                [
                    192,
                    172,
                    0.10173965990543365
                ],
                [
                    200,
                    156,
                    0.04253757745027542
                ],
                [
                    200,
                    164,
                    0.020717862993478775
                ],
                [
                    136,
                    86,
                    0.4634988307952881
                ],
                [
                    152,
                    86,
                    0.5377430319786072
                ],
                [
                    136,
                    70,
                    0.2701352834701538
                ],
                [
                    168,
                    86,
                    0.5483989715576172
                ],
                [
                    296,
                    164,
                    1.020670771598816
                ]
            ]
        },
        {
            "frame_index": 4,
            "id": 4,
            "person_id": null,
            "keypoints": [
                [
                    136,
                    86,
                    0.44196680188179016
                ],
                [
                    152,
                    101,
                    0.7160937786102295
                ],
                [
                    120,
                    101,
                    0.7096515893936157
                ],
                [
                    96,
                    148,
                    0.4144919514656067
                ],
                [
                    96,
                    172,
                    0.029801776632666588
                ],
                [
                    184,
                    101,
                    0.7146173715591431
                ],
                [
                    200,
                    148,
                    0.642033040523529
                ],
                [
                    192,
                    156,
                    0.0975780263543129
                ],
                [
                    104,
                    164,
                    0.07815845310688019
                ],
                [
                    96,
                    164,
                    0.026186518371105194
                ],
                [
                    96,
                    164,
                    0.03231494501233101
                ],
                [
                    192,
                    172,
                    0.10977839678525925
                ],
                [
                    200,
                    156,
                    0.04096473380923271
                ],
                [
                    200,
                    164,
                    0.019085373729467392
                ],
                [
                    136,
                    78,
                    0.4769735038280487
                ],
                [
                    152,
                    86,
                    0.5125453472137451
                ],
                [
                    136,
                    70,
                    0.2778226137161255
                ],
                [
                    168,
                    86,
                    0.4956345558166504
                ],
                [
                    296,
                    164,
                    1.0190117359161377
                ]
            ]
        }
    ],
    "category_id": 1
}