{
    "info": {
        "video_name": "1_246",
        "resolution": [
            320,
            180
        ],
        "num_frame": 4,
        "num_keypoints": 18,
        "keypoint_channels": [
            "x",
            "y",
            "score"
        ],
        "version": "1.0"
    },
    "annotations": [
        {
            "frame_index": 0,
            "id": 0,
            "person_id": null,
            "keypoints": [
                [
                    296,
                    0,
                    0.026413461193442345
                ],
                [
                    152,
                    117,
                    0.6355201005935669
                ],
                [
                    96,
                    125,
                    0.6329009532928467
                ],
                [
                    88,
                    148,
                    0.02348249964416027
                ],
                [
                    296,
                    0,
                    0.019363829866051674
                ],
                [
                    200,
                    117,
                    0.660476565361023
                ],
                [
                    296,
                    164,
                    0.02437596209347248
                ],
                [
                    16,
                    7,
                    0.028501426801085472
                ],
                [
                    72,
                    172,
                    0.028473513200879097
                ],
                [
                    312,
                    172,
                    0.02864028513431549
                ],
                [
                    0,
                    15,
                    0.013895010575652122
                ],
                [
                    16,
                    7,
                    0.024030379951000214
                ],
                [
                    312,
                    164,
                    0.023559805005788803
                ],
                [
                    312,
                    172,
                    0.01709485426545143
                ],
                [
                    152,
                    93,
                    0.01423240453004837
                ],
                [
                    144,
                    93,
                    0.09537151455879211
                ],
                [
                    304,
                    156,
                    0.015569087117910385
                ],
                [
                    168,
                    62,
                    0.6755816340446472
                ],
                [
                    304,
                    0,
                    1.005353331565857
                ]
            ]
        },
        {
            "frame_index": 1,
            "id": 1,
            "person_id": null,
            "keypoints": [
                [
                    128,
                    46,
                    0.07671260833740234
                ],
                [
                    152,
                    117,
                    0.6603056788444519
                ],
                [
                    96,
                    117,
                    0.6254222393035889
                ],
                [
                    296,
                    156,
                    0.021117666736245155
                ],
                [
                    296,
                    0,
                    0.01838642917573452
                ],
                [
                    200,
                    117,
                    0.6796282529830933
                ],
                [
                    208,
                    148,
                    0.02448018454015255
                ],
                [
                    16,
                    7,
                    0.02847781963646412
                ],
                [
                    72,
                    172,
                    0.0262285303324461
                ],
                [
                    312,
                    172,
                    0.028591856360435486
                ],
                [
                    0,
                    15,
                    0.01391885057091713
                ],
                [
                    16,
                    7,
                    0.024075549095869064
                ],
                [
                    312,
                    164,
                    0.02347497269511223
                ],
                [
                    312,
                    172,
                    0.01712978258728981
                ],
                [
                    128,
                    39,
                    0.024649929255247116
                ],
                [
                    136,
                    39,
                    0.03584805876016617
                ],
                [
                    304,
                    156,
                    0.015669528394937515
                ],
                [
                    168,
                    62,
                    0.7010110020637512
                ],
                [
                    304,
                    109,
                    1.004347801208496
                ]
            ]
        },
        {
            "frame_index": 2,
            "id": 2,
            "person_id": null,
            "keypoints": [
                [
                    136,
                    46,
                    0.05224527046084404
                ],
                [
                    152,
                    117,
                    0.6669178605079651
                ],
                [
                    96,
                    117,
                    0.632902204990387
                ],
                [
                    296,
                    156,
                    0.021238531917333603
                ],
                [
                    296,
                    0,
                    0.01967485249042511
                ],
                [
                    200,
                    117,
                    0.6808558106422424
                ],
                [
                    296,
                    164,
                    0.023594127967953682
                ],
                [
                    16,
                    7,
                    0.027274111285805702
                ],
                [
                    72,
                    172,
                    0.027212467044591904
                ],
                [
                    312,
                    172,
                    0.028153255581855774
                ],
                [
                    0,
                    15,
                    0.013629809021949768
                ],
                [
                    312,
                    164,
                    0.023148350417613983
                ],
                [
                    312,
                    164,
                    0.02365289255976677
                ],
                [
                    312,
                    172,
                    0.016775814816355705
                ],
                [
                    312,
                    7,
                    0.014393754303455353
                ],
                [
                    144,
                    93,
                    0.044082142412662506
                ],
                [
                    304,
                    156,
                    0.015768416225910187
                ],
                [
                    168,
                    62,
                    0.6992521286010742
                ],
                [
                    304,
                    0,
                    1.005689263343811
                ]
            ]
        },
        {
            "frame_index": 3,
            "id": 3,
            "person_id": null,
            "keypoints": [
                [
                    136,
                    101,
                    0.40139222145080566
                ],
                [
                    152,
                    125,
                    0.6239855289459229
                ],
                [
                    96,
                    125,
                    0.6663292050361633
                ],
                [
                    88,
                    148,
                    0.027885839343070984
                ],
                [
                    296,
                    0,
                    0.019483935087919235
                ],
                [
                    200,
                    117,
                    0.6567829847335815
                ],
                [
                    208,
                    148,
                    0.025326890870928764
                ],
                [
                    16,
                    7,
                    0.03360302001237869
                ],
                [
                    72,
                    172,
                    0.02663506008684635
                ],
                [
                    312,
                    172,
                    0.028481096029281616
                ],
                [
                    0,
                    15,
                    0.015184404328465462
                ],
                [
                    16,
                    7,
                    0.023974034935235977
                ],
                [
                    312,
                    164,
                    0.023763319477438927
                ],
                [
                    312,
                    172,
                    0.01716509461402893
                ],
                [
                    128,
                    93,
                    0.40437912940979004
                ],
                [
                    144,
                    93,
                    0.6942433714866638
                ],
                [
                    112,
                    78,
                    0.03608948737382889
                ],
                [
                    168,
                    62,
                    0.44990307092666626
                ],
                [
                    304,
                    0,
                    1.0051772594451904
                ]
            ]
        }
    ],
    "category_id": 1
}