{
    "info": {
        "video_name": "1_259",
        "resolution": [
            320,
            180
        ],
        "num_frame": 2,
        "num_keypoints": 18,
        "keypoint_channels": [
            "x",
            "y",
            "score"
        ],
        "version": "1.0"
    },
    "annotations": [
        {
            "frame_index": 0,
            "id": 0,
            "person_id": null,
            "keypoints": [
                [
                    56,
                    125,
                    0.3989179730415344
                ],
                [
                    168,
                    93,
                    0.6257773041725159
                ],
                [
                    128,
                    93,
                    0.6552687287330627
                ],
                [
                    96,
                    148,
                    0.618864119052887
                ],
                [
                    160,
                    148,
                    0.36426979303359985
                ],
                [
                    208,
                    86,
                    0.6021236777305603
                ],
                [
                    216,
                    140,
                    0.34630128741264343
                ],
                [
                    208,
                    140,
                    0.2219286561012268
                ],
                [
                    56,
                    164,
                    0.10007493197917938
                ],
                [
                    304,
                    164,
                    0.020244702696800232
                ],
                [
                    160,
                    164,
                    0.026766015216708183
                ],
                [
                    56,
                    172,
                    0.07586300373077393
                ],
                [
                    56,
                    172,
                    0.019968707114458084
                ],
                [
                    160,
                    164,
                    0.030452419072389603
                ],
                [
                    56,
                    125,
                    0.36567938327789307
                ],
                [
                    56,
                    125,
                    0.40295469760894775
                ],
                [
                    144,
                    62,
                    0.7210373282432556
                ],
                [
                    56,
                    125,
                    0.32342714071273804
                ],
                [
                    304,
                    101,
                    1.0050535202026367
                ]
            ]
        },
        {
            "frame_index": 1,
            "id": 1,
            "person_id": null,
            "keypoints": [
                [
                    56,
                    125,
                    0.3094918727874756
                ],
                [
                    168,
                    93,
                    0.614401638507843
                ],
                [
                    128,
                    93,
                    0.6444093585014343
                ],
                [
                    96,
                    148,
                    0.6375950574874878
                ],
                [
                    160,
                    148,
                    0.3816671669483185
                ],
                [
                    208,
                    86,
                    0.6052937507629395
                ],
                [
                    216,
                    140,
                    0.38573580980300903
                ],
                [
                    208,
                    140,
                    0.22328752279281616
                ],
                [
                    56,
                    164,
                    0.07955290377140045
                ],
                [
                    304,
                    164,
                    0.020444680005311966
                ],
                [
                    160,
                    164,
                    0.025996096432209015
                ],
                [
                    56,
                    172,
                    0.05767890810966492
                ],
                [
                    56,
                    172,
                    0.01739354431629181
                ],
                [
                    160,
                    164,
                    0.030044803395867348
                ],
                [
                    56,
                    125,
                    0.2845962941646576
                ],
                [
                    56,
                    125,
                    0.3108716607093811
                ],
                [
                    144,
                    62,
                    0.6974924206733704
                ],
                [
                    56,
                    125,
                    0.254673570394516
                ],
                [
                    304,
                    101,
                    1.0077580213546753
                ]
            ]
        }
    ],
    "category_id": 1
}