{
    "info": {
        "video_name": "1_25",
        "resolution": [
            320,
            180
        ],
        "num_frame": 2,
        "num_keypoints": 18,
        "keypoint_channels": [
            "x",
            "y",
            "score"
        ],
        "version": "1.0"
    },
    "annotations": [
        {
            "frame_index": 0,
            "id": 0,
            "person_id": null,
            "keypoints": [
                [
                    144,
                    31,
                    0.18373332917690277
                ],
                [
                    144,
                    109,
                    0.7275761365890503
                ],
                [
                    96,
                    109,
                    0.6098212003707886
                ],
                [
                    96,
                    148,
                    0.0226509477943182
                ],
                [
                    296,
                    0,
                    0.017834117636084557
                ],
                [
                    184,
                    109,
                    0.6988463401794434
                ],
                [
                    184,
                    148,
                    0.053924672305583954
                ],
                [
                    152,
                    15,
                    0.024307241663336754
                ],
                [
                    136,
                    172,
                    0.03531349077820778
                ],
                [
                    112,
                    172,
                    0.032007016241550446
                ],
                [
                    96,
                    172,
                    0.016273748129606247
                ],
                [
                    184,
                    172,
                    0.030724629759788513
                ],
                [
                    184,
                    172,
                    0.022109778597950935
                ],
                [
                    304,
                    172,
                    0.012802806682884693
                ],
                [
                    136,
                    23,
                    0.14597536623477936
                ],
                [
                    152,
                    23,
                    0.3590864837169647
                ],
                [
                    128,
                    54,
                    0.655023992061615
                ],
                [
                    168,
                    39,
                    0.16125810146331787
                ],
                [
                    304,
                    0,
                    1.0217878818511963
                ]
            ]
        },
        {
            "frame_index": 1,
            "id": 1,
            "person_id": null,
            "keypoints": [
                [
                    160,
                    54,
                    0.3002064824104309
                ],
                [
                    144,
                    109,
                    0.744512677192688
                ],
                [
                    96,
                    109,
                    0.6379817128181458
                ],
                [
                    96,
                    148,
                    0.02743767946958542
                ],
                [
                    296,
                    0,
                    0.01563318260014057
                ],
                [
                    184,
                    109,
                    0.7238809466362
                ],
                [
                    184,
                    148,
                    0.04584585875272751
                ],
                [
                    296,
                    7,
                    0.020661337301135063
                ],
                [
                    136,
                    172,
                    0.03443433716893196
                ],
                [
                    112,
                    172,
                    0.03127481788396835
                ],
                [
                    296,
                    15,
                    0.015739616006612778
                ],
                [
                    96,
                    172,
                    0.029165886342525482
                ],
                [
                    96,
                    172,
                    0.021378815174102783
                ],
                [
                    304,
                    172,
                    0.013255292549729347
                ],
                [
                    152,
                    46,
                    0.23126447200775146
                ],
                [
                    168,
                    39,
                    0.140749990940094
                ],
                [
                    128,
                    54,
                    0.7245461344718933
                ],
                [
                    168,
                    39,
                    0.023359905928373337
                ],
                [
                    304,
                    0,
                    1.0169265270233154
                ]
            ]
        }
    ],
    "category_id": 1
}