{
    "info": {
        "video_name": "1_258",
        "resolution": [
            320,
            180
        ],
        "num_frame": 3,
        "num_keypoints": 18,
        "keypoint_channels": [
            "x",
            "y",
            "score"
        ],
        "version": "1.0"
    },
    "annotations": [
        {
            "frame_index": 0,
            "id": 0,
            "person_id": null,
            "keypoints": [
                [
                    160,
                    46,
                    0.3333428204059601
                ],
                [
                    152,
                    101,
                    0.5835155248641968
                ],
                [
                    96,
                    109,
                    0.6096399426460266
                ],
                [
                    80,
                    148,
                    0.08798359334468842
                ],
                [
                    312,
                    0,
                    0.015389600768685341
                ],
                [
                    208,
                    101,
                    0.6529465317726135
                ],
                [
                    208,
                    148,
                    0.050088733434677124
                ],
                [
                    296,
                    7,
                    0.024512214586138725
                ],
                [
                    80,
                    172,
                    0.03233911469578743
                ],
                [
                    304,
                    164,
                    0.02622116729617119
                ],
                [
                    304,
                    156,
                    0.012064289301633835
                ],
                [
                    312,
                    0,
                    0.02038579434156418
                ],
                [
                    200,
                    101,
                    0.012463705614209175
                ],
                [
                    304,
                    172,
                    0.019886231049895287
                ],
                [
                    152,
                    39,
                    0.34293222427368164
                ],
                [
                    168,
                    39,
                    0.29410094022750854
                ],
                [
                    120,
                    70,
                    0.7376291155815125
                ],
                [
                    184,
                    54,
                    0.4324643909931183
                ],
                [
                    304,
                    86,
                    0.9991366267204285
                ]
            ]
        },
        {
            "frame_index": 1,
            "id": 1,
            "person_id": null,
            "keypoints": [
                [
                    160,
                    62,
                    0.4723816215991974
                ],
                [
                    152,
                    101,
                    0.6666088700294495
                ],
                [
                    96,
                    109,
                    0.5980049967765808
                ],
                [
                    80,
                    148,
                    0.09354092180728912
                ],
                [
                    296,
                    0,
                    0.01502162218093872
                ],
                [
                    208,
                    101,
                    0.6211352348327637
                ],
                [
                    216,
                    148,
                    0.05523788183927536
                ],
                [
                    296,
                    7,
                    0.023936884477734566
                ],
                [
                    80,
                    172,
                    0.03529857099056244
                ],
                [
                    304,
                    164,
                    0.026615239679813385
                ],
                [
                    304,
                    156,
                    0.01146981492638588
                ],
                [
                    312,
                    0,
                    0.019979212433099747
                ],
                [
                    168,
                    62,
                    0.013312090188264847
                ],
                [
                    304,
                    172,
                    0.019882285967469215
                ],
                [
                    152,
                    54,
                    0.4665970802307129
                ],
                [
                    168,
                    54,
                    0.5241344571113586
                ],
                [
                    120,
                    62,
                    0.7181613445281982
                ],
                [
                    184,
                    54,
                    0.6773378849029541
                ],
                [
                    304,
                    86,
                    0.9979269504547119
                ]
            ]
        },
        {
            "frame_index": 2,
            "id": 2,
            "person_id": null,
            "keypoints": [
                [
                    160,
                    54,
                    0.1617821604013443
                ],
                [
                    152,
                    101,
                    0.6712619066238403
                ],
                [
                    96,
                    109,
                    0.5845882892608643
                ],
                [
                    80,
                    148,
                    0.08995507657527924
                ],
                [
                    296,
                    0,
                    0.015074517577886581
                ],
                [
                    208,
                    93,
                    0.6077420115470886
                ],
                [
                    216,
                    148,
                    0.055632367730140686
                ],
                [
                    296,
                    7,
                    0.02382759563624859
                ],
                [
                    80,
                    172,
                    0.032455556094646454
                ],
                [
                    304,
                    164,
                    0.027682088315486908
                ],
                [
                    304,
                    156,
                    0.010071521624922752
                ],
                [
                    312,
                    0,
                    0.019986901432275772
                ],
                [
                    176,
                    54,
                    0.012567168101668358
                ],
                [
                    304,
                    172,
                    0.01983601786196232
                ],
                [
                    144,
                    46,
                    0.17441913485527039
                ],
                [
                    168,
                    46,
                    0.15879009664058685
                ],
                [
                    120,
                    62,
                    0.6604294180870056
                ],
                [
                    184,
                    54,
                    0.5881485939025879
                ],
                [
                    304,
                    86,
                    0.9981253147125244
                ]
            ]
        }
    ],
    "category_id": 1
}