{
    "info": {
        "video_name": "1_256",
        "resolution": [
            320,
            180
        ],
        "num_frame": 3,
        "num_keypoints": 18,
        "keypoint_channels": [
            "x",
            "y",
            "score"
        ],
        "version": "1.0"
    },
    "annotations": [
        {
            "frame_index": 0,
            "id": 0,
            "person_id": null,
            "keypoints": [
                [
                    144,
                    86,
                    0.460685133934021
                ],
                [
                    152,
                    93,
                    0.7045981287956238
                ],
                [
                    120,
                    93,
                    0.704194962978363
                ],
                [
                    112,
                    156,
                    0.2503008544445038
                ],
                [
                    8,
                    148,
                    0.038623563945293427
                ],
                [
                    184,
                    93,
                    0.5811861157417297
                ],
                [
                    192,
                    148,
                    0.09841573983430862
                ],
                [
                    8,
                    148,
                    0.04391537606716156
                ],
                [
                    0,
                    148,
                    0.06785915791988373
                ],
                [
                    0,
                    148,
                    0.027205657213926315
                ],
                [
                    8,
                    164,
                    0.023838454857468605
                ],
                [
                    8,
                    148,
                    0.07919830828905106
                ],
                [
                    16,
                    148,
                    0.024113215506076813
                ],
                [
                    8,
                    164,
                    0.022515837103128433
                ],
                [
                    144,
                    78,
                    0.40900781750679016
                ],
                [
                    160,
                    78,
                    0.4363638758659363
                ],
                [
                    144,
                    62,
                    0.10686440020799637
                ],
                [
                    168,
                    78,
                    0.31541183590888977
                ],
                [
                    296,
                    164,
                    1.0018832683563232
                ]
            ]
        },
        {
            "frame_index": 1,
            "id": 1,
            "person_id": null,
            "keypoints": [
                [
                    144,
                    86,
                    0.6123384833335876
                ],
                [
                    152,
                    93,
                    0.6828450560569763
                ],
                [
                    120,
                    93,
                    0.703156590461731
                ],
                [
                    128,
                    156,
                    0.20021362602710724
                ],
                [
                    8,
                    148,
                    0.042064957320690155
                ],
                [
                    184,
                    93,
                    0.6109291315078735
                ],
                [
                    176,
                    156,
                    0.2890489101409912
                ],
                [
                    8,
                    148,
                    0.04619061201810837
                ],
                [
                    0,
                    148,
                    0.07109177857637405
                ],
                [
                    0,
                    148,
                    0.030153628438711166
                ],
                [
                    8,
                    164,
                    0.026872873306274414
                ],
                [
                    8,
                    148,
                    0.08690027892589569
                ],
                [
                    16,
                    148,
                    0.027267854660749435
                ],
                [
                    8,
                    164,
                    0.024533957242965698
                ],
                [
                    144,
                    78,
                    0.5908840894699097
                ],
                [
                    152,
                    78,
                    0.6075296998023987
                ],
                [
                    136,
                    70,
                    0.233247309923172
                ],
                [
                    168,
                    78,
                    0.3739706575870514
                ],
                [
                    296,
                    164,
                    1.0015352964401245
                ]
            ]
        },
        {
            "frame_index": 2,
            "id": 2,
            "person_id": null,
            "keypoints": [
                [
                    144,
                    86,
                    0.56148362159729
                ],
                [
                    152,
                    93,
                    0.6938580274581909
                ],
                [
                    120,
                    93,
                    0.706327497959137
                ],
                [
                    128,
                    156,
                    0.230684295296669
                ],
                [
                    8,
                    148,
                    0.03137750178575516
                ],
                [
                    184,
                    86,
                    0.5554983615875244
                ],
                [
                    192,
                    117,
                    0.32938385009765625
                ],
                [
                    184,
                    148,
                    0.1741989701986313
                ],
                [
                    136,
                    164,
                    0.06580068171024323
                ],
                [
                    0,
                    148,
                    0.02497553825378418
                ],
                [
                    128,
                    164,
                    0.023981906473636627
                ],
                [
                    8,
                    148,
                    0.06849709153175354
                ],
                [
                    16,
                    148,
                    0.02241254597902298
                ],
                [
                    8,
                    164,
                    0.0198847446590662
                ],
                [
                    144,
                    78,
                    0.5231750011444092
                ],
                [
                    152,
                    78,
                    0.5602762699127197
                ],
                [
                    136,
                    70,
                    0.17138507962226868
                ],
                [
                    168,
                    78,
                    0.33206412196159363
                ],
                [
                    296,
                    164,
                    1.0017831325531006
                ]
            ]
        }
    ],
    "category_id": 1
}