{
    "info": {
        "video_name": "1_269",
        "resolution": [
            320,
            180
        ],
        "num_frame": 3,
        "num_keypoints": 18,
        "keypoint_channels": [
            "x",
            "y",
            "score"
        ],
        "version": "1.0"
    },
    "annotations": [
        {
            "frame_index": 0,
            "id": 0,
            "person_id": null,
            "keypoints": [
                [
                    136,
                    101,
                    0.5615274310112
                ],
                [
                    144,
                    109,
                    0.54122394323349
                ],
                [
                    88,
                    117,
                    0.5312575697898865
                ],
                [
                    80,
                    148,
                    0.06983059644699097
                ],
                [
                    296,
                    0,
                    0.01888706535100937
                ],
                [
                    192,
                    117,
                    0.6273273825645447
                ],
                [
                    200,
                    148,
                    0.025169221684336662
                ],
                [
                    304,
                    7,
                    0.023487040773034096
                ],
                [
                    272,
                    172,
                    0.026750948280096054
                ],
                [
                    304,
                    164,
                    0.03150714933872223
                ],
                [
                    0,
                    156,
                    0.018638070672750473
                ],
                [
                    296,
                    0,
                    0.026819415390491486
                ],
                [
                    312,
                    156,
                    0.015127992257475853
                ],
                [
                    304,
                    172,
                    0.017903733998537064
                ],
                [
                    136,
                    93,
                    0.6323912143707275
                ],
                [
                    144,
                    93,
                    0.6793241500854492
                ],
                [
                    120,
                    93,
                    0.5114903450012207
                ],
                [
                    160,
                    78,
                    0.4757433235645294
                ],
                [
                    304,
                    0,
                    1.0175009965896606
                ]
            ]
        },
        {
            "frame_index": 1,
            "id": 1,
            "person_id": null,
            "keypoints": [
                [
                    136,
                    109,
                    0.6256032586097717
                ],
                [
                    144,
                    117,
                    0.4912671148777008
                ],
                [
                    96,
                    109,
                    0.5173090696334839
                ],
                [
                    80,
                    148,
                    0.07451681792736053
                ],
                [
                    296,
                    0,
                    0.018504703417420387
                ],
                [
                    192,
                    117,
                    0.6190391182899475
                ],
                [
                    208,
                    148,
                    0.025601083412766457
                ],
                [
                    304,
                    7,
                    0.023277869448065758
                ],
                [
                    272,
                    172,
                    0.03059563785791397
                ],
                [
                    304,
                    164,
                    0.03226641193032265
                ],
                [
                    0,
                    156,
                    0.018570110201835632
                ],
                [
                    296,
                    0,
                    0.02670089527964592
                ],
                [
                    312,
                    156,
                    0.015705836936831474
                ],
                [
                    304,
                    172,
                    0.018439607694745064
                ],
                [
                    128,
                    93,
                    0.5919432640075684
                ],
                [
                    144,
                    93,
                    0.6697995662689209
                ],
                [
                    112,
                    86,
                    0.31727081537246704
                ],
                [
                    160,
                    93,
                    0.5156736373901367
                ],
                [
                    304,
                    0,
                    1.0189874172210693
                ]
            ]
        },
        {
            "frame_index": 2,
            "id": 2,
            "person_id": null,
            "keypoints": [
                [
                    136,
                    109,
                    0.6120227575302124
                ],
                [
                    144,
                    109,
                    0.4865163266658783
                ],
                [
                    96,
                    117,
                    0.5329738259315491
                ],
                [
                    80,
                    148,
                    0.06908118724822998
                ],
                [
                    296,
                    0,
                    0.018373407423496246
                ],
                [
                    192,
                    117,
                    0.6174396276473999
                ],
                [
                    304,
                    164,
                    0.024925174191594124
                ],
                [
                    304,
                    7,
                    0.02287851832807064
                ],
                [
                    272,
                    172,
                    0.031023548915982246
                ],
                [
                    304,
                    164,
                    0.03233060613274574
                ],
                [
                    0,
                    156,
                    0.01815667189657688
                ],
                [
                    296,
                    0,
                    0.026456251740455627
                ],
                [
                    312,
                    156,
                    0.01572190411388874
                ],
                [
                    304,
                    172,
                    0.018478088080883026
                ],
                [
                    128,
                    93,
                    0.5860543847084045
                ],
                [
                    144,
                    93,
                    0.6548957824707031
                ],
                [
                    120,
                    86,
                    0.30102819204330444
                ],
                [
                    160,
                    93,
                    0.5033450722694397
                ],
                [
                    304,
                    0,
                    1.0166544914245605
                ]
            ]
        }
    ],
    "category_id": 1
}