{
    "info": {
        "video_name": "1_262",
        "resolution": [
            320,
            180
        ],
        "num_frame": 4,
        "num_keypoints": 18,
        "keypoint_channels": [
            "x",
            "y",
            "score"
        ],
        "version": "1.0"
    },
    "annotations": [
        {
            "frame_index": 0,
            "id": 0,
            "person_id": null,
            "keypoints": [
                [
                    160,
                    39,
                    0.13345447182655334
                ],
                [
                    160,
                    101,
                    0.6281660199165344
                ],
                [
                    104,
                    101,
                    0.6225084066390991
                ],
                [
                    88,
                    148,
                    0.036085329949855804
                ],
                [
                    200,
                    172,
                    0.026101242750883102
                ],
                [
                    216,
                    101,
                    0.552077054977417
                ],
                [
                    200,
                    156,
                    0.1140340119600296
                ],
                [
                    152,
                    117,
                    0.12039066851139069
                ],
                [
                    200,
                    172,
                    0.05184507369995117
                ],
                [
                    208,
                    164,
                    0.014995593577623367
                ],
                [
                    200,
                    156,
                    0.023738984018564224
                ],
                [
                    200,
                    172,
                    0.05622468888759613
                ],
                [
                    200,
                    172,
                    0.027377691119909286
                ],
                [
                    296,
                    7,
                    0.012685950845479965
                ],
                [
                    152,
                    31,
                    0.1307072788476944
                ],
                [
                    176,
                    46,
                    0.12188158184289932
                ],
                [
                    120,
                    62,
                    0.23901614546775818
                ],
                [
                    184,
                    54,
                    0.5795712471008301
                ],
                [
                    304,
                    0,
                    1.027212381362915
                ]
            ]
        },
        {
            "frame_index": 1,
            "id": 1,
            "person_id": null,
            "keypoints": [
                [
                    136,
                    54,
                    0.14611588418483734
                ],
                [
                    144,
                    101,
                    0.6521810293197632
                ],
                [
                    96,
                    101,
                    0.6095587611198425
                ],
                [
                    200,
                    172,
                    0.05118219181895256
                ],
                [
                    200,
                    172,
                    0.0384116992354393
                ],
                [
                    208,
                    101,
                    0.5519410967826843
                ],
                [
                    200,
                    156,
                    0.141851544380188
                ],
                [
                    152,
                    125,
                    0.18928948044776917
                ],
                [
                    192,
                    172,
                    0.060029786080121994
                ],
                [
                    208,
                    164,
                    0.022760778665542603
                ],
                [
                    200,
                    164,
                    0.018668174743652344
                ],
                [
                    192,
                    172,
                    0.0873672366142273
                ],
                [
                    200,
                    172,
                    0.05739021301269531
                ],
                [
                    296,
                    7,
                    0.013159619644284248
                ],
                [
                    136,
                    39,
                    0.09604530036449432
                ],
                [
                    160,
                    46,
                    0.053228169679641724
                ],
                [
                    112,
                    62,
                    0.40354958176612854
                ],
                [
                    168,
                    54,
                    0.5449371337890625
                ],
                [
                    304,
                    0,
                    1.032898187637329
                ]
            ]
        },
        {
            "frame_index": 2,
            "id": 2,
            "person_id": null,
            "keypoints": [
                [
                    184,
                    46,
                    0.06623711436986923
                ],
                [
                    160,
                    101,
                    0.649552583694458
                ],
                [
                    104,
                    101,
                    0.6541752815246582
                ],
                [
                    200,
                    164,
                    0.04122282192111015
                ],
                [
                    160,
                    125,
                    0.039270393550395966
                ],
                [
                    216,
                    101,
                    0.5375431180000305
                ],
                [
                    208,
                    156,
                    0.12160448729991913
                ],
                [
                    160,
                    125,
                    0.28736597299575806
                ],
                [
                    200,
                    172,
                    0.05605758726596832
                ],
                [
                    208,
                    164,
                    0.01329849287867546
                ],
                [
                    200,
                    156,
                    0.023990852758288383
                ],
                [
                    200,
                    172,
                    0.0658460408449173
                ],
                [
                    200,
                    172,
                    0.027958910912275314
                ],
                [
                    296,
                    7,
                    0.012996857985854149
                ],
                [
                    152,
                    39,
                    0.043990518897771835
                ],
                [
                    184,
                    46,
                    0.04681005701422691
                ],
                [
                    128,
                    70,
                    0.6310300827026367
                ],
                [
                    184,
                    46,
                    0.05363931506872177
                ],
                [
                    304,
                    0,
                    1.0313246250152588
                ]
            ]
        },
        {
            "frame_index": 3,
            "id": 3,
            "person_id": null,
            "keypoints": [
                [
                    120,
                    46,
                    0.1145525649189949
                ],
                [
                    144,
                    101,
                    0.6327826976776123
                ],
                [
                    96,
                    101,
                    0.6263036727905273
                ],
                [
                    200,
                    172,
                    0.04990595206618309
                ],
                [
                    200,
                    172,
                    0.03366519510746002
                ],
                [
                    200,
                    101,
                    0.508682131767273
                ],
                [
                    200,
                    156,
                    0.1346496343612671
                ],
                [
                    144,
                    117,
                    0.3745986819267273
                ],
                [
                    192,
                    172,
                    0.05005714297294617
                ],
                [
                    208,
                    93,
                    0.04372357204556465
                ],
                [
                    208,
                    164,
                    0.020846586674451828
                ],
                [
                    200,
                    172,
                    0.06759025901556015
                ],
                [
                    216,
                    93,
                    0.08373104780912399
                ],
                [
                    144,
                    125,
                    0.014180204831063747
                ],
                [
                    120,
                    39,
                    0.10399171710014343
                ],
                [
                    120,
                    39,
                    0.12486311048269272
                ],
                [
                    104,
                    46,
                    0.036147717386484146
                ],
                [
                    160,
                    54,
                    0.7215003371238708
                ],
                [
                    304,
                    0,
                    1.0374038219451904
                ]
            ]
        }
    ],
    "category_id": 1
}