{
    "info": {
        "video_name": "1_272",
        "resolution": [
            320,
            180
        ],
        "num_frame": 3,
        "num_keypoints": 18,
        "keypoint_channels": [
            "x",
            "y",
            "score"
        ],
        "version": "1.0"
    },
    "annotations": [
        {
            "frame_index": 0,
            "id": 0,
            "person_id": null,
            "keypoints": [
                [
                    144,
                    109,
                    0.5821854472160339
                ],
                [
                    160,
                    117,
                    0.561310887336731
                ],
                [
                    104,
                    125,
                    0.5637816190719604
                ],
                [
                    88,
                    148,
                    0.03735750913619995
                ],
                [
                    296,
                    0,
                    0.019920436665415764
                ],
                [
                    200,
                    125,
                    0.5580968260765076
                ],
                [
                    216,
                    148,
                    0.02591363899409771
                ],
                [
                    304,
                    7,
                    0.02427845261991024
                ],
                [
                    0,
                    140,
                    0.02705192007124424
                ],
                [
                    304,
                    164,
                    0.030183833092451096
                ],
                [
                    0,
                    156,
                    0.018956854939460754
                ],
                [
                    296,
                    0,
                    0.03033481538295746
                ],
                [
                    312,
                    156,
                    0.014250660315155983
                ],
                [
                    304,
                    172,
                    0.01646432653069496
                ],
                [
                    136,
                    101,
                    0.5961318016052246
                ],
                [
                    152,
                    93,
                    0.7125450372695923
                ],
                [
                    120,
                    93,
                    0.19832032918930054
                ],
                [
                    176,
                    86,
                    0.48859238624572754
                ],
                [
                    304,
                    0,
                    1.01363205909729
                ]
            ]
        },
        {
            "frame_index": 1,
            "id": 1,
            "person_id": null,
            "keypoints": [
                [
                    144,
                    109,
                    0.5669865012168884
                ],
                [
                    160,
                    117,
                    0.5876178741455078
                ],
                [
                    104,
                    117,
                    0.5354056358337402
                ],
                [
                    88,
                    148,
                    0.03585853800177574
                ],
                [
                    296,
                    0,
                    0.019150283187627792
                ],
                [
                    200,
                    117,
                    0.5691824555397034
                ],
                [
                    216,
                    148,
                    0.027230633422732353
                ],
                [
                    304,
                    7,
                    0.01982054114341736
                ],
                [
                    0,
                    140,
                    0.025355791673064232
                ],
                [
                    304,
                    164,
                    0.030273303389549255
                ],
                [
                    0,
                    156,
                    0.017779145389795303
                ],
                [
                    296,
                    0,
                    0.021341955289244652
                ],
                [
                    312,
                    156,
                    0.01433512382209301
                ],
                [
                    304,
                    172,
                    0.017098089680075645
                ],
                [
                    136,
                    93,
                    0.605941891670227
                ],
                [
                    152,
                    93,
                    0.6896151900291443
                ],
                [
                    120,
                    86,
                    0.10169803351163864
                ],
                [
                    176,
                    86,
                    0.519122302532196
                ],
                [
                    304,
                    0,
                    1.0189685821533203
                ]
            ]
        },
        {
            "frame_index": 2,
            "id": 2,
            "person_id": null,
            "keypoints": [
                [
                    144,
                    109,
                    0.48102864623069763
                ],
                [
                    160,
                    117,
                    0.5758177042007446
                ],
                [
                    104,
                    125,
                    0.5617307424545288
                ],
                [
                    88,
                    148,
                    0.03150641545653343
                ],
                [
                    296,
                    0,
                    0.020784134045243263
                ],
                [
                    200,
                    117,
                    0.5580488443374634
                ],
                [
                    216,
                    148,
                    0.027310194447636604
                ],
                [
                    304,
                    7,
                    0.02117057330906391
                ],
                [
                    0,
                    140,
                    0.02545074000954628
                ],
                [
                    304,
                    164,
                    0.030685260891914368
                ],
                [
                    0,
                    156,
                    0.01686377078294754
                ],
                [
                    296,
                    0,
                    0.022887814790010452
                ],
                [
                    312,
                    156,
                    0.01441863738000393
                ],
                [
                    304,
                    172,
                    0.01710733212530613
                ],
                [
                    136,
                    93,
                    0.5152515769004822
                ],
                [
                    152,
                    93,
                    0.6660377979278564
                ],
                [
                    128,
                    86,
                    0.13236510753631592
                ],
                [
                    176,
                    86,
                    0.5019214749336243
                ],
                [
                    304,
                    0,
                    1.0206363201141357
                ]
            ]
        }
    ],
    "category_id": 1
}