{
    "info": {
        "video_name": "1_277",
        "resolution": [
            320,
            180
        ],
        "num_frame": 7,
        "num_keypoints": 18,
        "keypoint_channels": [
            "x",
            "y",
            "score"
        ],
        "version": "1.0"
    },
    "annotations": [
        {
            "frame_index": 0,
            "id": 0,
            "person_id": null,
            "keypoints": [
                [
                    160,
                    62,
                    0.7357365489006042
                ],
                [
                    168,
                    78,
                    0.5943233966827393
                ],
                [
                    152,
                    78,
                    0.5186039209365845
                ],
                [
                    144,
                    101,
                    0.2831874489784241
                ],
                [
                    152,
                    93,
                    0.14349491894245148
                ],
                [
                    184,
                    86,
                    0.5043027997016907
                ],
                [
                    176,
                    101,
                    0.6840804815292358
                ],
                [
                    160,
                    101,
                    0.5480260848999023
                ],
                [
                    152,
                    117,
                    0.1793680638074875
                ],
                [
                    152,
                    140,
                    0.01595263183116913
                ],
                [
                    8,
                    15,
                    0.01749464124441147
                ],
                [
                    168,
                    117,
                    0.15430580079555511
                ],
                [
                    176,
                    101,
                    0.021627888083457947
                ],
                [
                    304,
                    172,
                    0.01358273159712553
                ],
                [
                    160,
                    54,
                    0.6317167282104492
                ],
                [
                    168,
                    62,
                    0.684011697769165
                ],
                [
                    160,
                    62,
                    0.07995016872882843
                ],
                [
                    176,
                    62,
                    0.5746288299560547
                ],
                [
                    296,
                    164,
                    1.0176539421081543
                ]
            ]
        },
        {
            "frame_index": 1,
            "id": 1,
            "person_id": null,
            "keypoints": [
                [
                    168,
                    62,
                    0.8316213488578796
                ],
                [
                    168,
                    78,
                    0.6688899397850037
                ],
                [
                    152,
                    78,
                    0.672788143157959
                ],
                [
                    144,
                    101,
                    0.35734352469444275
                ],
                [
                    168,
                    101,
                    0.21952222287654877
                ],
                [
                    184,
                    86,
                    0.6136378645896912
                ],
                [
                    184,
                    101,
                    0.6735058426856995
                ],
                [
                    160,
                    101,
                    0.536098062992096
                ],
                [
                    152,
                    117,
                    0.21316799521446228
                ],
                [
                    152,
                    148,
                    0.018363801762461662
                ],
                [
                    168,
                    156,
                    0.012271691113710403
                ],
                [
                    176,
                    117,
                    0.20728258788585663
                ],
                [
                    176,
                    101,
                    0.020129911601543427
                ],
                [
                    304,
                    172,
                    0.01566074602305889
                ],
                [
                    160,
                    62,
                    0.7701652646064758
                ],
                [
                    168,
                    62,
                    0.7954705953598022
                ],
                [
                    160,
                    62,
                    0.5640439391136169
                ],
                [
                    176,
                    62,
                    0.7534076571464539
                ],
                [
                    296,
                    164,
                    1.0174403190612793
                ]
            ]
        },
        {
            "frame_index": 2,
            "id": 2,
            "person_id": null,
            "keypoints": [
                [
                    168,
                    62,
                    0.8643611073493958
                ],
                [
                    168,
                    86,
                    0.7005572319030762
                ],
                [
                    152,
                    78,
                    0.6588096022605896
                ],
                [
                    144,
                    101,
                    0.3661311864852905
                ],
                [
                    160,
                    101,
                    0.18728876113891602
                ],
                [
                    184,
                    86,
                    0.6416065692901611
                ],
                [
                    184,
                    101,
                    0.7137173414230347
                ],
                [
                    160,
                    101,
                    0.6285992860794067
                ],
                [
                    152,
                    125,
                    0.25354844331741333
                ],
                [
                    304,
                    164,
                    0.01576186902821064
                ],
                [
                    48,
                    7,
                    0.013590235263109207
                ],
                [
                    176,
                    125,
                    0.25335249304771423
                ],
                [
                    184,
                    101,
                    0.023836087435483932
                ],
                [
                    48,
                    7,
                    0.01546291634440422
                ],
                [
                    160,
                    62,
                    0.7252505421638489
                ],
                [
                    176,
                    62,
                    0.7626532912254333
                ],
                [
                    160,
                    62,
                    0.5817499160766602
                ],
                [
                    176,
                    62,
                    0.6912675499916077
                ],
                [
                    296,
                    164,
                    1.0129154920578003
                ]
            ]
        },
        {
            "frame_index": 3,
            "id": 3,
            "person_id": null,
            "keypoints": [
                [
                    168,
                    62,
                    0.8570109605789185
                ],
                [
                    168,
                    78,
                    0.7272704243659973
                ],
                [
                    152,
                    78,
                    0.6920604705810547
                ],
                [
                    144,
                    101,
                    0.40609949827194214
                ],
                [
                    160,
                    101,
                    0.24505066871643066
                ],
                [
                    184,
                    86,
                    0.6617289781570435
                ],
                [
                    184,
                    101,
                    0.7487743496894836
                ],
                [
                    160,
                    101,
                    0.6369947195053101
                ],
                [
                    152,
                    125,
                    0.3089998960494995
                ],
                [
                    88,
                    101,
                    0.02902461588382721
                ],
                [
                    296,
                    15,
                    0.012698817998170853
                ],
                [
                    176,
                    125,
                    0.2916434705257416
                ],
                [
                    184,
                    101,
                    0.02422107756137848
                ],
                [
                    304,
                    172,
                    0.014699873514473438
                ],
                [
                    168,
                    62,
                    0.7247734665870667
                ],
                [
                    176,
                    62,
                    0.7671348452568054
                ],
                [
                    160,
                    62,
                    0.6575180292129517
                ],
                [
                    176,
                    62,
                    0.6986598372459412
                ],
                [
                    296,
                    164,
                    1.0078625679016113
                ]
            ]
        },
        {
            "frame_index": 4,
            "id": 4,
            "person_id": null,
            "keypoints": [
                [
                    168,
                    62,
                    0.8794893622398376
                ],
                [
                    168,
                    86,
                    0.7469491958618164
                ],
                [
                    152,
                    78,
                    0.7129796147346497
                ],
                [
                    144,
                    109,
                    0.43272843956947327
                ],
                [
                    160,
                    101,
                    0.23620103299617767
                ],
                [
                    184,
                    86,
                    0.6425126791000366
                ],
                [
                    184,
                    101,
                    0.7509847283363342
                ],
                [
                    160,
                    101,
                    0.5877984762191772
                ],
                [
                    152,
                    125,
                    0.3003729581832886
                ],
                [
                    88,
                    101,
                    0.028918571770191193
                ],
                [
                    160,
                    156,
                    0.016522523015737534
                ],
                [
                    176,
                    125,
                    0.3015088140964508
                ],
                [
                    184,
                    101,
                    0.02402142807841301
                ],
                [
                    304,
                    172,
                    0.013910442590713501
                ],
                [
                    160,
                    54,
                    0.7430267930030823
                ],
                [
                    176,
                    62,
                    0.7758868932723999
                ],
                [
                    160,
                    62,
                    0.5341915488243103
                ],
                [
                    176,
                    62,
                    0.7173096537590027
                ],
                [
                    296,
                    164,
                    1.0131382942199707
                ]
            ]
        },
        {
            "frame_index": 5,
            "id": 5,
            "person_id": null,
            "keypoints": [
                [
                    168,
                    62,
                    0.8004683256149292
                ],
                [
                    168,
                    86,
                    0.725557267665863
                ],
                [
                    152,
                    78,
                    0.6854745149612427
                ],
                [
                    136,
                    101,
                    0.3867220878601074
                ],
                [
                    152,
                    101,
                    0.19688858091831207
                ],
                [
                    184,
                    86,
                    0.6163761019706726
                ],
                [
                    184,
                    109,
                    0.7348651885986328
                ],
                [
                    152,
                    109,
                    0.5864341855049133
                ],
                [
                    152,
                    125,
                    0.2491149604320526
                ],
                [
                    304,
                    164,
                    0.01511148177087307
                ],
                [
                    296,
                    15,
                    0.01504078134894371
                ],
                [
                    176,
                    125,
                    0.20187462866306305
                ],
                [
                    184,
                    101,
                    0.015871534124016762
                ],
                [
                    0,
                    7,
                    0.017771659418940544
                ],
                [
                    160,
                    54,
                    0.8474193215370178
                ],
                [
                    168,
                    54,
                    0.8108944892883301
                ],
                [
                    160,
                    62,
                    0.35930344462394714
                ],
                [
                    176,
                    62,
                    0.7326740622520447
                ],
                [
                    296,
                    164,
                    1.0099327564239502
                ]
            ]
        },
        {
            "frame_index": 6,
            "id": 6,
            "person_id": null,
            "keypoints": [
                [
                    160,
                    62,
                    0.7945162057876587
                ],
                [
                    168,
                    86,
                    0.7142749428749084
                ],
                [
                    152,
                    86,
                    0.6418176293373108
                ],
                [
                    136,
                    101,
                    0.39755013585090637
                ],
                [
                    152,
                    101,
                    0.1883275955915451
                ],
                [
                    184,
                    86,
                    0.5891866683959961
                ],
                [
                    184,
                    109,
                    0.7680151462554932
                ],
                [
                    152,
                    109,
                    0.6272174119949341
                ],
                [
                    152,
                    125,
                    0.24200814962387085
                ],
                [
                    144,
                    148,
                    0.01726130023598671
                ],
                [
                    296,
                    15,
                    0.01748409867286682
                ],
                [
                    176,
                    125,
                    0.1626863032579422
                ],
                [
                    160,
                    140,
                    0.01948685385286808
                ],
                [
                    304,
                    172,
                    0.013521798886358738
                ],
                [
                    160,
                    54,
                    0.841284453868866
                ],
                [
                    168,
                    54,
                    0.8202944397926331
                ],
                [
                    152,
                    62,
                    0.1972564458847046
                ],
                [
                    176,
                    62,
                    0.655954897403717
                ],
                [
                    312,
                    70,
                    1.0080584287643433
                ]
            ]
        }
    ],
    "category_id": 1
}