{
    "info": {
        "video_name": "1_283",
        "resolution": [
            320,
            180
        ],
        "num_frame": 6,
        "num_keypoints": 18,
        "keypoint_channels": [
            "x",
            "y",
            "score"
        ],
        "version": "1.0"
    },
    "annotations": [
        {
            "frame_index": 0,
            "id": 0,
            "person_id": null,
            "keypoints": [
                [
                    128,
                    93,
                    0.47533130645751953
                ],
                [
                    136,
                    101,
                    0.6643369197845459
                ],
                [
                    96,
                    101,
                    0.6914876699447632
                ],
                [
                    80,
                    148,
                    0.24154981970787048
                ],
                [
                    288,
                    140,
                    0.04134909808635712
                ],
                [
                    176,
                    101,
                    0.7029427289962769
                ],
                [
                    184,
                    148,
                    0.28526628017425537
                ],
                [
                    168,
                    140,
                    0.04937896877527237
                ],
                [
                    288,
                    148,
                    0.11975696682929993
                ],
                [
                    304,
                    164,
                    0.03345894441008568
                ],
                [
                    288,
                    156,
                    0.02742890827357769
                ],
                [
                    288,
                    140,
                    0.10960059612989426
                ],
                [
                    288,
                    148,
                    0.044689252972602844
                ],
                [
                    304,
                    172,
                    0.020887695252895355
                ],
                [
                    128,
                    86,
                    0.59180748462677
                ],
                [
                    136,
                    86,
                    0.6284897327423096
                ],
                [
                    112,
                    70,
                    0.37550047039985657
                ],
                [
                    152,
                    78,
                    0.3953630328178406
                ],
                [
                    304,
                    0,
                    1.025028944015503
                ]
            ]
        },
        {
            "frame_index": 1,
            "id": 1,
            "person_id": null,
            "keypoints": [
                [
                    128,
                    93,
                    0.2432774007320404
                ],
                [
                    136,
                    101,
                    0.6837958097457886
                ],
                [
                    96,
                    101,
                    0.6892567276954651
                ],
                [
                    80,
                    148,
                    0.23032332956790924
                ],
                [
                    288,
                    140,
                    0.04356832802295685
                ],
                [
                    176,
                    101,
                    0.6756356358528137
                ],
                [
                    184,
                    148,
                    0.22850139439105988
                ],
                [
                    280,
                    140,
                    0.04133795201778412
                ],
                [
                    288,
                    148,
                    0.1261155903339386
                ],
                [
                    304,
                    164,
                    0.03305189684033394
                ],
                [
                    288,
                    156,
                    0.02738821692764759
                ],
                [
                    288,
                    140,
                    0.11384416371583939
                ],
                [
                    288,
                    148,
                    0.0436335988342762
                ],
                [
                    304,
                    172,
                    0.020113643258810043
                ],
                [
                    128,
                    54,
                    0.2916696071624756
                ],
                [
                    136,
                    86,
                    0.296845942735672
                ],
                [
                    112,
                    62,
                    0.3639868497848511
                ],
                [
                    152,
                    70,
                    0.3262709081172943
                ],
                [
                    304,
                    0,
                    1.026834487915039
                ]
            ]
        },
        {
            "frame_index": 2,
            "id": 2,
            "person_id": null,
            "keypoints": [
                [
                    128,
                    93,
                    0.43616339564323425
                ],
                [
                    136,
                    101,
                    0.6607393622398376
                ],
                [
                    96,
                    101,
                    0.7234527468681335
                ],
                [
                    80,
                    148,
                    0.22016610205173492
                ],
                [
                    288,
                    140,
                    0.04347251355648041
                ],
                [
                    176,
                    101,
                    0.6957610845565796
                ],
                [
                    184,
                    148,
                    0.27305278182029724
                ],
                [
                    280,
                    140,
                    0.04547403007745743
                ],
                [
                    288,
                    148,
                    0.1362038105726242
                ],
                [
                    304,
                    164,
                    0.033204447478055954
                ],
                [
                    288,
                    156,
                    0.028166424483060837
                ],
                [
                    288,
                    140,
                    0.11470848321914673
                ],
                [
                    288,
                    148,
                    0.04107672721147537
                ],
                [
                    304,
                    172,
                    0.01974691078066826
                ],
                [
                    128,
                    86,
                    0.4623132646083832
                ],
                [
                    136,
                    86,
                    0.5483987927436829
                ],
                [
                    112,
                    62,
                    0.45783621072769165
                ],
                [
                    152,
                    78,
                    0.4003269374370575
                ],
                [
                    304,
                    0,
                    1.0255224704742432
                ]
            ]
        },
        {
            "frame_index": 3,
            "id": 3,
            "person_id": null,
            "keypoints": [
                [
                    128,
                    93,
                    0.34768539667129517
                ],
                [
                    136,
                    101,
                    0.6582226753234863
                ],
                [
                    96,
                    101,
                    0.727687418460846
                ],
                [
                    80,
                    148,
                    0.21514981985092163
                ],
                [
                    288,
                    140,
                    0.028747016564011574
                ],
                [
                    176,
                    101,
                    0.7004405856132507
                ],
                [
                    184,
                    148,
                    0.2709093689918518
                ],
                [
                    168,
                    140,
                    0.030807970091700554
                ],
                [
                    72,
                    172,
                    0.06113335117697716
                ],
                [
                    304,
                    164,
                    0.027115121483802795
                ],
                [
                    192,
                    164,
                    0.020822852849960327
                ],
                [
                    176,
                    172,
                    0.08181905746459961
                ],
                [
                    184,
                    172,
                    0.025566503405570984
                ],
                [
                    304,
                    172,
                    0.01810004934668541
                ],
                [
                    128,
                    86,
                    0.3893900513648987
                ],
                [
                    136,
                    86,
                    0.4561832547187805
                ],
                [
                    112,
                    54,
                    0.6099228262901306
                ],
                [
                    152,
                    70,
                    0.3017505705356598
                ],
                [
                    304,
                    0,
                    1.0277514457702637
                ]
            ]
        },
        {
            "frame_index": 4,
            "id": 4,
            "person_id": null,
            "keypoints": [
                [
                    128,
                    93,
                    0.2928081452846527
                ],
                [
                    136,
                    101,
                    0.6991931200027466
                ],
                [
                    96,
                    101,
                    0.7196077704429626
                ],
                [
                    80,
                    156,
                    0.1329592615365982
                ],
                [
                    120,
                    148,
                    0.08874927461147308
                ],
                [
                    176,
                    101,
                    0.7040261030197144
                ],
                [
                    184,
                    148,
                    0.3463471829891205
                ],
                [
                    120,
                    148,
                    0.15847988426685333
                ],
                [
                    104,
                    156,
                    0.10666321218013763
                ],
                [
                    304,
                    164,
                    0.030104827135801315
                ],
                [
                    192,
                    164,
                    0.021838385611772537
                ],
                [
                    184,
                    172,
                    0.0959140881896019
                ],
                [
                    288,
                    148,
                    0.03313540667295456
                ],
                [
                    304,
                    172,
                    0.01998504251241684
                ],
                [
                    136,
                    54,
                    0.4003438353538513
                ],
                [
                    136,
                    86,
                    0.4433388113975525
                ],
                [
                    120,
                    54,
                    0.6146658658981323
                ],
                [
                    152,
                    70,
                    0.2938137948513031
                ],
                [
                    304,
                    0,
                    1.0248816013336182
                ]
            ]
        },
        {
            "frame_index": 5,
            "id": 5,
            "person_id": null,
            "keypoints": [
                [
                    128,
                    93,
                    0.5490684509277344
                ],
                [
                    136,
                    101,
                    0.6579011678695679
                ],
                [
                    96,
                    101,
                    0.6869664788246155
                ],
                [
                    80,
                    148,
                    0.2502058744430542
                ],
                [
                    296,
                    0,
                    0.02703721635043621
                ],
                [
                    176,
                    101,
                    0.7044073939323425
                ],
                [
                    184,
                    148,
                    0.24625594913959503
                ],
                [
                    168,
                    140,
                    0.041226260364055634
                ],
                [
                    72,
                    172,
                    0.06429426372051239
                ],
                [
                    304,
                    164,
                    0.02621474862098694
                ],
                [
                    192,
                    164,
                    0.01957635208964348
                ],
                [
                    184,
                    172,
                    0.06651920080184937
                ],
                [
                    176,
                    172,
                    0.020694784820079803
                ],
                [
                    304,
                    172,
                    0.01666794903576374
                ],
                [
                    120,
                    86,
                    0.6045154333114624
                ],
                [
                    136,
                    86,
                    0.6677392721176147
                ],
                [
                    112,
                    70,
                    0.3557907044887543
                ],
                [
                    152,
                    78,
                    0.41934430599212646
                ],
                [
                    304,
                    0,
                    1.0245225429534912
                ]
            ]
        }
    ],
    "category_id": 1
}