{
    "info": {
        "video_name": "1_28",
        "resolution": [
            320,
            180
        ],
        "num_frame": 2,
        "num_keypoints": 18,
        "keypoint_channels": [
            "x",
            "y",
            "score"
        ],
        "version": "1.0"
    },
    "annotations": [
        {
            "frame_index": 0,
            "id": 0,
            "person_id": null,
            "keypoints": [
                [
                    152,
                    46,
                    0.24248220026493073
                ],
                [
                    144,
                    109,
                    0.7081142067909241
                ],
                [
                    96,
                    101,
                    0.6278366446495056
                ],
                [
                    96,
                    148,
                    0.04251309484243393
                ],
                [
                    8,
                    0,
                    0.02332414872944355
                ],
                [
                    176,
                    109,
                    0.7086755633354187
                ],
                [
                    184,
                    148,
                    0.0935603529214859
                ],
                [
                    296,
                    7,
                    0.023552825674414635
                ],
                [
                    136,
                    172,
                    0.037552982568740845
                ],
                [
                    112,
                    172,
                    0.026788756251335144
                ],
                [
                    104,
                    172,
                    0.018842369318008423
                ],
                [
                    176,
                    172,
                    0.029592089354991913
                ],
                [
                    176,
                    172,
                    0.019597209990024567
                ],
                [
                    304,
                    172,
                    0.011487290263175964
                ],
                [
                    144,
                    23,
                    0.140473872423172
                ],
                [
                    152,
                    23,
                    0.14882014691829681
                ],
                [
                    128,
                    46,
                    0.8153085112571716
                ],
                [
                    168,
                    54,
                    0.14391550421714783
                ],
                [
                    304,
                    0,
                    1.0159897804260254
                ]
            ]
        },
        {
            "frame_index": 1,
            "id": 1,
            "person_id": null,
            "keypoints": [
                [
                    144,
                    78,
                    0.15771181881427765
                ],
                [
                    144,
                    109,
                    0.7223476767539978
                ],
                [
                    96,
                    101,
                    0.6134886145591736
                ],
                [
                    96,
                    148,
                    0.04025213420391083
                ],
                [
                    8,
                    0,
                    0.022868601605296135
                ],
                [
                    176,
                    109,
                    0.7094515562057495
                ],
                [
                    184,
                    148,
                    0.08720827102661133
                ],
                [
                    296,
                    7,
                    0.02342275343835354
                ],
                [
                    136,
                    172,
                    0.03806018829345703
                ],
                [
                    112,
                    172,
                    0.029399406164884567
                ],
                [
                    104,
                    172,
                    0.018203703686594963
                ],
                [
                    176,
                    172,
                    0.030160803347826004
                ],
                [
                    176,
                    172,
                    0.02001676708459854
                ],
                [
                    104,
                    164,
                    0.011632515117526054
                ],
                [
                    144,
                    70,
                    0.2900718152523041
                ],
                [
                    152,
                    70,
                    0.290431410074234
                ],
                [
                    128,
                    46,
                    0.6756666898727417
                ],
                [
                    160,
                    70,
                    0.17686012387275696
                ],
                [
                    304,
                    0,
                    1.0163805484771729
                ]
            ]
        }
    ],
    "category_id": 1
}