{
    "info": {
        "video_name": "1_282",
        "resolution": [
            320,
            180
        ],
        "num_frame": 4,
        "num_keypoints": 18,
        "keypoint_channels": [
            "x",
            "y",
            "score"
        ],
        "version": "1.0"
    },
    "annotations": [
        {
            "frame_index": 0,
            "id": 0,
            "person_id": null,
            "keypoints": [
                [
                    160,
                    86,
                    0.5034039616584778
                ],
                [
                    176,
                    109,
                    0.7746914625167847
                ],
                [
                    144,
                    109,
                    0.7353743314743042
                ],
                [
                    104,
                    148,
                    0.4989899694919586
                ],
                [
                    120,
                    148,
                    0.03810972720384598
                ],
                [
                    208,
                    109,
                    0.6875205039978027
                ],
                [
                    232,
                    148,
                    0.4285975694656372
                ],
                [
                    232,
                    164,
                    0.05415385961532593
                ],
                [
                    0,
                    140,
                    0.08511678874492645
                ],
                [
                    104,
                    164,
                    0.03466689586639404
                ],
                [
                    104,
                    164,
                    0.025022268295288086
                ],
                [
                    232,
                    172,
                    0.0900900810956955
                ],
                [
                    8,
                    148,
                    0.024078039452433586
                ],
                [
                    304,
                    172,
                    0.019886653870344162
                ],
                [
                    160,
                    86,
                    0.569901168346405
                ],
                [
                    168,
                    86,
                    0.5948783159255981
                ],
                [
                    8,
                    125,
                    0.04233585670590401
                ],
                [
                    192,
                    70,
                    0.6836246848106384
                ],
                [
                    304,
                    101,
                    1.0082701444625854
                ]
            ]
        },
        {
            "frame_index": 1,
            "id": 1,
            "person_id": null,
            "keypoints": [
                [
                    168,
                    93,
                    0.4198266565799713
                ],
                [
                    176,
                    109,
                    0.7502716183662415
                ],
                [
                    136,
                    109,
                    0.6654843091964722
                ],
                [
                    104,
                    148,
                    0.4999183118343353
                ],
                [
                    128,
                    148,
                    0.029044223949313164
                ],
                [
                    208,
                    109,
                    0.7347566485404968
                ],
                [
                    232,
                    148,
                    0.41911470890045166
                ],
                [
                    232,
                    164,
                    0.04895515739917755
                ],
                [
                    0,
                    140,
                    0.08493059128522873
                ],
                [
                    8,
                    148,
                    0.03149249777197838
                ],
                [
                    16,
                    156,
                    0.02249692752957344
                ],
                [
                    232,
                    172,
                    0.08381330966949463
                ],
                [
                    8,
                    148,
                    0.024067679420113564
                ],
                [
                    304,
                    172,
                    0.019815718755126
                ],
                [
                    160,
                    86,
                    0.44244542717933655
                ],
                [
                    176,
                    86,
                    0.4123639762401581
                ],
                [
                    8,
                    125,
                    0.042056988924741745
                ],
                [
                    192,
                    70,
                    0.5740224123001099
                ],
                [
                    304,
                    101,
                    1.0087018013000488
                ]
            ]
        },
        {
            "frame_index": 2,
            "id": 2,
            "person_id": null,
            "keypoints": [
                [
                    160,
                    86,
                    0.4429847002029419
                ],
                [
                    176,
                    109,
                    0.7635771036148071
                ],
                [
                    144,
                    109,
                    0.710050642490387
                ],
                [
                    104,
                    148,
                    0.4525476396083832
                ],
                [
                    296,
                    0,
                    0.024342751130461693
                ],
                [
                    208,
                    109,
                    0.6934861540794373
                ],
                [
                    232,
                    148,
                    0.4335440695285797
                ],
                [
                    232,
                    164,
                    0.05280241370201111
                ],
                [
                    0,
                    140,
                    0.0854080319404602
                ],
                [
                    8,
                    148,
                    0.032795500010252
                ],
                [
                    16,
                    156,
                    0.023169882595539093
                ],
                [
                    232,
                    172,
                    0.08684855699539185
                ],
                [
                    8,
                    148,
                    0.024793166667222977
                ],
                [
                    304,
                    172,
                    0.01982773095369339
                ],
                [
                    160,
                    86,
                    0.5071765184402466
                ],
                [
                    168,
                    86,
                    0.4732170104980469
                ],
                [
                    8,
                    125,
                    0.042669620364904404
                ],
                [
                    192,
                    70,
                    0.6212760210037231
                ],
                [
                    304,
                    101,
                    1.0083287954330444
                ]
            ]
        },
        {
            "frame_index": 3,
            "id": 3,
            "person_id": null,
            "keypoints": [
                [
                    168,
                    70,
                    0.23256932199001312
                ],
                [
                    176,
                    109,
                    0.7762401103973389
                ],
                [
                    144,
                    101,
                    0.6608009934425354
                ],
                [
                    104,
                    148,
                    0.47699370980262756
                ],
                [
                    128,
                    148,
                    0.026970239356160164
                ],
                [
                    208,
                    109,
                    0.7261894345283508
                ],
                [
                    232,
                    148,
                    0.4180487394332886
                ],
                [
                    232,
                    164,
                    0.05018103867769241
                ],
                [
                    8,
                    140,
                    0.09013710916042328
                ],
                [
                    8,
                    148,
                    0.0356142483651638
                ],
                [
                    16,
                    156,
                    0.023153219372034073
                ],
                [
                    232,
                    172,
                    0.08337639272212982
                ],
                [
                    8,
                    148,
                    0.025675680488348007
                ],
                [
                    304,
                    172,
                    0.019852150231599808
                ],
                [
                    168,
                    62,
                    0.11724357306957245
                ],
                [
                    184,
                    62,
                    0.24509939551353455
                ],
                [
                    8,
                    125,
                    0.04581823945045471
                ],
                [
                    192,
                    62,
                    0.6556161046028137
                ],
                [
                    304,
                    101,
                    1.0084292888641357
                ]
            ]
        }
    ],
    "category_id": 1
}