{
    "info": {
        "video_name": "1_285",
        "resolution": [
            320,
            180
        ],
        "num_frame": 3,
        "num_keypoints": 18,
        "keypoint_channels": [
            "x",
            "y",
            "score"
        ],
        "version": "1.0"
    },
    "annotations": [
        {
            "frame_index": 0,
            "id": 0,
            "person_id": null,
            "keypoints": [
                [
                    168,
                    70,
                    0.4148218631744385
                ],
                [
                    160,
                    93,
                    0.6866956949234009
                ],
                [
                    120,
                    93,
                    0.7485226988792419
                ],
                [
                    96,
                    148,
                    0.696474015712738
                ],
                [
                    120,
                    148,
                    0.15808504819869995
                ],
                [
                    200,
                    93,
                    0.6880194544792175
                ],
                [
                    224,
                    148,
                    0.6853739619255066
                ],
                [
                    32,
                    133,
                    0.22024773061275482
                ],
                [
                    40,
                    140,
                    0.4482937157154083
                ],
                [
                    40,
                    156,
                    0.24068376421928406
                ],
                [
                    48,
                    164,
                    0.037998881191015244
                ],
                [
                    32,
                    140,
                    0.4350484609603882
                ],
                [
                    32,
                    156,
                    0.23613403737545013
                ],
                [
                    48,
                    164,
                    0.0344514474272728
                ],
                [
                    160,
                    62,
                    0.4961550533771515
                ],
                [
                    176,
                    62,
                    0.499185174703598
                ],
                [
                    144,
                    62,
                    0.6344252824783325
                ],
                [
                    184,
                    62,
                    0.39938613772392273
                ],
                [
                    304,
                    0,
                    1.0137696266174316
                ]
            ]
        },
        {
            "frame_index": 1,
            "id": 1,
            "person_id": null,
            "keypoints": [
                [
                    160,
                    62,
                    0.7933294773101807
                ],
                [
                    160,
                    93,
                    0.7496637105941772
                ],
                [
                    120,
                    93,
                    0.7625071406364441
                ],
                [
                    96,
                    148,
                    0.6766656041145325
                ],
                [
                    120,
                    148,
                    0.1948159784078598
                ],
                [
                    200,
                    93,
                    0.7033552527427673
                ],
                [
                    224,
                    148,
                    0.7036288380622864
                ],
                [
                    184,
                    148,
                    0.21231555938720703
                ],
                [
                    40,
                    140,
                    0.3826560080051422
                ],
                [
                    40,
                    156,
                    0.1590001881122589
                ],
                [
                    48,
                    164,
                    0.03256751969456673
                ],
                [
                    32,
                    140,
                    0.345098078250885
                ],
                [
                    32,
                    156,
                    0.1828027367591858
                ],
                [
                    128,
                    164,
                    0.03144317865371704
                ],
                [
                    152,
                    54,
                    0.7398889064788818
                ],
                [
                    168,
                    54,
                    0.7477149963378906
                ],
                [
                    144,
                    62,
                    0.7335617542266846
                ],
                [
                    184,
                    62,
                    0.7379648089408875
                ],
                [
                    304,
                    0,
                    1.012252926826477
                ]
            ]
        },
        {
            "frame_index": 2,
            "id": 2,
            "person_id": null,
            "keypoints": [
                [
                    176,
                    78,
                    0.39287570118904114
                ],
                [
                    160,
                    93,
                    0.6950056552886963
                ],
                [
                    120,
                    93,
                    0.710046648979187
                ],
                [
                    96,
                    148,
                    0.6934425830841064
                ],
                [
                    120,
                    148,
                    0.15413585305213928
                ],
                [
                    200,
                    93,
                    0.6931816935539246
                ],
                [
                    224,
                    148,
                    0.6673018932342529
                ],
                [
                    184,
                    148,
                    0.1857631802558899
                ],
                [
                    40,
                    140,
                    0.35683393478393555
                ],
                [
                    40,
                    156,
                    0.14858707785606384
                ],
                [
                    48,
                    164,
                    0.02809036895632744
                ],
                [
                    32,
                    140,
                    0.30337435007095337
                ],
                [
                    32,
                    156,
                    0.16877628862857819
                ],
                [
                    48,
                    164,
                    0.022571247071027756
                ],
                [
                    168,
                    70,
                    0.38540133833885193
                ],
                [
                    184,
                    70,
                    0.4417380392551422
                ],
                [
                    144,
                    62,
                    0.5869282484054565
                ],
                [
                    184,
                    70,
                    0.19260869920253754
                ],
                [
                    304,
                    0,
                    1.0168198347091675
                ]
            ]
        }
    ],
    "category_id": 1
}