{
    "info": {
        "video_name": "1_284",
        "resolution": [
            320,
            180
        ],
        "num_frame": 4,
        "num_keypoints": 18,
        "keypoint_channels": [
            "x",
            "y",
            "score"
        ],
        "version": "1.0"
    },
    "annotations": [
        {
            "frame_index": 0,
            "id": 0,
            "person_id": null,
            "keypoints": [
                [
                    136,
                    93,
                    0.18680259585380554
                ],
                [
                    144,
                    101,
                    0.6711419224739075
                ],
                [
                    104,
                    101,
                    0.6707888245582581
                ],
                [
                    88,
                    156,
                    0.35868605971336365
                ],
                [
                    288,
                    140,
                    0.02794571965932846
                ],
                [
                    184,
                    101,
                    0.6327752470970154
                ],
                [
                    200,
                    140,
                    0.1603510081768036
                ],
                [
                    304,
                    7,
                    0.0274891946464777
                ],
                [
                    288,
                    148,
                    0.1133141815662384
                ],
                [
                    88,
                    164,
                    0.031100694090127945
                ],
                [
                    88,
                    164,
                    0.034022875130176544
                ],
                [
                    288,
                    140,
                    0.09772522747516632
                ],
                [
                    80,
                    164,
                    0.030109401792287827
                ],
                [
                    304,
                    172,
                    0.021681638434529305
                ],
                [
                    136,
                    86,
                    0.24885515868663788
                ],
                [
                    144,
                    86,
                    0.2595616281032562
                ],
                [
                    128,
                    62,
                    0.18807470798492432
                ],
                [
                    160,
                    62,
                    0.7053427696228027
                ],
                [
                    304,
                    0,
                    1.0253077745437622
                ]
            ]
        },
        {
            "frame_index": 1,
            "id": 1,
            "person_id": null,
            "keypoints": [
                [
                    136,
                    54,
                    0.32044094800949097
                ],
                [
                    144,
                    101,
                    0.7141931056976318
                ],
                [
                    104,
                    101,
                    0.7045257687568665
                ],
                [
                    88,
                    156,
                    0.359918475151062
                ],
                [
                    288,
                    140,
                    0.028254719451069832
                ],
                [
                    184,
                    101,
                    0.6516741514205933
                ],
                [
                    192,
                    140,
                    0.1844290941953659
                ],
                [
                    304,
                    7,
                    0.02730860747396946
                ],
                [
                    288,
                    148,
                    0.10058948397636414
                ],
                [
                    88,
                    164,
                    0.03640688583254814
                ],
                [
                    88,
                    164,
                    0.03370177745819092
                ],
                [
                    288,
                    140,
                    0.08442254364490509
                ],
                [
                    80,
                    164,
                    0.027861516922712326
                ],
                [
                    304,
                    172,
                    0.02091972902417183
                ],
                [
                    136,
                    54,
                    0.3622318506240845
                ],
                [
                    144,
                    54,
                    0.38369593024253845
                ],
                [
                    128,
                    62,
                    0.24821549654006958
                ],
                [
                    160,
                    62,
                    0.6115514039993286
                ],
                [
                    304,
                    0,
                    1.0224425792694092
                ]
            ]
        },
        {
            "frame_index": 2,
            "id": 2,
            "person_id": null,
            "keypoints": [
                [
                    136,
                    93,
                    0.5312625765800476
                ],
                [
                    144,
                    101,
                    0.6557195782661438
                ],
                [
                    104,
                    101,
                    0.6710294485092163
                ],
                [
                    88,
                    156,
                    0.3342244029045105
                ],
                [
                    296,
                    0,
                    0.025922324508428574
                ],
                [
                    184,
                    101,
                    0.6666556000709534
                ],
                [
                    192,
                    140,
                    0.17434866726398468
                ],
                [
                    304,
                    7,
                    0.027680354192852974
                ],
                [
                    80,
                    172,
                    0.06702074408531189
                ],
                [
                    88,
                    164,
                    0.034008923918008804
                ],
                [
                    88,
                    164,
                    0.03422369807958603
                ],
                [
                    80,
                    172,
                    0.07922112196683884
                ],
                [
                    80,
                    164,
                    0.03656807914376259
                ],
                [
                    304,
                    172,
                    0.020263299345970154
                ],
                [
                    136,
                    86,
                    0.6721086502075195
                ],
                [
                    144,
                    86,
                    0.5949289798736572
                ],
                [
                    120,
                    70,
                    0.34589797258377075
                ],
                [
                    160,
                    62,
                    0.45661458373069763
                ],
                [
                    304,
                    0,
                    1.0269112586975098
                ]
            ]
        },
        {
            "frame_index": 3,
            "id": 3,
            "person_id": null,
            "keypoints": [
                [
                    136,
                    86,
                    0.24685241281986237
                ],
                [
                    144,
                    101,
                    0.6194205284118652
                ],
                [
                    96,
                    101,
                    0.6636008620262146
                ],
                [
                    88,
                    156,
                    0.3269074559211731
                ],
                [
                    296,
                    0,
                    0.026218153536319733
                ],
                [
                    176,
                    101,
                    0.648407518863678
                ],
                [
                    192,
                    140,
                    0.10614539682865143
                ],
                [
                    304,
                    7,
                    0.02683854289352894
                ],
                [
                    80,
                    172,
                    0.06642638146877289
                ],
                [
                    88,
                    164,
                    0.030692260712385178
                ],
                [
                    88,
                    164,
                    0.032232142984867096
                ],
                [
                    80,
                    172,
                    0.07353799790143967
                ],
                [
                    80,
                    164,
                    0.030457284301519394
                ],
                [
                    304,
                    172,
                    0.019106004387140274
                ],
                [
                    128,
                    86,
                    0.3048150837421417
                ],
                [
                    136,
                    86,
                    0.3431272804737091
                ],
                [
                    120,
                    62,
                    0.2594060003757477
                ],
                [
                    152,
                    70,
                    0.39355865120887756
                ],
                [
                    304,
                    0,
                    1.0270614624023438
                ]
            ]
        }
    ],
    "category_id": 1
}