{
    "info": {
        "video_name": "1_288",
        "resolution": [
            320,
            180
        ],
        "num_frame": 2,
        "num_keypoints": 18,
        "keypoint_channels": [
            "x",
            "y",
            "score"
        ],
        "version": "1.0"
    },
    "annotations": [
        {
            "frame_index": 0,
            "id": 0,
            "person_id": null,
            "keypoints": [
                [
                    152,
                    86,
                    0.47860491275787354
                ],
                [
                    152,
                    93,
                    0.6295896172523499
                ],
                [
                    112,
                    93,
                    0.6192481517791748
                ],
                [
                    88,
                    148,
                    0.5944629907608032
                ],
                [
                    96,
                    156,
                    0.04689474403858185
                ],
                [
                    192,
                    93,
                    0.6561286449432373
                ],
                [
                    216,
                    148,
                    0.6229955554008484
                ],
                [
                    208,
                    148,
                    0.07116568833589554
                ],
                [
                    160,
                    172,
                    0.05428379774093628
                ],
                [
                    88,
                    164,
                    0.045309580862522125
                ],
                [
                    80,
                    156,
                    0.028608549386262894
                ],
                [
                    216,
                    172,
                    0.05496104806661606
                ],
                [
                    216,
                    156,
                    0.040365271270275116
                ],
                [
                    304,
                    172,
                    0.015876006335020065
                ],
                [
                    144,
                    78,
                    0.5070760250091553
                ],
                [
                    160,
                    78,
                    0.5193544030189514
                ],
                [
                    128,
                    54,
                    0.7194415926933289
                ],
                [
                    168,
                    62,
                    0.10602910816669464
                ],
                [
                    304,
                    0,
                    1.0099531412124634
                ]
            ]
        },
        {
            "frame_index": 1,
            "id": 1,
            "person_id": null,
            "keypoints": [
                [
                    144,
                    86,
                    0.4313279688358307
                ],
                [
                    152,
                    93,
                    0.6291728019714355
                ],
                [
                    112,
                    93,
                    0.7008915543556213
                ],
                [
                    80,
                    148,
                    0.6077991127967834
                ],
                [
                    152,
                    15,
                    0.08676014840602875
                ],
                [
                    192,
                    93,
                    0.5938801765441895
                ],
                [
                    224,
                    148,
                    0.625657856464386
                ],
                [
                    176,
                    148,
                    0.14246639609336853
                ],
                [
                    168,
                    172,
                    0.04856828972697258
                ],
                [
                    312,
                    172,
                    0.02344805747270584
                ],
                [
                    216,
                    156,
                    0.03269437327980995
                ],
                [
                    168,
                    156,
                    0.0715164989233017
                ],
                [
                    224,
                    156,
                    0.0316535085439682
                ],
                [
                    304,
                    172,
                    0.015758395195007324
                ],
                [
                    144,
                    86,
                    0.5242039561271667
                ],
                [
                    152,
                    86,
                    0.4364137649536133
                ],
                [
                    120,
                    54,
                    0.13881894946098328
                ],
                [
                    168,
                    54,
                    0.36590439081192017
                ],
                [
                    304,
                    0,
                    1.0140724182128906
                ]
            ]
        }
    ],
    "category_id": 1
}