{
    "info": {
        "video_name": "1_297",
        "resolution": [
            320,
            180
        ],
        "num_frame": 3,
        "num_keypoints": 18,
        "keypoint_channels": [
            "x",
            "y",
            "score"
        ],
        "version": "1.0"
    },
    "annotations": [
        {
            "frame_index": 0,
            "id": 0,
            "person_id": null,
            "keypoints": [
                [
                    136,
                    46,
                    0.25775378942489624
                ],
                [
                    152,
                    101,
                    0.6276479363441467
                ],
                [
                    96,
                    101,
                    0.5940897464752197
                ],
                [
                    64,
                    148,
                    0.14294619858264923
                ],
                [
                    312,
                    172,
                    0.02430133894085884
                ],
                [
                    192,
                    93,
                    0.5944691896438599
                ],
                [
                    216,
                    156,
                    0.19827644526958466
                ],
                [
                    304,
                    7,
                    0.027298511937260628
                ],
                [
                    216,
                    172,
                    0.042317017912864685
                ],
                [
                    312,
                    172,
                    0.045576371252536774
                ],
                [
                    312,
                    172,
                    0.02220337651669979
                ],
                [
                    304,
                    156,
                    0.047764964401721954
                ],
                [
                    312,
                    164,
                    0.024364568293094635
                ],
                [
                    312,
                    172,
                    0.0304814912378788
                ],
                [
                    136,
                    46,
                    0.20246168971061707
                ],
                [
                    152,
                    39,
                    0.21759548783302307
                ],
                [
                    120,
                    54,
                    0.7020260691642761
                ],
                [
                    168,
                    54,
                    0.7932467460632324
                ],
                [
                    304,
                    0,
                    1.0172386169433594
                ]
            ]
        },
        {
            "frame_index": 1,
            "id": 1,
            "person_id": null,
            "keypoints": [
                [
                    144,
                    54,
                    0.28878939151763916
                ],
                [
                    152,
                    101,
                    0.6307139992713928
                ],
                [
                    96,
                    101,
                    0.5952437520027161
                ],
                [
                    64,
                    148,
                    0.13069070875644684
                ],
                [
                    296,
                    0,
                    0.02431553043425083
                ],
                [
                    192,
                    93,
                    0.589080810546875
                ],
                [
                    216,
                    156,
                    0.23847810924053192
                ],
                [
                    304,
                    7,
                    0.027716783806681633
                ],
                [
                    168,
                    172,
                    0.04247890040278435
                ],
                [
                    312,
                    172,
                    0.04458364099264145
                ],
                [
                    224,
                    156,
                    0.022864490747451782
                ],
                [
                    304,
                    156,
                    0.046757735311985016
                ],
                [
                    312,
                    164,
                    0.025916550308465958
                ],
                [
                    312,
                    172,
                    0.02882801927626133
                ],
                [
                    136,
                    46,
                    0.206205353140831
                ],
                [
                    152,
                    46,
                    0.2301349937915802
                ],
                [
                    120,
                    54,
                    0.7092585563659668
                ],
                [
                    168,
                    54,
                    0.7824078798294067
                ],
                [
                    304,
                    0,
                    1.0229521989822388
                ]
            ]
        },
        {
            "frame_index": 2,
            "id": 2,
            "person_id": null,
            "keypoints": [
                [
                    144,
                    46,
                    0.2526145577430725
                ],
                [
                    144,
                    101,
                    0.6488825082778931
                ],
                [
                    96,
                    101,
                    0.5911288857460022
                ],
                [
                    64,
                    148,
                    0.1279120296239853
                ],
                [
                    312,
                    172,
                    0.02715429663658142
                ],
                [
                    192,
                    93,
                    0.5780077576637268
                ],
                [
                    216,
                    156,
                    0.2160930037498474
                ],
                [
                    304,
                    7,
                    0.027284866198897362
                ],
                [
                    160,
                    172,
                    0.04552184417843819
                ],
                [
                    312,
                    172,
                    0.05094949156045914
                ],
                [
                    312,
                    172,
                    0.025380292907357216
                ],
                [
                    304,
                    156,
                    0.0517246387898922
                ],
                [
                    312,
                    164,
                    0.028749529272317886
                ],
                [
                    312,
                    172,
                    0.03470105677843094
                ],
                [
                    144,
                    39,
                    0.20419283211231232
                ],
                [
                    152,
                    39,
                    0.23097799718379974
                ],
                [
                    120,
                    54,
                    0.6876811385154724
                ],
                [
                    168,
                    54,
                    0.7319011092185974
                ],
                [
                    304,
                    0,
                    1.017169713973999
                ]
            ]
        }
    ],
    "category_id": 1
}