{
    "info": {
        "video_name": "1_292",
        "resolution": [
            320,
            180
        ],
        "num_frame": 3,
        "num_keypoints": 18,
        "keypoint_channels": [
            "x",
            "y",
            "score"
        ],
        "version": "1.0"
    },
    "annotations": [
        {
            "frame_index": 0,
            "id": 0,
            "person_id": null,
            "keypoints": [
                [
                    144,
                    101,
                    0.5773239731788635
                ],
                [
                    144,
                    109,
                    0.5845324993133545
                ],
                [
                    88,
                    109,
                    0.5950155854225159
                ],
                [
                    48,
                    148,
                    0.1967822015285492
                ],
                [
                    296,
                    0,
                    0.02339641936123371
                ],
                [
                    192,
                    101,
                    0.5955319404602051
                ],
                [
                    224,
                    148,
                    0.17483049631118774
                ],
                [
                    272,
                    148,
                    0.03216111660003662
                ],
                [
                    40,
                    172,
                    0.043719466775655746
                ],
                [
                    304,
                    164,
                    0.019579755142331123
                ],
                [
                    232,
                    156,
                    0.01816706731915474
                ],
                [
                    40,
                    172,
                    0.0260871984064579
                ],
                [
                    104,
                    70,
                    0.010106085799634457
                ],
                [
                    304,
                    172,
                    0.019992664456367493
                ],
                [
                    136,
                    93,
                    0.7198423147201538
                ],
                [
                    152,
                    93,
                    0.6627336740493774
                ],
                [
                    112,
                    62,
                    0.6917697191238403
                ],
                [
                    160,
                    86,
                    0.3168805241584778
                ],
                [
                    304,
                    0,
                    1.0183794498443604
                ]
            ]
        },
        {
            "frame_index": 1,
            "id": 1,
            "person_id": null,
            "keypoints": [
                [
                    160,
                    54,
                    0.12936802208423615
                ],
                [
                    144,
                    109,
                    0.6291037201881409
                ],
                [
                    88,
                    109,
                    0.561208188533783
                ],
                [
                    48,
                    148,
                    0.1850065141916275
                ],
                [
                    296,
                    0,
                    0.024398671463131905
                ],
                [
                    192,
                    101,
                    0.6119091510772705
                ],
                [
                    232,
                    148,
                    0.14955714344978333
                ],
                [
                    272,
                    148,
                    0.03490582853555679
                ],
                [
                    40,
                    172,
                    0.04254397749900818
                ],
                [
                    304,
                    164,
                    0.019201355054974556
                ],
                [
                    32,
                    156,
                    0.017896000295877457
                ],
                [
                    272,
                    156,
                    0.028354864567518234
                ],
                [
                    136,
                    101,
                    0.012940503656864166
                ],
                [
                    304,
                    172,
                    0.0200960710644722
                ],
                [
                    144,
                    46,
                    0.13749463856220245
                ],
                [
                    160,
                    46,
                    0.09415516257286072
                ],
                [
                    112,
                    62,
                    0.6107485294342041
                ],
                [
                    168,
                    54,
                    0.16187191009521484
                ],
                [
                    304,
                    0,
                    1.0185085535049438
                ]
            ]
        },
        {
            "frame_index": 2,
            "id": 2,
            "person_id": null,
            "keypoints": [
                [
                    144,
                    101,
                    0.1874973326921463
                ],
                [
                    144,
                    109,
                    0.5943765640258789
                ],
                [
                    88,
                    109,
                    0.5629510879516602
                ],
                [
                    48,
                    148,
                    0.2114470899105072
                ],
                [
                    296,
                    0,
                    0.024401754140853882
                ],
                [
                    192,
                    101,
                    0.6225943565368652
                ],
                [
                    232,
                    148,
                    0.15584805607795715
                ],
                [
                    272,
                    148,
                    0.035901233553886414
                ],
                [
                    40,
                    172,
                    0.045279450714588165
                ],
                [
                    304,
                    164,
                    0.01930011622607708
                ],
                [
                    232,
                    156,
                    0.0195654034614563
                ],
                [
                    272,
                    156,
                    0.03176238015294075
                ],
                [
                    136,
                    109,
                    0.014702657237648964
                ],
                [
                    304,
                    172,
                    0.020165354013442993
                ],
                [
                    136,
                    101,
                    0.1686907559633255
                ],
                [
                    144,
                    101,
                    0.2445187121629715
                ],
                [
                    120,
                    54,
                    0.38460689783096313
                ],
                [
                    168,
                    54,
                    0.3803845942020416
                ],
                [
                    304,
                    0,
                    1.018533706665039
                ]
            ]
        }
    ],
    "category_id": 1
}