{
    "info": {
        "video_name": "1_3",
        "resolution": [
            320,
            180
        ],
        "num_frame": 2,
        "num_keypoints": 18,
        "keypoint_channels": [
            "x",
            "y",
            "score"
        ],
        "version": "1.0"
    },
    "annotations": [
        {
            "frame_index": 0,
            "id": 0,
            "person_id": null,
            "keypoints": [
                [
                    128,
                    86,
                    0.4610344469547272
                ],
                [
                    128,
                    86,
                    0.5998200178146362
                ],
                [
                    96,
                    86,
                    0.7051519155502319
                ],
                [
                    80,
                    140,
                    0.8351158499717712
                ],
                [
                    112,
                    148,
                    0.5964884161949158
                ],
                [
                    168,
                    86,
                    0.6624183058738708
                ],
                [
                    184,
                    140,
                    0.7873611450195312
                ],
                [
                    152,
                    148,
                    0.6442812085151672
                ],
                [
                    112,
                    156,
                    0.12934419512748718
                ],
                [
                    312,
                    172,
                    0.017807872965931892
                ],
                [
                    96,
                    156,
                    0.02137751318514347
                ],
                [
                    152,
                    148,
                    0.11505290120840073
                ],
                [
                    152,
                    164,
                    0.018895484507083893
                ],
                [
                    112,
                    172,
                    0.01718071848154068
                ],
                [
                    120,
                    78,
                    0.48682254552841187
                ],
                [
                    128,
                    78,
                    0.42087045311927795
                ],
                [
                    112,
                    70,
                    0.10450395941734314
                ],
                [
                    144,
                    62,
                    0.6857452988624573
                ],
                [
                    304,
                    0,
                    1.0324337482452393
                ]
            ]
        },
        {
            "frame_index": 1,
            "id": 1,
            "person_id": null,
            "keypoints": [
                [
                    120,
                    46,
                    0.29224875569343567
                ],
                [
                    128,
                    86,
                    0.7185101509094238
                ],
                [
                    96,
                    86,
                    0.697126030921936
                ],
                [
                    80,
                    140,
                    0.8211365342140198
                ],
                [
                    112,
                    148,
                    0.6037614345550537
                ],
                [
                    168,
                    78,
                    0.6667807102203369
                ],
                [
                    184,
                    140,
                    0.7871909737586975
                ],
                [
                    152,
                    148,
                    0.6313086152076721
                ],
                [
                    112,
                    156,
                    0.12002231180667877
                ],
                [
                    312,
                    172,
                    0.017870431765913963
                ],
                [
                    96,
                    156,
                    0.022726494818925858
                ],
                [
                    152,
                    148,
                    0.127203106880188
                ],
                [
                    152,
                    164,
                    0.019253626465797424
                ],
                [
                    184,
                    133,
                    0.017797594889998436
                ],
                [
                    120,
                    39,
                    0.2459668517112732
                ],
                [
                    128,
                    39,
                    0.37104499340057373
                ],
                [
                    112,
                    46,
                    0.16282600164413452
                ],
                [
                    152,
                    54,
                    0.6773368716239929
                ],
                [
                    304,
                    0,
                    1.030382513999939
                ]
            ]
        }
    ],
    "category_id": 1
}