{
    "info": {
        "video_name": "1_302",
        "resolution": [
            320,
            180
        ],
        "num_frame": 6,
        "num_keypoints": 18,
        "keypoint_channels": [
            "x",
            "y",
            "score"
        ],
        "version": "1.0"
    },
    "annotations": [
        {
            "frame_index": 0,
            "id": 0,
            "person_id": null,
            "keypoints": [
                [
                    168,
                    101,
                    0.25796252489089966
                ],
                [
                    160,
                    93,
                    0.4230572581291199
                ],
                [
                    112,
                    101,
                    0.41552412509918213
                ],
                [
                    88,
                    140,
                    0.11686974763870239
                ],
                [
                    296,
                    0,
                    0.02348894067108631
                ],
                [
                    208,
                    101,
                    0.5404767990112305
                ],
                [
                    232,
                    148,
                    0.04175463318824768
                ],
                [
                    304,
                    7,
                    0.022289982065558434
                ],
                [
                    312,
                    164,
                    0.022007767111063004
                ],
                [
                    304,
                    164,
                    0.036189526319503784
                ],
                [
                    112,
                    156,
                    0.021063506603240967
                ],
                [
                    304,
                    156,
                    0.02965080738067627
                ],
                [
                    312,
                    156,
                    0.016282018274068832
                ],
                [
                    304,
                    172,
                    0.021646153181791306
                ],
                [
                    160,
                    101,
                    0.23052550852298737
                ],
                [
                    168,
                    93,
                    0.2700776159763336
                ],
                [
                    136,
                    54,
                    0.6461179256439209
                ],
                [
                    184,
                    62,
                    0.6343367099761963
                ],
                [
                    304,
                    0,
                    1.0229483842849731
                ]
            ]
        },
        {
            "frame_index": 1,
            "id": 1,
            "person_id": null,
            "keypoints": [
                [
                    184,
                    62,
                    0.3565453886985779
                ],
                [
                    160,
                    101,
                    0.4748844504356384
                ],
                [
                    112,
                    109,
                    0.500533401966095
                ],
                [
                    80,
                    148,
                    0.20014959573745728
                ],
                [
                    296,
                    0,
                    0.022993599995970726
                ],
                [
                    208,
                    101,
                    0.5836275815963745
                ],
                [
                    232,
                    148,
                    0.04433051496744156
                ],
                [
                    304,
                    7,
                    0.02130771614611149
                ],
                [
                    312,
                    164,
                    0.021917734295129776
                ],
                [
                    304,
                    164,
                    0.03653354570269585
                ],
                [
                    72,
                    156,
                    0.022043194621801376
                ],
                [
                    304,
                    156,
                    0.029479432851076126
                ],
                [
                    312,
                    156,
                    0.01658542826771736
                ],
                [
                    304,
                    172,
                    0.02156129479408264
                ],
                [
                    160,
                    101,
                    0.3662533760070801
                ],
                [
                    168,
                    93,
                    0.3251952528953552
                ],
                [
                    136,
                    62,
                    0.6988163590431213
                ],
                [
                    192,
                    54,
                    0.02879193052649498
                ],
                [
                    304,
                    0,
                    1.019470453262329
                ]
            ]
        },
        {
            "frame_index": 2,
            "id": 2,
            "person_id": null,
            "keypoints": [
                [
                    168,
                    101,
                    0.4752739667892456
                ],
                [
                    160,
                    101,
                    0.4812127649784088
                ],
                [
                    120,
                    109,
                    0.5242179036140442
                ],
                [
                    88,
                    148,
                    0.22863753139972687
                ],
                [
                    296,
                    0,
                    0.02284112200140953
                ],
                [
                    208,
                    101,
                    0.5904267430305481
                ],
                [
                    232,
                    148,
                    0.04657862335443497
                ],
                [
                    304,
                    7,
                    0.02359730936586857
                ],
                [
                    96,
                    172,
                    0.02816777303814888
                ],
                [
                    304,
                    164,
                    0.03602034971117973
                ],
                [
                    112,
                    156,
                    0.03196587786078453
                ],
                [
                    304,
                    156,
                    0.029459871351718903
                ],
                [
                    312,
                    156,
                    0.01627027802169323
                ],
                [
                    304,
                    172,
                    0.021420493721961975
                ],
                [
                    160,
                    101,
                    0.49586236476898193
                ],
                [
                    176,
                    93,
                    0.5309892296791077
                ],
                [
                    144,
                    62,
                    0.702051043510437
                ],
                [
                    184,
                    78,
                    0.180012047290802
                ],
                [
                    304,
                    0,
                    1.0187674760818481
                ]
            ]
        },
        {
            "frame_index": 3,
            "id": 3,
            "person_id": null,
            "keypoints": [
                [
                    176,
                    101,
                    0.46793901920318604
                ],
                [
                    160,
                    101,
                    0.5271891355514526
                ],
                [
                    120,
                    109,
                    0.5174382328987122
                ],
                [
                    88,
                    148,
                    0.17043861746788025
                ],
                [
                    296,
                    0,
                    0.022656098008155823
                ],
                [
                    208,
                    101,
                    0.5667348504066467
                ],
                [
                    232,
                    148,
                    0.04434417933225632
                ],
                [
                    304,
                    7,
                    0.021965084597468376
                ],
                [
                    96,
                    172,
                    0.024005234241485596
                ],
                [
                    304,
                    164,
                    0.03659786656498909
                ],
                [
                    72,
                    156,
                    0.02249504253268242
                ],
                [
                    304,
                    156,
                    0.02927006408572197
                ],
                [
                    312,
                    156,
                    0.016667582094669342
                ],
                [
                    304,
                    172,
                    0.021748298779129982
                ],
                [
                    168,
                    101,
                    0.34907791018486023
                ],
                [
                    176,
                    93,
                    0.4218389689922333
                ],
                [
                    144,
                    62,
                    0.723666250705719
                ],
                [
                    192,
                    62,
                    0.19512487947940826
                ],
                [
                    304,
                    0,
                    1.0182151794433594
                ]
            ]
        },
        {
            "frame_index": 4,
            "id": 4,
            "person_id": null,
            "keypoints": [
                [
                    160,
                    109,
                    0.398408442735672
                ],
                [
                    160,
                    93,
                    0.44010716676712036
                ],
                [
                    112,
                    109,
                    0.4085855782032013
                ],
                [
                    80,
                    148,
                    0.10493811964988708
                ],
                [
                    296,
                    0,
                    0.02271139807999134
                ],
                [
                    208,
                    101,
                    0.5793125629425049
                ],
                [
                    232,
                    148,
                    0.04670008271932602
                ],
                [
                    304,
                    7,
                    0.02278437651693821
                ],
                [
                    312,
                    172,
                    0.021287163719534874
                ],
                [
                    304,
                    164,
                    0.036968424916267395
                ],
                [
                    72,
                    156,
                    0.018094893544912338
                ],
                [
                    304,
                    156,
                    0.02838173136115074
                ],
                [
                    312,
                    156,
                    0.01666182279586792
                ],
                [
                    304,
                    172,
                    0.022224493324756622
                ],
                [
                    152,
                    101,
                    0.5426343679428101
                ],
                [
                    168,
                    101,
                    0.4661279320716858
                ],
                [
                    136,
                    62,
                    0.7011480331420898
                ],
                [
                    184,
                    62,
                    0.6041088104248047
                ],
                [
                    304,
                    0,
                    1.0147624015808105
                ]
            ]
        },
        {
            "frame_index": 5,
            "id": 5,
            "person_id": null,
            "keypoints": [
                [
                    176,
                    101,
                    0.45499178767204285
                ],
                [
                    160,
                    101,
                    0.4784866273403168
                ],
                [
                    120,
                    109,
                    0.48197364807128906
                ],
                [
                    80,
                    148,
                    0.15481692552566528
                ],
                [
                    296,
                    0,
                    0.02219804748892784
                ],
                [
                    200,
                    101,
                    0.536596417427063
                ],
                [
                    232,
                    148,
                    0.04367765784263611
                ],
                [
                    304,
                    7,
                    0.02194795198738575
                ],
                [
                    96,
                    172,
                    0.022778967395424843
                ],
                [
                    304,
                    164,
                    0.03623557463288307
                ],
                [
                    72,
                    156,
                    0.02103288471698761
                ],
                [
                    304,
                    156,
                    0.029264330863952637
                ],
                [
                    312,
                    156,
                    0.01649359241127968
                ],
                [
                    304,
                    172,
                    0.02164803445339203
                ],
                [
                    160,
                    101,
                    0.39288297295570374
                ],
                [
                    176,
                    93,
                    0.5096340775489807
                ],
                [
                    144,
                    62,
                    0.6888792514801025
                ],
                [
                    192,
                    62,
                    0.1747303307056427
                ],
                [
                    304,
                    0,
                    1.020007610321045
                ]
            ]
        }
    ],
    "category_id": 1
}