{
    "info": {
        "video_name": "1_30",
        "resolution": [
            320,
            180
        ],
        "num_frame": 4,
        "num_keypoints": 18,
        "keypoint_channels": [
            "x",
            "y",
            "score"
        ],
        "version": "1.0"
    },
    "annotations": [
        {
            "frame_index": 0,
            "id": 0,
            "person_id": null,
            "keypoints": [
                [
                    216,
                    31,
                    0.3759247064590454
                ],
                [
                    208,
                    86,
                    0.726528525352478
                ],
                [
                    160,
                    86,
                    0.6812392473220825
                ],
                [
                    128,
                    148,
                    0.44848573207855225
                ],
                [
                    88,
                    117,
                    0.06042700260877609
                ],
                [
                    248,
                    78,
                    0.6756998896598816
                ],
                [
                    256,
                    140,
                    0.5119751691818237
                ],
                [
                    232,
                    148,
                    0.2452005296945572
                ],
                [
                    88,
                    117,
                    0.16536016762256622
                ],
                [
                    88,
                    133,
                    0.07712262868881226
                ],
                [
                    88,
                    156,
                    0.08864401280879974
                ],
                [
                    88,
                    117,
                    0.15880689024925232
                ],
                [
                    88,
                    133,
                    0.08104337006807327
                ],
                [
                    88,
                    156,
                    0.04078702628612518
                ],
                [
                    208,
                    31,
                    0.24152755737304688
                ],
                [
                    216,
                    23,
                    0.429185152053833
                ],
                [
                    192,
                    46,
                    0.6520400643348694
                ],
                [
                    232,
                    31,
                    0.33944278955459595
                ],
                [
                    304,
                    0,
                    1.0064284801483154
                ]
            ]
        },
        {
            "frame_index": 1,
            "id": 1,
            "person_id": null,
            "keypoints": [
                [
                    224,
                    39,
                    0.48913127183914185
                ],
                [
                    208,
                    86,
                    0.7359354496002197
                ],
                [
                    160,
                    86,
                    0.7140295505523682
                ],
                [
                    128,
                    148,
                    0.4913794696331024
                ],
                [
                    88,
                    117,
                    0.05822700262069702
                ],
                [
                    248,
                    78,
                    0.6574640870094299
                ],
                [
                    256,
                    140,
                    0.47661203145980835
                ],
                [
                    232,
                    148,
                    0.22937063872814178
                ],
                [
                    88,
                    117,
                    0.15571367740631104
                ],
                [
                    88,
                    133,
                    0.0740804597735405
                ],
                [
                    88,
                    156,
                    0.08540211617946625
                ],
                [
                    88,
                    117,
                    0.15313215553760529
                ],
                [
                    88,
                    133,
                    0.07552096992731094
                ],
                [
                    88,
                    156,
                    0.03860074281692505
                ],
                [
                    216,
                    31,
                    0.37886548042297363
                ],
                [
                    224,
                    23,
                    0.4088020324707031
                ],
                [
                    192,
                    54,
                    0.7032964825630188
                ],
                [
                    240,
                    31,
                    0.09964480996131897
                ],
                [
                    304,
                    0,
                    0.9986165165901184
                ]
            ]
        },
        {
            "frame_index": 2,
            "id": 2,
            "person_id": null,
            "keypoints": [
                [
                    200,
                    62,
                    0.19543376564979553
                ],
                [
                    208,
                    86,
                    0.6352425813674927
                ],
                [
                    160,
                    86,
                    0.7308260798454285
                ],
                [
                    128,
                    148,
                    0.47975072264671326
                ],
                [
                    88,
                    117,
                    0.06324159353971481
                ],
                [
                    248,
                    78,
                    0.6912542581558228
                ],
                [
                    256,
                    140,
                    0.4821026921272278
                ],
                [
                    232,
                    148,
                    0.20820322632789612
                ],
                [
                    88,
                    117,
                    0.18367761373519897
                ],
                [
                    88,
                    133,
                    0.09203452616930008
                ],
                [
                    88,
                    156,
                    0.11397691071033478
                ],
                [
                    88,
                    117,
                    0.17922572791576385
                ],
                [
                    80,
                    133,
                    0.0992857813835144
                ],
                [
                    88,
                    156,
                    0.06536378711462021
                ],
                [
                    200,
                    54,
                    0.23242755234241486
                ],
                [
                    208,
                    54,
                    0.19874213635921478
                ],
                [
                    184,
                    54,
                    0.6097223162651062
                ],
                [
                    224,
                    54,
                    0.4523482620716095
                ],
                [
                    304,
                    0,
                    1.014457106590271
                ]
            ]
        },
        {
            "frame_index": 3,
            "id": 3,
            "person_id": null,
            "keypoints": [
                [
                    192,
                    39,
                    0.4714098572731018
                ],
                [
                    208,
                    86,
                    0.699145495891571
                ],
                [
                    160,
                    86,
                    0.7717576622962952
                ],
                [
                    128,
                    148,
                    0.5130676031112671
                ],
                [
                    88,
                    117,
                    0.07346693426370621
                ],
                [
                    248,
                    78,
                    0.6993333697319031
                ],
                [
                    256,
                    140,
                    0.4836588501930237
                ],
                [
                    232,
                    148,
                    0.23762714862823486
                ],
                [
                    88,
                    117,
                    0.2056603878736496
                ],
                [
                    88,
                    133,
                    0.09536591172218323
                ],
                [
                    88,
                    156,
                    0.10805965960025787
                ],
                [
                    80,
                    117,
                    0.19810636341571808
                ],
                [
                    80,
                    133,
                    0.09568735957145691
                ],
                [
                    88,
                    156,
                    0.05888371169567108
                ],
                [
                    184,
                    31,
                    0.39427852630615234
                ],
                [
                    200,
                    31,
                    0.5761271715164185
                ],
                [
                    184,
                    39,
                    0.19574573636054993
                ],
                [
                    224,
                    46,
                    0.5329628586769104
                ],
                [
                    304,
                    0,
                    1.0110406875610352
                ]
            ]
        }
    ],
    "category_id": 1
}