{
    "info": {
        "video_name": "1_301",
        "resolution": [
            320,
            180
        ],
        "num_frame": 4,
        "num_keypoints": 18,
        "keypoint_channels": [
            "x",
            "y",
            "score"
        ],
        "version": "1.0"
    },
    "annotations": [
        {
            "frame_index": 0,
            "id": 0,
            "person_id": null,
            "keypoints": [
                [
                    152,
                    70,
                    0.3262592554092407
                ],
                [
                    152,
                    109,
                    0.6865002512931824
                ],
                [
                    96,
                    117,
                    0.5678204298019409
                ],
                [
                    80,
                    148,
                    0.028954708948731422
                ],
                [
                    312,
                    0,
                    0.015377625823020935
                ],
                [
                    192,
                    109,
                    0.6240453720092773
                ],
                [
                    216,
                    148,
                    0.03048214130103588
                ],
                [
                    296,
                    164,
                    0.02162071131169796
                ],
                [
                    32,
                    7,
                    0.022796127945184708
                ],
                [
                    304,
                    164,
                    0.025818921625614166
                ],
                [
                    304,
                    156,
                    0.012493835762143135
                ],
                [
                    304,
                    7,
                    0.02223360538482666
                ],
                [
                    312,
                    164,
                    0.017047850415110588
                ],
                [
                    312,
                    172,
                    0.01562768593430519
                ],
                [
                    144,
                    62,
                    0.26463666558265686
                ],
                [
                    160,
                    62,
                    0.1439904421567917
                ],
                [
                    120,
                    70,
                    0.7179204821586609
                ],
                [
                    176,
                    62,
                    0.19693796336650848
                ],
                [
                    304,
                    78,
                    1.000962734222412
                ]
            ]
        },
        {
            "frame_index": 1,
            "id": 1,
            "person_id": null,
            "keypoints": [
                [
                    152,
                    70,
                    0.44620180130004883
                ],
                [
                    152,
                    109,
                    0.6894048452377319
                ],
                [
                    104,
                    109,
                    0.5349057912826538
                ],
                [
                    72,
                    156,
                    0.03672537952661514
                ],
                [
                    312,
                    0,
                    0.015391480177640915
                ],
                [
                    200,
                    109,
                    0.6308264136314392
                ],
                [
                    216,
                    148,
                    0.03363663703203201
                ],
                [
                    296,
                    7,
                    0.021788859739899635
                ],
                [
                    32,
                    7,
                    0.021930336952209473
                ],
                [
                    304,
                    164,
                    0.025033123791217804
                ],
                [
                    304,
                    156,
                    0.0123981311917305
                ],
                [
                    312,
                    172,
                    0.023213952779769897
                ],
                [
                    312,
                    164,
                    0.016491316258907318
                ],
                [
                    312,
                    172,
                    0.01686379313468933
                ],
                [
                    144,
                    62,
                    0.432564914226532
                ],
                [
                    160,
                    62,
                    0.23556284606456757
                ],
                [
                    120,
                    62,
                    0.681040346622467
                ],
                [
                    176,
                    62,
                    0.2784675359725952
                ],
                [
                    304,
                    86,
                    1.0007508993148804
                ]
            ]
        },
        {
            "frame_index": 2,
            "id": 2,
            "person_id": null,
            "keypoints": [
                [
                    144,
                    70,
                    0.20972084999084473
                ],
                [
                    144,
                    109,
                    0.6683979034423828
                ],
                [
                    96,
                    117,
                    0.5194522738456726
                ],
                [
                    80,
                    148,
                    0.09699803590774536
                ],
                [
                    312,
                    0,
                    0.015667932108044624
                ],
                [
                    192,
                    109,
                    0.6340169906616211
                ],
                [
                    208,
                    148,
                    0.0390641987323761
                ],
                [
                    296,
                    7,
                    0.022229665890336037
                ],
                [
                    168,
                    172,
                    0.02331061288714409
                ],
                [
                    304,
                    164,
                    0.02569221705198288
                ],
                [
                    104,
                    156,
                    0.015591082163155079
                ],
                [
                    312,
                    172,
                    0.02356976643204689
                ],
                [
                    312,
                    164,
                    0.01699293777346611
                ],
                [
                    312,
                    172,
                    0.01649485155940056
                ],
                [
                    144,
                    62,
                    0.19201922416687012
                ],
                [
                    160,
                    62,
                    0.06388574838638306
                ],
                [
                    120,
                    70,
                    0.6246734857559204
                ],
                [
                    176,
                    62,
                    0.10505083203315735
                ],
                [
                    304,
                    86,
                    0.9985272884368896
                ]
            ]
        },
        {
            "frame_index": 3,
            "id": 3,
            "person_id": null,
            "keypoints": [
                [
                    152,
                    70,
                    0.2023051381111145
                ],
                [
                    152,
                    109,
                    0.6813533306121826
                ],
                [
                    96,
                    117,
                    0.5782104134559631
                ],
                [
                    80,
                    148,
                    0.026342879980802536
                ],
                [
                    296,
                    0,
                    0.014638561755418777
                ],
                [
                    192,
                    109,
                    0.6438916325569153
                ],
                [
                    216,
                    148,
                    0.02919522114098072
                ],
                [
                    296,
                    164,
                    0.0225533340126276
                ],
                [
                    32,
                    7,
                    0.022746913135051727
                ],
                [
                    304,
                    164,
                    0.021208859980106354
                ],
                [
                    8,
                    15,
                    0.0120595283806324
                ],
                [
                    296,
                    0,
                    0.023111695423722267
                ],
                [
                    312,
                    156,
                    0.017569633200764656
                ],
                [
                    312,
                    172,
                    0.015775159001350403
                ],
                [
                    144,
                    62,
                    0.14868704974651337
                ],
                [
                    160,
                    70,
                    0.04809770733118057
                ],
                [
                    120,
                    70,
                    0.6900153160095215
                ],
                [
                    176,
                    70,
                    0.07012562453746796
                ],
                [
                    304,
                    86,
                    1.0028668642044067
                ]
            ]
        }
    ],
    "category_id": 1
}