{
    "info": {
        "video_name": "1_309",
        "resolution": [
            320,
            180
        ],
        "num_frame": 4,
        "num_keypoints": 18,
        "keypoint_channels": [
            "x",
            "y",
            "score"
        ],
        "version": "1.0"
    },
    "annotations": [
        {
            "frame_index": 0,
            "id": 0,
            "person_id": null,
            "keypoints": [
                [
                    272,
                    109,
                    0.08296653628349304
                ],
                [
                    152,
                    109,
                    0.7080657482147217
                ],
                [
                    112,
                    109,
                    0.6628877520561218
                ],
                [
                    72,
                    148,
                    0.5105211138725281
                ],
                [
                    72,
                    156,
                    0.05599706619977951
                ],
                [
                    192,
                    109,
                    0.6530503630638123
                ],
                [
                    240,
                    148,
                    0.49639081954956055
                ],
                [
                    272,
                    140,
                    0.051507629454135895
                ],
                [
                    8,
                    140,
                    0.06553181260824203
                ],
                [
                    72,
                    164,
                    0.04163551703095436
                ],
                [
                    64,
                    164,
                    0.02753068320453167
                ],
                [
                    8,
                    140,
                    0.07131852209568024
                ],
                [
                    264,
                    156,
                    0.04896086826920509
                ],
                [
                    304,
                    172,
                    0.019860196858644485
                ],
                [
                    272,
                    109,
                    0.09880398213863373
                ],
                [
                    272,
                    109,
                    0.09422238171100616
                ],
                [
                    272,
                    109,
                    0.059321507811546326
                ],
                [
                    144,
                    70,
                    0.08456732332706451
                ],
                [
                    304,
                    0,
                    1.0104814767837524
                ]
            ]
        },
        {
            "frame_index": 1,
            "id": 1,
            "person_id": null,
            "keypoints": [
                [
                    160,
                    62,
                    0.42755961418151855
                ],
                [
                    152,
                    109,
                    0.7427624464035034
                ],
                [
                    112,
                    109,
                    0.6848132610321045
                ],
                [
                    72,
                    148,
                    0.5103763341903687
                ],
                [
                    72,
                    156,
                    0.05189524590969086
                ],
                [
                    192,
                    109,
                    0.6409196257591248
                ],
                [
                    240,
                    148,
                    0.4861000180244446
                ],
                [
                    272,
                    140,
                    0.03181597590446472
                ],
                [
                    64,
                    172,
                    0.05459971725940704
                ],
                [
                    72,
                    164,
                    0.040609829127788544
                ],
                [
                    64,
                    164,
                    0.026165490970015526
                ],
                [
                    64,
                    172,
                    0.04089605063199997
                ],
                [
                    64,
                    164,
                    0.016988374292850494
                ],
                [
                    304,
                    172,
                    0.018591538071632385
                ],
                [
                    152,
                    54,
                    0.43309277296066284
                ],
                [
                    168,
                    54,
                    0.44942253828048706
                ],
                [
                    144,
                    54,
                    0.28789055347442627
                ],
                [
                    176,
                    62,
                    0.46629515290260315
                ],
                [
                    304,
                    0,
                    1.0158374309539795
                ]
            ]
        },
        {
            "frame_index": 2,
            "id": 2,
            "person_id": null,
            "keypoints": [
                [
                    160,
                    70,
                    0.6620256304740906
                ],
                [
                    152,
                    109,
                    0.7165793180465698
                ],
                [
                    112,
                    109,
                    0.6837599873542786
                ],
                [
                    72,
                    148,
                    0.5165021419525146
                ],
                [
                    72,
                    156,
                    0.05396728217601776
                ],
                [
                    200,
                    109,
                    0.6681616902351379
                ],
                [
                    240,
                    148,
                    0.5169922113418579
                ],
                [
                    304,
                    7,
                    0.026671824976801872
                ],
                [
                    64,
                    172,
                    0.05663435161113739
                ],
                [
                    72,
                    164,
                    0.04552348703145981
                ],
                [
                    64,
                    164,
                    0.027598168700933456
                ],
                [
                    64,
                    172,
                    0.04295624420046806
                ],
                [
                    64,
                    164,
                    0.01782333105802536
                ],
                [
                    304,
                    172,
                    0.01941930688917637
                ],
                [
                    152,
                    62,
                    0.6689053177833557
                ],
                [
                    168,
                    54,
                    0.6244628429412842
                ],
                [
                    136,
                    62,
                    0.7279311418533325
                ],
                [
                    184,
                    62,
                    0.2642385959625244
                ],
                [
                    304,
                    0,
                    1.0166040658950806
                ]
            ]
        },
        {
            "frame_index": 3,
            "id": 3,
            "person_id": null,
            "keypoints": [
                [
                    272,
                    109,
                    0.036942556500434875
                ],
                [
                    152,
                    109,
                    0.7373758554458618
                ],
                [
                    112,
                    109,
                    0.6546630263328552
                ],
                [
                    72,
                    148,
                    0.5162153244018555
                ],
                [
                    72,
                    156,
                    0.05350998789072037
                ],
                [
                    192,
                    109,
                    0.6756213307380676
                ],
                [
                    240,
                    148,
                    0.5270965695381165
                ],
                [
                    272,
                    140,
                    0.0286040548235178
                ],
                [
                    64,
                    172,
                    0.0541740320622921
                ],
                [
                    72,
                    164,
                    0.04448564350605011
                ],
                [
                    240,
                    156,
                    0.03062041662633419
                ],
                [
                    64,
                    172,
                    0.03971852734684944
                ],
                [
                    64,
                    164,
                    0.01583956927061081
                ],
                [
                    304,
                    172,
                    0.020151259377598763
                ],
                [
                    272,
                    109,
                    0.06095607951283455
                ],
                [
                    272,
                    109,
                    0.04801441729068756
                ],
                [
                    152,
                    62,
                    0.06642758101224899
                ],
                [
                    176,
                    62,
                    0.10431946814060211
                ],
                [
                    304,
                    0,
                    1.0181005001068115
                ]
            ]
        }
    ],
    "category_id": 1
}