{
    "info": {
        "video_name": "1_303",
        "resolution": [
            320,
            180
        ],
        "num_frame": 3,
        "num_keypoints": 18,
        "keypoint_channels": [
            "x",
            "y",
            "score"
        ],
        "version": "1.0"
    },
    "annotations": [
        {
            "frame_index": 0,
            "id": 0,
            "person_id": null,
            "keypoints": [
                [
                    144,
                    109,
                    0.5950843095779419
                ],
                [
                    160,
                    101,
                    0.45775356888771057
                ],
                [
                    112,
                    109,
                    0.4949306547641754
                ],
                [
                    80,
                    148,
                    0.1406029313802719
                ],
                [
                    296,
                    0,
                    0.021996820345520973
                ],
                [
                    200,
                    101,
                    0.5723324418067932
                ],
                [
                    304,
                    164,
                    0.03535758703947067
                ],
                [
                    304,
                    7,
                    0.020757446065545082
                ],
                [
                    96,
                    172,
                    0.024114804342389107
                ],
                [
                    304,
                    164,
                    0.03633218631148338
                ],
                [
                    72,
                    156,
                    0.018515534698963165
                ],
                [
                    304,
                    156,
                    0.027772214263677597
                ],
                [
                    304,
                    172,
                    0.01746557652950287
                ],
                [
                    304,
                    172,
                    0.023171942681074142
                ],
                [
                    144,
                    101,
                    0.7524755597114563
                ],
                [
                    152,
                    101,
                    0.6064424514770508
                ],
                [
                    128,
                    62,
                    0.262935072183609
                ],
                [
                    176,
                    62,
                    0.6265842318534851
                ],
                [
                    304,
                    0,
                    1.0207290649414062
                ]
            ]
        },
        {
            "frame_index": 1,
            "id": 1,
            "person_id": null,
            "keypoints": [
                [
                    144,
                    109,
                    0.43924611806869507
                ],
                [
                    152,
                    101,
                    0.36104530096054077
                ],
                [
                    112,
                    109,
                    0.4725828468799591
                ],
                [
                    88,
                    148,
                    0.10542051494121552
                ],
                [
                    296,
                    0,
                    0.022267093881964684
                ],
                [
                    208,
                    101,
                    0.48701706528663635
                ],
                [
                    304,
                    164,
                    0.03612220287322998
                ],
                [
                    304,
                    7,
                    0.02027534507215023
                ],
                [
                    120,
                    172,
                    0.02620607055723667
                ],
                [
                    304,
                    164,
                    0.037080682814121246
                ],
                [
                    96,
                    156,
                    0.01661951094865799
                ],
                [
                    304,
                    156,
                    0.027931373566389084
                ],
                [
                    304,
                    172,
                    0.017310377210378647
                ],
                [
                    304,
                    172,
                    0.022458894178271294
                ],
                [
                    136,
                    101,
                    0.616637110710144
                ],
                [
                    152,
                    101,
                    0.5008508563041687
                ],
                [
                    128,
                    86,
                    0.06229507923126221
                ],
                [
                    176,
                    62,
                    0.6970152258872986
                ],
                [
                    304,
                    0,
                    1.020328402519226
                ]
            ]
        },
        {
            "frame_index": 2,
            "id": 2,
            "person_id": null,
            "keypoints": [
                [
                    144,
                    109,
                    0.537078857421875
                ],
                [
                    160,
                    101,
                    0.42332497239112854
                ],
                [
                    120,
                    101,
                    0.3448471426963806
                ],
                [
                    88,
                    140,
                    0.06952202320098877
                ],
                [
                    296,
                    0,
                    0.023460211232304573
                ],
                [
                    208,
                    101,
                    0.5349663496017456
                ],
                [
                    304,
                    164,
                    0.03597947210073471
                ],
                [
                    304,
                    7,
                    0.021399816498160362
                ],
                [
                    136,
                    140,
                    0.03689210116863251
                ],
                [
                    304,
                    164,
                    0.03681071847677231
                ],
                [
                    96,
                    156,
                    0.01563487946987152
                ],
                [
                    304,
                    156,
                    0.027735233306884766
                ],
                [
                    304,
                    172,
                    0.017412498593330383
                ],
                [
                    304,
                    172,
                    0.022625170648097992
                ],
                [
                    136,
                    101,
                    0.5434119701385498
                ],
                [
                    152,
                    101,
                    0.5524767637252808
                ],
                [
                    128,
                    62,
                    0.08415090292692184
                ],
                [
                    176,
                    62,
                    0.6921494007110596
                ],
                [
                    304,
                    0,
                    1.025178074836731
                ]
            ]
        }
    ],
    "category_id": 1
}