{
    "info": {
        "video_name": "1_306",
        "resolution": [
            320,
            180
        ],
        "num_frame": 3,
        "num_keypoints": 18,
        "keypoint_channels": [
            "x",
            "y",
            "score"
        ],
        "version": "1.0"
    },
    "annotations": [
        {
            "frame_index": 0,
            "id": 0,
            "person_id": null,
            "keypoints": [
                [
                    192,
                    62,
                    0.32261499762535095
                ],
                [
                    160,
                    117,
                    0.7005783915519714
                ],
                [
                    112,
                    117,
                    0.5731945633888245
                ],
                [
                    80,
                    148,
                    0.08948777616024017
                ],
                [
                    88,
                    133,
                    0.01610408164560795
                ],
                [
                    208,
                    117,
                    0.6181324124336243
                ],
                [
                    240,
                    148,
                    0.06625023484230042
                ],
                [
                    296,
                    7,
                    0.025997454300522804
                ],
                [
                    64,
                    172,
                    0.03928153216838837
                ],
                [
                    264,
                    172,
                    0.024935446679592133
                ],
                [
                    264,
                    172,
                    0.017192233353853226
                ],
                [
                    256,
                    172,
                    0.028698135167360306
                ],
                [
                    256,
                    172,
                    0.021164704114198685
                ],
                [
                    312,
                    164,
                    0.016731470823287964
                ],
                [
                    176,
                    62,
                    0.35414478182792664
                ],
                [
                    200,
                    54,
                    0.1396746039390564
                ],
                [
                    136,
                    62,
                    0.6985507607460022
                ],
                [
                    208,
                    54,
                    0.023006070405244827
                ],
                [
                    304,
                    101,
                    0.9988966584205627
                ]
            ]
        },
        {
            "frame_index": 1,
            "id": 1,
            "person_id": null,
            "keypoints": [
                [
                    192,
                    70,
                    0.548492968082428
                ],
                [
                    160,
                    117,
                    0.7237170338630676
                ],
                [
                    112,
                    117,
                    0.5814850330352783
                ],
                [
                    80,
                    148,
                    0.08223752677440643
                ],
                [
                    256,
                    172,
                    0.019405601546168327
                ],
                [
                    208,
                    109,
                    0.6319272518157959
                ],
                [
                    240,
                    148,
                    0.06050313264131546
                ],
                [
                    296,
                    164,
                    0.02323157526552677
                ],
                [
                    256,
                    172,
                    0.04341810196638107
                ],
                [
                    264,
                    172,
                    0.0272366963326931
                ],
                [
                    256,
                    172,
                    0.018472788855433464
                ],
                [
                    256,
                    172,
                    0.03976936265826225
                ],
                [
                    256,
                    172,
                    0.029461223632097244
                ],
                [
                    312,
                    164,
                    0.02233828604221344
                ],
                [
                    176,
                    54,
                    0.4211958348751068
                ],
                [
                    200,
                    54,
                    0.36527857184410095
                ],
                [
                    144,
                    62,
                    0.6716336607933044
                ],
                [
                    312,
                    15,
                    0.015904363244771957
                ],
                [
                    304,
                    109,
                    1.0059183835983276
                ]
            ]
        },
        {
            "frame_index": 2,
            "id": 2,
            "person_id": null,
            "keypoints": [
                [
                    192,
                    62,
                    0.45889219641685486
                ],
                [
                    160,
                    117,
                    0.7262064814567566
                ],
                [
                    112,
                    117,
                    0.5861804485321045
                ],
                [
                    80,
                    148,
                    0.05969400331377983
                ],
                [
                    256,
                    172,
                    0.020261861383914948
                ],
                [
                    208,
                    117,
                    0.6744598150253296
                ],
                [
                    240,
                    148,
                    0.06279639899730682
                ],
                [
                    296,
                    164,
                    0.023174496367573738
                ],
                [
                    264,
                    172,
                    0.044467344880104065
                ],
                [
                    256,
                    172,
                    0.030938468873500824
                ],
                [
                    256,
                    172,
                    0.020078744739294052
                ],
                [
                    256,
                    172,
                    0.03449120745062828
                ],
                [
                    256,
                    172,
                    0.02976187691092491
                ],
                [
                    264,
                    172,
                    0.020271746441721916
                ],
                [
                    176,
                    54,
                    0.41308775544166565
                ],
                [
                    200,
                    54,
                    0.23706679046154022
                ],
                [
                    136,
                    62,
                    0.697761595249176
                ],
                [
                    208,
                    54,
                    0.018442828208208084
                ],
                [
                    304,
                    101,
                    1.0094959735870361
                ]
            ]
        }
    ],
    "category_id": 1
}