{
    "info": {
        "video_name": "1_308",
        "resolution": [
            320,
            180
        ],
        "num_frame": 8,
        "num_keypoints": 18,
        "keypoint_channels": [
            "x",
            "y",
            "score"
        ],
        "version": "1.0"
    },
    "annotations": [
        {
            "frame_index": 0,
            "id": 0,
            "person_id": null,
            "keypoints": [
                [
                    152,
                    93,
                    0.3790353834629059
                ],
                [
                    160,
                    101,
                    0.6636410355567932
                ],
                [
                    120,
                    101,
                    0.6548488140106201
                ],
                [
                    72,
                    148,
                    0.48293301463127136
                ],
                [
                    296,
                    0,
                    0.023163849487900734
                ],
                [
                    200,
                    109,
                    0.6757414937019348
                ],
                [
                    240,
                    148,
                    0.5363627076148987
                ],
                [
                    224,
                    148,
                    0.042028240859508514
                ],
                [
                    144,
                    156,
                    0.056578129529953
                ],
                [
                    72,
                    164,
                    0.03654894605278969
                ],
                [
                    248,
                    156,
                    0.02776084654033184
                ],
                [
                    64,
                    172,
                    0.0423252135515213
                ],
                [
                    144,
                    164,
                    0.014261772856116295
                ],
                [
                    304,
                    172,
                    0.01818072609603405
                ],
                [
                    152,
                    86,
                    0.4307374656200409
                ],
                [
                    160,
                    86,
                    0.5914523005485535
                ],
                [
                    144,
                    78,
                    0.07762506604194641
                ],
                [
                    176,
                    78,
                    0.2599034607410431
                ],
                [
                    304,
                    0,
                    1.0106213092803955
                ]
            ]
        },
        {
            "frame_index": 1,
            "id": 1,
            "person_id": null,
            "keypoints": [
                [
                    160,
                    54,
                    0.34632420539855957
                ],
                [
                    160,
                    101,
                    0.725101888179779
                ],
                [
                    120,
                    101,
                    0.654321014881134
                ],
                [
                    72,
                    148,
                    0.49542275071144104
                ],
                [
                    296,
                    0,
                    0.024737881496548653
                ],
                [
                    200,
                    101,
                    0.6696508526802063
                ],
                [
                    240,
                    148,
                    0.5311573147773743
                ],
                [
                    232,
                    148,
                    0.03056303970515728
                ],
                [
                    136,
                    156,
                    0.06341631710529327
                ],
                [
                    72,
                    164,
                    0.03587235137820244
                ],
                [
                    240,
                    156,
                    0.02619086764752865
                ],
                [
                    128,
                    172,
                    0.04731772840023041
                ],
                [
                    136,
                    164,
                    0.015649696812033653
                ],
                [
                    304,
                    172,
                    0.018272198736667633
                ],
                [
                    152,
                    54,
                    0.364396333694458
                ],
                [
                    168,
                    46,
                    0.40475529432296753
                ],
                [
                    136,
                    62,
                    0.11904735118150711
                ],
                [
                    176,
                    62,
                    0.6138632893562317
                ],
                [
                    304,
                    0,
                    1.014846920967102
                ]
            ]
        },
        {
            "frame_index": 2,
            "id": 2,
            "person_id": null,
            "keypoints": [
                [
                    144,
                    93,
                    0.3084871172904968
                ],
                [
                    160,
                    101,
                    0.6815007925033569
                ],
                [
                    112,
                    101,
                    0.6963768005371094
                ],
                [
                    72,
                    148,
                    0.5021640062332153
                ],
                [
                    72,
                    156,
                    0.029623789712786674
                ],
                [
                    200,
                    101,
                    0.6758694052696228
                ],
                [
                    240,
                    148,
                    0.5631362795829773
                ],
                [
                    232,
                    148,
                    0.03292237967252731
                ],
                [
                    64,
                    172,
                    0.053054485470056534
                ],
                [
                    72,
                    164,
                    0.040052201598882675
                ],
                [
                    240,
                    156,
                    0.02670126222074032
                ],
                [
                    120,
                    172,
                    0.04321729391813278
                ],
                [
                    72,
                    164,
                    0.012988805770874023
                ],
                [
                    304,
                    172,
                    0.018192339688539505
                ],
                [
                    144,
                    93,
                    0.34951648116111755
                ],
                [
                    152,
                    93,
                    0.44907864928245544
                ],
                [
                    136,
                    54,
                    0.05346421152353287
                ],
                [
                    168,
                    78,
                    0.13534259796142578
                ],
                [
                    304,
                    0,
                    1.010365605354309
                ]
            ]
        },
        {
            "frame_index": 3,
            "id": 3,
            "person_id": null,
            "keypoints": [
                [
                    152,
                    54,
                    0.13617867231369019
                ],
                [
                    160,
                    101,
                    0.7336751818656921
                ],
                [
                    120,
                    101,
                    0.6741988062858582
                ],
                [
                    72,
                    148,
                    0.49405911564826965
                ],
                [
                    128,
                    156,
                    0.04410652816295624
                ],
                [
                    200,
                    101,
                    0.7114483118057251
                ],
                [
                    240,
                    148,
                    0.5667212605476379
                ],
                [
                    224,
                    148,
                    0.03663111478090286
                ],
                [
                    136,
                    156,
                    0.06633371114730835
                ],
                [
                    72,
                    164,
                    0.03832907974720001
                ],
                [
                    64,
                    164,
                    0.02745334804058075
                ],
                [
                    128,
                    172,
                    0.05292969569563866
                ],
                [
                    152,
                    93,
                    0.01562570407986641
                ],
                [
                    304,
                    172,
                    0.01805748976767063
                ],
                [
                    152,
                    54,
                    0.16932888329029083
                ],
                [
                    160,
                    46,
                    0.14155155420303345
                ],
                [
                    144,
                    54,
                    0.3335185647010803
                ],
                [
                    176,
                    62,
                    0.1548994779586792
                ],
                [
                    304,
                    0,
                    1.0140068531036377
                ]
            ]
        },
        {
            "frame_index": 4,
            "id": 4,
            "person_id": null,
            "keypoints": [
                [
                    176,
                    62,
                    0.5292871594429016
                ],
                [
                    160,
                    109,
                    0.6979936957359314
                ],
                [
                    120,
                    101,
                    0.6773651838302612
                ],
                [
                    72,
                    148,
                    0.5174996852874756
                ],
                [
                    120,
                    156,
                    0.035350970923900604
                ],
                [
                    200,
                    101,
                    0.6906498074531555
                ],
                [
                    240,
                    148,
                    0.5177457928657532
                ],
                [
                    224,
                    148,
                    0.03000403754413128
                ],
                [
                    64,
                    172,
                    0.050571903586387634
                ],
                [
                    72,
                    164,
                    0.03517589718103409
                ],
                [
                    64,
                    164,
                    0.02654251456260681
                ],
                [
                    120,
                    172,
                    0.04043298959732056
                ],
                [
                    64,
                    164,
                    0.01294641476124525
                ],
                [
                    304,
                    172,
                    0.017997359856963158
                ],
                [
                    168,
                    54,
                    0.41546884179115295
                ],
                [
                    184,
                    46,
                    0.2303609549999237
                ],
                [
                    144,
                    54,
                    0.7020920515060425
                ],
                [
                    192,
                    54,
                    0.06853015720844269
                ],
                [
                    304,
                    0,
                    1.0204991102218628
                ]
            ]
        },
        {
            "frame_index": 5,
            "id": 5,
            "person_id": null,
            "keypoints": [
                [
                    176,
                    62,
                    0.4699464440345764
                ],
                [
                    160,
                    109,
                    0.7300313115119934
                ],
                [
                    120,
                    101,
                    0.6944171190261841
                ],
                [
                    72,
                    148,
                    0.49946174025535583
                ],
                [
                    120,
                    156,
                    0.03649866580963135
                ],
                [
                    200,
                    109,
                    0.7012726664543152
                ],
                [
                    240,
                    148,
                    0.5450547933578491
                ],
                [
                    224,
                    148,
                    0.03308811038732529
                ],
                [
                    128,
                    172,
                    0.05110447108745575
                ],
                [
                    72,
                    164,
                    0.026793617755174637
                ],
                [
                    248,
                    156,
                    0.02486165426671505
                ],
                [
                    128,
                    172,
                    0.04370667412877083
                ],
                [
                    168,
                    172,
                    0.011769076809287071
                ],
                [
                    304,
                    172,
                    0.01793736219406128
                ],
                [
                    168,
                    54,
                    0.4168148636817932
                ],
                [
                    184,
                    46,
                    0.31829634308815
                ],
                [
                    144,
                    62,
                    0.6371217966079712
                ],
                [
                    192,
                    54,
                    0.15534579753875732
                ],
                [
                    304,
                    0,
                    1.0160834789276123
                ]
            ]
        },
        {
            "frame_index": 6,
            "id": 6,
            "person_id": null,
            "keypoints": [
                [
                    184,
                    54,
                    0.48923999071121216
                ],
                [
                    160,
                    109,
                    0.7075850963592529
                ],
                [
                    120,
                    101,
                    0.6916158199310303
                ],
                [
                    72,
                    148,
                    0.5095003247261047
                ],
                [
                    120,
                    148,
                    0.03008321113884449
                ],
                [
                    200,
                    109,
                    0.6785977482795715
                ],
                [
                    240,
                    148,
                    0.5592053532600403
                ],
                [
                    224,
                    148,
                    0.03084406442940235
                ],
                [
                    128,
                    172,
                    0.04973067343235016
                ],
                [
                    72,
                    164,
                    0.028663333505392075
                ],
                [
                    240,
                    156,
                    0.027340462431311607
                ],
                [
                    128,
                    172,
                    0.04096847027540207
                ],
                [
                    168,
                    172,
                    0.01194196566939354
                ],
                [
                    304,
                    172,
                    0.017838813364505768
                ],
                [
                    176,
                    46,
                    0.4013219177722931
                ],
                [
                    184,
                    46,
                    0.2823958098888397
                ],
                [
                    144,
                    62,
                    0.6558090448379517
                ],
                [
                    200,
                    54,
                    0.11904056370258331
                ],
                [
                    304,
                    0,
                    1.015091061592102
                ]
            ]
        },
        {
            "frame_index": 7,
            "id": 7,
            "person_id": null,
            "keypoints": [
                [
                    184,
                    54,
                    0.5648764371871948
                ],
                [
                    160,
                    109,
                    0.7198364734649658
                ],
                [
                    120,
                    101,
                    0.6742221713066101
                ],
                [
                    72,
                    148,
                    0.4986225366592407
                ],
                [
                    120,
                    156,
                    0.03121773712337017
                ],
                [
                    200,
                    109,
                    0.6803175806999207
                ],
                [
                    240,
                    148,
                    0.5443165898323059
                ],
                [
                    224,
                    148,
                    0.03153098374605179
                ],
                [
                    128,
                    172,
                    0.04768434911966324
                ],
                [
                    72,
                    164,
                    0.02684495970606804
                ],
                [
                    240,
                    156,
                    0.025527149438858032
                ],
                [
                    120,
                    172,
                    0.03921067714691162
                ],
                [
                    168,
                    172,
                    0.011250549927353859
                ],
                [
                    304,
                    172,
                    0.018071990460157394
                ],
                [
                    176,
                    46,
                    0.4420289099216461
                ],
                [
                    184,
                    46,
                    0.3207917809486389
                ],
                [
                    144,
                    62,
                    0.6875891089439392
                ],
                [
                    200,
                    54,
                    0.07389794290065765
                ],
                [
                    304,
                    0,
                    1.0136759281158447
                ]
            ]
        }
    ],
    "category_id": 1
}