{
    "info": {
        "video_name": "1_317",
        "resolution": [
            320,
            180
        ],
        "num_frame": 2,
        "num_keypoints": 18,
        "keypoint_channels": [
            "x",
            "y",
            "score"
        ],
        "version": "1.0"
    },
    "annotations": [
        {
            "frame_index": 0,
            "id": 0,
            "person_id": null,
            "keypoints": [
                [
                    144,
                    70,
                    0.34288087487220764
                ],
                [
                    152,
                    101,
                    0.6307513117790222
                ],
                [
                    96,
                    101,
                    0.6024823784828186
                ],
                [
                    72,
                    148,
                    0.1373707354068756
                ],
                [
                    0,
                    148,
                    0.028180226683616638
                ],
                [
                    216,
                    109,
                    0.5632917284965515
                ],
                [
                    256,
                    156,
                    0.13795208930969238
                ],
                [
                    304,
                    7,
                    0.024206364527344704
                ],
                [
                    256,
                    172,
                    0.05165030062198639
                ],
                [
                    304,
                    164,
                    0.029353328049182892
                ],
                [
                    0,
                    156,
                    0.02510489523410797
                ],
                [
                    256,
                    172,
                    0.06019526347517967
                ],
                [
                    256,
                    172,
                    0.02226903662085533
                ],
                [
                    304,
                    172,
                    0.022995691746473312
                ],
                [
                    136,
                    62,
                    0.24131742119789124
                ],
                [
                    152,
                    62,
                    0.2313716858625412
                ],
                [
                    120,
                    62,
                    0.5224859714508057
                ],
                [
                    168,
                    62,
                    0.6509677171707153
                ],
                [
                    304,
                    0,
                    1.0280773639678955
                ]
            ]
        },
        {
            "frame_index": 1,
            "id": 1,
            "person_id": null,
            "keypoints": [
                [
                    152,
                    101,
                    0.08434006571769714
                ],
                [
                    160,
                    109,
                    0.6321289539337158
                ],
                [
                    96,
                    101,
                    0.6347588300704956
                ],
                [
                    72,
                    148,
                    0.13717922568321228
                ],
                [
                    0,
                    148,
                    0.02588934451341629
                ],
                [
                    216,
                    109,
                    0.5516881942749023
                ],
                [
                    256,
                    156,
                    0.10989487171173096
                ],
                [
                    304,
                    7,
                    0.018744077533483505
                ],
                [
                    264,
                    172,
                    0.05113181471824646
                ],
                [
                    304,
                    164,
                    0.029269903898239136
                ],
                [
                    0,
                    156,
                    0.02689429186284542
                ],
                [
                    256,
                    172,
                    0.054051999002695084
                ],
                [
                    256,
                    172,
                    0.022938085719943047
                ],
                [
                    304,
                    172,
                    0.02311427891254425
                ],
                [
                    152,
                    101,
                    0.0823129266500473
                ],
                [
                    152,
                    101,
                    0.0341169610619545
                ],
                [
                    128,
                    62,
                    0.4945521354675293
                ],
                [
                    176,
                    54,
                    0.655303418636322
                ],
                [
                    304,
                    0,
                    1.0202269554138184
                ]
            ]
        }
    ],
    "category_id": 1
}