{
    "info": {
        "video_name": "1_312",
        "resolution": [
            320,
            180
        ],
        "num_frame": 4,
        "num_keypoints": 18,
        "keypoint_channels": [
            "x",
            "y",
            "score"
        ],
        "version": "1.0"
    },
    "annotations": [
        {
            "frame_index": 0,
            "id": 0,
            "person_id": null,
            "keypoints": [
                [
                    184,
                    70,
                    0.17059724032878876
                ],
                [
                    160,
                    109,
                    0.6033226251602173
                ],
                [
                    96,
                    109,
                    0.5431475043296814
                ],
                [
                    56,
                    148,
                    0.07987424731254578
                ],
                [
                    296,
                    0,
                    0.021460125222802162
                ],
                [
                    224,
                    109,
                    0.6167959570884705
                ],
                [
                    312,
                    172,
                    0.026503609493374825
                ],
                [
                    304,
                    7,
                    0.02121768333017826
                ],
                [
                    40,
                    172,
                    0.024870749562978745
                ],
                [
                    280,
                    172,
                    0.024360187351703644
                ],
                [
                    296,
                    15,
                    0.013177147135138512
                ],
                [
                    296,
                    0,
                    0.027475710958242416
                ],
                [
                    272,
                    172,
                    0.013035295531153679
                ],
                [
                    304,
                    172,
                    0.012445652857422829
                ],
                [
                    176,
                    62,
                    0.05962201952934265
                ],
                [
                    184,
                    62,
                    0.13615654408931732
                ],
                [
                    136,
                    54,
                    0.6633371114730835
                ],
                [
                    192,
                    62,
                    0.5525854825973511
                ],
                [
                    304,
                    0,
                    1.0217759609222412
                ]
            ]
        },
        {
            "frame_index": 1,
            "id": 1,
            "person_id": null,
            "keypoints": [
                [
                    184,
                    70,
                    0.37693801522254944
                ],
                [
                    160,
                    109,
                    0.6206019520759583
                ],
                [
                    96,
                    109,
                    0.5786270499229431
                ],
                [
                    56,
                    148,
                    0.08365239202976227
                ],
                [
                    296,
                    0,
                    0.02326984889805317
                ],
                [
                    224,
                    109,
                    0.5989892482757568
                ],
                [
                    312,
                    172,
                    0.02600119821727276
                ],
                [
                    304,
                    7,
                    0.022893717512488365
                ],
                [
                    40,
                    172,
                    0.028073415160179138
                ],
                [
                    280,
                    172,
                    0.025878161191940308
                ],
                [
                    296,
                    15,
                    0.013356383889913559
                ],
                [
                    296,
                    0,
                    0.03022635728120804
                ],
                [
                    272,
                    172,
                    0.012126852758228779
                ],
                [
                    280,
                    164,
                    0.011846112087368965
                ],
                [
                    176,
                    62,
                    0.2704210877418518
                ],
                [
                    192,
                    54,
                    0.22569340467453003
                ],
                [
                    136,
                    62,
                    0.7733014225959778
                ],
                [
                    192,
                    54,
                    0.32067224383354187
                ],
                [
                    304,
                    0,
                    1.0213947296142578
                ]
            ]
        },
        {
            "frame_index": 2,
            "id": 2,
            "person_id": null,
            "keypoints": [
                [
                    184,
                    70,
                    0.3661722242832184
                ],
                [
                    160,
                    109,
                    0.6099507212638855
                ],
                [
                    96,
                    109,
                    0.5349563360214233
                ],
                [
                    56,
                    148,
                    0.08290639519691467
                ],
                [
                    296,
                    0,
                    0.022188128903508186
                ],
                [
                    224,
                    109,
                    0.5947677493095398
                ],
                [
                    312,
                    172,
                    0.026245443150401115
                ],
                [
                    304,
                    7,
                    0.022174572572112083
                ],
                [
                    40,
                    172,
                    0.0283607579767704
                ],
                [
                    280,
                    172,
                    0.025798317044973373
                ],
                [
                    296,
                    15,
                    0.013775279745459557
                ],
                [
                    296,
                    0,
                    0.029126878827810287
                ],
                [
                    272,
                    172,
                    0.01221680361777544
                ],
                [
                    296,
                    172,
                    0.01325316820293665
                ],
                [
                    184,
                    62,
                    0.194766104221344
                ],
                [
                    192,
                    62,
                    0.22921505570411682
                ],
                [
                    136,
                    54,
                    0.7379054427146912
                ],
                [
                    192,
                    62,
                    0.36056196689605713
                ],
                [
                    304,
                    0,
                    1.021046757698059
                ]
            ]
        },
        {
            "frame_index": 3,
            "id": 3,
            "person_id": null,
            "keypoints": [
                [
                    160,
                    70,
                    0.14797194302082062
                ],
                [
                    160,
                    109,
                    0.6219226121902466
                ],
                [
                    96,
                    109,
                    0.5764169096946716
                ],
                [
                    64,
                    148,
                    0.07463066279888153
                ],
                [
                    296,
                    0,
                    0.022416528314352036
                ],
                [
                    224,
                    109,
                    0.5389899611473083
                ],
                [
                    312,
                    172,
                    0.027704941108822823
                ],
                [
                    304,
                    7,
                    0.020973743870854378
                ],
                [
                    160,
                    172,
                    0.023421401157975197
                ],
                [
                    280,
                    172,
                    0.021847885102033615
                ],
                [
                    296,
                    15,
                    0.01380506344139576
                ],
                [
                    296,
                    0,
                    0.028393670916557312
                ],
                [
                    128,
                    54,
                    0.011619151569902897
                ],
                [
                    152,
                    109,
                    0.01597699709236622
                ],
                [
                    160,
                    62,
                    0.09044480323791504
                ],
                [
                    168,
                    62,
                    0.10139919817447662
                ],
                [
                    136,
                    54,
                    0.5432608723640442
                ],
                [
                    192,
                    62,
                    0.7130874991416931
                ],
                [
                    304,
                    0,
                    1.0227292776107788
                ]
            ]
        }
    ],
    "category_id": 1
}