{
    "info": {
        "video_name": "1_322",
        "resolution": [
            320,
            180
        ],
        "num_frame": 5,
        "num_keypoints": 18,
        "keypoint_channels": [
            "x",
            "y",
            "score"
        ],
        "version": "1.0"
    },
    "annotations": [
        {
            "frame_index": 0,
            "id": 0,
            "person_id": null,
            "keypoints": [
                [
                    24,
                    164,
                    0.0450957752764225
                ],
                [
                    24,
                    117,
                    0.5868555903434753
                ],
                [
                    120,
                    93,
                    0.6058791279792786
                ],
                [
                    32,
                    133,
                    0.2529555857181549
                ],
                [
                    24,
                    140,
                    0.15337660908699036
                ],
                [
                    16,
                    117,
                    0.5761057734489441
                ],
                [
                    16,
                    133,
                    0.3048273026943207
                ],
                [
                    24,
                    140,
                    0.2270413488149643
                ],
                [
                    24,
                    148,
                    0.3829616606235504
                ],
                [
                    24,
                    164,
                    0.12659204006195068
                ],
                [
                    8,
                    172,
                    0.03750281035900116
                ],
                [
                    24,
                    148,
                    0.36657965183258057
                ],
                [
                    24,
                    164,
                    0.16278132796287537
                ],
                [
                    8,
                    164,
                    0.030631180852651596
                ],
                [
                    24,
                    164,
                    0.03354595974087715
                ],
                [
                    184,
                    62,
                    0.0774468332529068
                ],
                [
                    24,
                    109,
                    0.21504545211791992
                ],
                [
                    184,
                    62,
                    0.6771590113639832
                ],
                [
                    304,
                    0,
                    1.012103796005249
                ]
            ]
        },
        {
            "frame_index": 1,
            "id": 1,
            "person_id": null,
            "keypoints": [
                [
                    184,
                    70,
                    0.36885523796081543
                ],
                [
                    24,
                    117,
                    0.565613329410553
                ],
                [
                    120,
                    93,
                    0.6123799085617065
                ],
                [
                    32,
                    133,
                    0.23478442430496216
                ],
                [
                    24,
                    140,
                    0.14193862676620483
                ],
                [
                    16,
                    117,
                    0.556540846824646
                ],
                [
                    16,
                    133,
                    0.2832488715648651
                ],
                [
                    24,
                    140,
                    0.21725131571292877
                ],
                [
                    24,
                    148,
                    0.3573596179485321
                ],
                [
                    24,
                    164,
                    0.11972690373659134
                ],
                [
                    8,
                    164,
                    0.03576667606830597
                ],
                [
                    24,
                    148,
                    0.35739865899086
                ],
                [
                    24,
                    164,
                    0.1551448553800583
                ],
                [
                    8,
                    164,
                    0.03049727901816368
                ],
                [
                    184,
                    70,
                    0.39001700282096863
                ],
                [
                    184,
                    62,
                    0.11551016569137573
                ],
                [
                    176,
                    70,
                    0.43526044487953186
                ],
                [
                    16,
                    109,
                    0.3148249387741089
                ],
                [
                    304,
                    0,
                    1.012136697769165
                ]
            ]
        },
        {
            "frame_index": 2,
            "id": 2,
            "person_id": null,
            "keypoints": [
                [
                    152,
                    93,
                    0.6334474086761475
                ],
                [
                    24,
                    117,
                    0.5997295379638672
                ],
                [
                    112,
                    93,
                    0.6157024502754211
                ],
                [
                    32,
                    133,
                    0.2614216208457947
                ],
                [
                    24,
                    140,
                    0.14476311206817627
                ],
                [
                    16,
                    117,
                    0.5901964902877808
                ],
                [
                    16,
                    133,
                    0.32322990894317627
                ],
                [
                    24,
                    140,
                    0.2341710776090622
                ],
                [
                    24,
                    148,
                    0.3829672932624817
                ],
                [
                    24,
                    164,
                    0.1274234652519226
                ],
                [
                    8,
                    172,
                    0.037903252989053726
                ],
                [
                    24,
                    148,
                    0.37927716970443726
                ],
                [
                    24,
                    164,
                    0.16777247190475464
                ],
                [
                    8,
                    164,
                    0.03030974045395851
                ],
                [
                    144,
                    93,
                    0.5838537216186523
                ],
                [
                    160,
                    86,
                    0.6045125722885132
                ],
                [
                    24,
                    109,
                    0.2205149233341217
                ],
                [
                    176,
                    70,
                    0.7380170226097107
                ],
                [
                    304,
                    0,
                    1.0126279592514038
                ]
            ]
        },
        {
            "frame_index": 3,
            "id": 3,
            "person_id": null,
            "keypoints": [
                [
                    184,
                    62,
                    0.18855130672454834
                ],
                [
                    168,
                    101,
                    0.6602664589881897
                ],
                [
                    112,
                    93,
                    0.704207718372345
                ],
                [
                    32,
                    133,
                    0.1870507299900055
                ],
                [
                    136,
                    148,
                    0.16221992671489716
                ],
                [
                    224,
                    109,
                    0.5506916046142578
                ],
                [
                    272,
                    148,
                    0.27042508125305176
                ],
                [
                    24,
                    148,
                    0.16553516685962677
                ],
                [
                    24,
                    148,
                    0.3293313682079315
                ],
                [
                    24,
                    164,
                    0.08261051028966904
                ],
                [
                    8,
                    164,
                    0.029982494190335274
                ],
                [
                    24,
                    148,
                    0.2994769513607025
                ],
                [
                    24,
                    156,
                    0.11299891769886017
                ],
                [
                    8,
                    164,
                    0.027266202494502068
                ],
                [
                    184,
                    54,
                    0.26871418952941895
                ],
                [
                    184,
                    54,
                    0.16092485189437866
                ],
                [
                    184,
                    62,
                    0.4326542615890503
                ],
                [
                    16,
                    109,
                    0.29992038011550903
                ],
                [
                    304,
                    0,
                    1.0167412757873535
                ]
            ]
        },
        {
            "frame_index": 4,
            "id": 4,
            "person_id": null,
            "keypoints": [
                [
                    24,
                    164,
                    0.034375932067632675
                ],
                [
                    176,
                    101,
                    0.5291857719421387
                ],
                [
                    112,
                    93,
                    0.6640905737876892
                ],
                [
                    72,
                    156,
                    0.2407291829586029
                ],
                [
                    16,
                    148,
                    0.0689368024468422
                ],
                [
                    224,
                    101,
                    0.609174907207489
                ],
                [
                    264,
                    148,
                    0.25359228253364563
                ],
                [
                    24,
                    148,
                    0.1459297388792038
                ],
                [
                    24,
                    148,
                    0.30493444204330444
                ],
                [
                    24,
                    164,
                    0.06491836905479431
                ],
                [
                    80,
                    164,
                    0.03533900901675224
                ],
                [
                    24,
                    148,
                    0.2838763892650604
                ],
                [
                    24,
                    156,
                    0.09927480667829514
                ],
                [
                    8,
                    164,
                    0.024889282882213593
                ],
                [
                    32,
                    164,
                    0.02550821378827095
                ],
                [
                    24,
                    117,
                    0.037763193249702454
                ],
                [
                    24,
                    109,
                    0.1801505982875824
                ],
                [
                    200,
                    62,
                    0.599266529083252
                ],
                [
                    304,
                    0,
                    1.0172573328018188
                ]
            ]
        }
    ],
    "category_id": 1
}