{
    "info": {
        "video_name": "1_32",
        "resolution": [
            320,
            180
        ],
        "num_frame": 6,
        "num_keypoints": 18,
        "keypoint_channels": [
            "x",
            "y",
            "score"
        ],
        "version": "1.0"
    },
    "annotations": [
        {
            "frame_index": 0,
            "id": 0,
            "person_id": null,
            "keypoints": [
                [
                    128,
                    39,
                    0.34514346718788147
                ],
                [
                    152,
                    101,
                    0.6041175127029419
                ],
                [
                    96,
                    93,
                    0.5925140380859375
                ],
                [
                    80,
                    156,
                    0.14551645517349243
                ],
                [
                    296,
                    0,
                    0.02400251291692257
                ],
                [
                    200,
                    93,
                    0.6140479445457458
                ],
                [
                    208,
                    156,
                    0.07629773020744324
                ],
                [
                    296,
                    148,
                    0.02768242172896862
                ],
                [
                    80,
                    172,
                    0.040295735001564026
                ],
                [
                    312,
                    172,
                    0.028884030878543854
                ],
                [
                    312,
                    164,
                    0.02314680814743042
                ],
                [
                    296,
                    0,
                    0.034889571368694305
                ],
                [
                    216,
                    172,
                    0.01346034649759531
                ],
                [
                    312,
                    172,
                    0.0261850468814373
                ],
                [
                    128,
                    31,
                    0.31535378098487854
                ],
                [
                    136,
                    31,
                    0.397712379693985
                ],
                [
                    120,
                    39,
                    0.44098973274230957
                ],
                [
                    168,
                    54,
                    0.7355929017066956
                ],
                [
                    296,
                    54,
                    1.0033113956451416
                ]
            ]
        },
        {
            "frame_index": 1,
            "id": 1,
            "person_id": null,
            "keypoints": [
                [
                    136,
                    39,
                    0.35960060358047485
                ],
                [
                    152,
                    101,
                    0.606319010257721
                ],
                [
                    96,
                    93,
                    0.5790845155715942
                ],
                [
                    80,
                    156,
                    0.14921444654464722
                ],
                [
                    296,
                    0,
                    0.024053042754530907
                ],
                [
                    208,
                    93,
                    0.5834780335426331
                ],
                [
                    216,
                    156,
                    0.07448279857635498
                ],
                [
                    296,
                    148,
                    0.02595389075577259
                ],
                [
                    80,
                    172,
                    0.04088851064443588
                ],
                [
                    312,
                    172,
                    0.029061585664749146
                ],
                [
                    312,
                    164,
                    0.023533035069704056
                ],
                [
                    296,
                    0,
                    0.03457041084766388
                ],
                [
                    312,
                    164,
                    0.013136900961399078
                ],
                [
                    312,
                    172,
                    0.02651524543762207
                ],
                [
                    128,
                    31,
                    0.3261730968952179
                ],
                [
                    136,
                    31,
                    0.27512219548225403
                ],
                [
                    120,
                    39,
                    0.22919657826423645
                ],
                [
                    168,
                    54,
                    0.7038083076477051
                ],
                [
                    296,
                    54,
                    1.003946304321289
                ]
            ]
        },
        {
            "frame_index": 2,
            "id": 2,
            "person_id": null,
            "keypoints": [
                [
                    128,
                    39,
                    0.3857537806034088
                ],
                [
                    152,
                    101,
                    0.6004351377487183
                ],
                [
                    96,
                    93,
                    0.585298478603363
                ],
                [
                    80,
                    156,
                    0.24976223707199097
                ],
                [
                    296,
                    0,
                    0.022488273680210114
                ],
                [
                    208,
                    93,
                    0.5936632752418518
                ],
                [
                    216,
                    156,
                    0.06352432072162628
                ],
                [
                    296,
                    148,
                    0.027231978252530098
                ],
                [
                    80,
                    172,
                    0.059642255306243896
                ],
                [
                    312,
                    172,
                    0.030436404049396515
                ],
                [
                    80,
                    164,
                    0.029777774587273598
                ],
                [
                    80,
                    172,
                    0.034507766366004944
                ],
                [
                    312,
                    164,
                    0.014617852866649628
                ],
                [
                    312,
                    172,
                    0.027426745742559433
                ],
                [
                    128,
                    31,
                    0.29969367384910583
                ],
                [
                    136,
                    31,
                    0.46025773882865906
                ],
                [
                    120,
                    39,
                    0.30949509143829346
                ],
                [
                    168,
                    46,
                    0.6544528603553772
                ],
                [
                    296,
                    54,
                    1.004521369934082
                ]
            ]
        },
        {
            "frame_index": 3,
            "id": 3,
            "person_id": null,
            "keypoints": [
                [
                    136,
                    39,
                    0.357160359621048
                ],
                [
                    152,
                    93,
                    0.6058520078659058
                ],
                [
                    96,
                    93,
                    0.5909745693206787
                ],
                [
                    80,
                    156,
                    0.2132646143436432
                ],
                [
                    296,
                    0,
                    0.022389475256204605
                ],
                [
                    208,
                    93,
                    0.5877556800842285
                ],
                [
                    216,
                    156,
                    0.0805579274892807
                ],
                [
                    296,
                    148,
                    0.027636462822556496
                ],
                [
                    80,
                    172,
                    0.05268626660108566
                ],
                [
                    312,
                    172,
                    0.030966393649578094
                ],
                [
                    312,
                    164,
                    0.02301538735628128
                ],
                [
                    296,
                    0,
                    0.03227456659078598
                ],
                [
                    80,
                    164,
                    0.01629858836531639
                ],
                [
                    312,
                    172,
                    0.02793230302631855
                ],
                [
                    128,
                    31,
                    0.26203298568725586
                ],
                [
                    136,
                    31,
                    0.3128170967102051
                ],
                [
                    120,
                    39,
                    0.2786576747894287
                ],
                [
                    168,
                    54,
                    0.6829701662063599
                ],
                [
                    304,
                    46,
                    1.0049254894256592
                ]
            ]
        },
        {
            "frame_index": 4,
            "id": 4,
            "person_id": null,
            "keypoints": [
                [
                    136,
                    31,
                    0.21154822409152985
                ],
                [
                    152,
                    101,
                    0.6010818481445312
                ],
                [
                    96,
                    93,
                    0.6174816489219666
                ],
                [
                    80,
                    156,
                    0.16690799593925476
                ],
                [
                    296,
                    0,
                    0.02249394729733467
                ],
                [
                    208,
                    93,
                    0.5837932229042053
                ],
                [
                    216,
                    156,
                    0.0707881897687912
                ],
                [
                    296,
                    148,
                    0.028336258605122566
                ],
                [
                    80,
                    172,
                    0.04290027171373367
                ],
                [
                    312,
                    172,
                    0.03053516522049904
                ],
                [
                    312,
                    164,
                    0.023170579224824905
                ],
                [
                    296,
                    0,
                    0.03205119073390961
                ],
                [
                    312,
                    164,
                    0.01474800705909729
                ],
                [
                    312,
                    172,
                    0.027776241302490234
                ],
                [
                    128,
                    31,
                    0.23096084594726562
                ],
                [
                    136,
                    23,
                    0.25941765308380127
                ],
                [
                    120,
                    39,
                    0.2722737193107605
                ],
                [
                    168,
                    54,
                    0.5781826376914978
                ],
                [
                    304,
                    46,
                    1.004502296447754
                ]
            ]
        },
        {
            "frame_index": 5,
            "id": 5,
            "person_id": null,
            "keypoints": [
                [
                    136,
                    31,
                    0.20165513455867767
                ],
                [
                    152,
                    93,
                    0.602630078792572
                ],
                [
                    96,
                    93,
                    0.6168416738510132
                ],
                [
                    80,
                    156,
                    0.15189950168132782
                ],
                [
                    296,
                    0,
                    0.022489439696073532
                ],
                [
                    208,
                    93,
                    0.585028350353241
                ],
                [
                    216,
                    156,
                    0.07460548728704453
                ],
                [
                    296,
                    148,
                    0.028309157118201256
                ],
                [
                    80,
                    172,
                    0.040450938045978546
                ],
                [
                    312,
                    172,
                    0.030541758984327316
                ],
                [
                    312,
                    164,
                    0.02316492423415184
                ],
                [
                    296,
                    0,
                    0.032023873180150986
                ],
                [
                    312,
                    164,
                    0.014756957069039345
                ],
                [
                    312,
                    172,
                    0.02778346836566925
                ],
                [
                    128,
                    31,
                    0.2256472110748291
                ],
                [
                    136,
                    31,
                    0.23070932924747467
                ],
                [
                    120,
                    39,
                    0.2482907772064209
                ],
                [
                    168,
                    46,
                    0.5900437235832214
                ],
                [
                    304,
                    46,
                    1.004586100578308
                ]
            ]
        }
    ],
    "category_id": 1
}