{
    "info": {
        "video_name": "1_328",
        "resolution": [
            320,
            180
        ],
        "num_frame": 2,
        "num_keypoints": 18,
        "keypoint_channels": [
            "x",
            "y",
            "score"
        ],
        "version": "1.0"
    },
    "annotations": [
        {
            "frame_index": 0,
            "id": 0,
            "person_id": null,
            "keypoints": [
                [
                    40,
                    125,
                    0.31219884753227234
                ],
                [
                    160,
                    93,
                    0.6666769981384277
                ],
                [
                    120,
                    86,
                    0.6437569260597229
                ],
                [
                    104,
                    148,
                    0.3198687434196472
                ],
                [
                    304,
                    140,
                    0.1605493277311325
                ],
                [
                    200,
                    93,
                    0.599456250667572
                ],
                [
                    208,
                    148,
                    0.20021304488182068
                ],
                [
                    296,
                    140,
                    0.1731816977262497
                ],
                [
                    296,
                    148,
                    0.2551238238811493
                ],
                [
                    304,
                    164,
                    0.0786922499537468
                ],
                [
                    288,
                    164,
                    0.043545112013816833
                ],
                [
                    296,
                    148,
                    0.24759459495544434
                ],
                [
                    288,
                    156,
                    0.09485810250043869
                ],
                [
                    296,
                    148,
                    0.05310947448015213
                ],
                [
                    40,
                    125,
                    0.2934785485267639
                ],
                [
                    40,
                    125,
                    0.292140394449234
                ],
                [
                    128,
                    54,
                    0.45463308691978455
                ],
                [
                    176,
                    62,
                    0.7883388996124268
                ],
                [
                    304,
                    0,
                    1.0094934701919556
                ]
            ]
        },
        {
            "frame_index": 1,
            "id": 1,
            "person_id": null,
            "keypoints": [
                [
                    136,
                    46,
                    0.4230862259864807
                ],
                [
                    160,
                    93,
                    0.611517608165741
                ],
                [
                    112,
                    86,
                    0.5836257934570312
                ],
                [
                    104,
                    148,
                    0.29428979754447937
                ],
                [
                    296,
                    140,
                    0.17074087262153625
                ],
                [
                    200,
                    86,
                    0.6217212677001953
                ],
                [
                    208,
                    148,
                    0.231706902384758
                ],
                [
                    296,
                    140,
                    0.1873171180486679
                ],
                [
                    296,
                    148,
                    0.27257490158081055
                ],
                [
                    304,
                    164,
                    0.08794409036636353
                ],
                [
                    288,
                    164,
                    0.055853866040706635
                ],
                [
                    296,
                    148,
                    0.26491639018058777
                ],
                [
                    288,
                    156,
                    0.10248224437236786
                ],
                [
                    296,
                    148,
                    0.05600826442241669
                ],
                [
                    136,
                    46,
                    0.37609368562698364
                ],
                [
                    144,
                    39,
                    0.3091588616371155
                ],
                [
                    128,
                    54,
                    0.4482291638851166
                ],
                [
                    176,
                    62,
                    0.7991530299186707
                ],
                [
                    304,
                    0,
                    1.0088555812835693
                ]
            ]
        }
    ],
    "category_id": 1
}