{
    "info": {
        "video_name": "1_325",
        "resolution": [
            320,
            180
        ],
        "num_frame": 3,
        "num_keypoints": 18,
        "keypoint_channels": [
            "x",
            "y",
            "score"
        ],
        "version": "1.0"
    },
    "annotations": [
        {
            "frame_index": 0,
            "id": 0,
            "person_id": null,
            "keypoints": [
                [
                    152,
                    93,
                    0.3569330871105194
                ],
                [
                    160,
                    86,
                    0.6114451885223389
                ],
                [
                    120,
                    86,
                    0.7131878137588501
                ],
                [
                    104,
                    148,
                    0.2314576655626297
                ],
                [
                    296,
                    140,
                    0.15284189581871033
                ],
                [
                    200,
                    86,
                    0.6352243423461914
                ],
                [
                    224,
                    156,
                    0.38461941480636597
                ],
                [
                    296,
                    140,
                    0.17135073244571686
                ],
                [
                    296,
                    148,
                    0.23009534180164337
                ],
                [
                    304,
                    164,
                    0.07180064916610718
                ],
                [
                    288,
                    156,
                    0.03463413938879967
                ],
                [
                    296,
                    148,
                    0.22113485634326935
                ],
                [
                    288,
                    156,
                    0.09189032763242722
                ],
                [
                    296,
                    148,
                    0.048868417739868164
                ],
                [
                    152,
                    86,
                    0.38150709867477417
                ],
                [
                    160,
                    86,
                    0.3479194641113281
                ],
                [
                    40,
                    117,
                    0.11856233328580856
                ],
                [
                    176,
                    54,
                    0.759337306022644
                ],
                [
                    304,
                    0,
                    1.007662057876587
                ]
            ]
        },
        {
            "frame_index": 1,
            "id": 1,
            "person_id": null,
            "keypoints": [
                [
                    160,
                    93,
                    0.42351892590522766
                ],
                [
                    160,
                    86,
                    0.610848605632782
                ],
                [
                    120,
                    86,
                    0.7353506088256836
                ],
                [
                    104,
                    148,
                    0.26739493012428284
                ],
                [
                    296,
                    140,
                    0.15548022091388702
                ],
                [
                    200,
                    86,
                    0.6364551186561584
                ],
                [
                    224,
                    156,
                    0.3856704831123352
                ],
                [
                    296,
                    140,
                    0.17542114853858948
                ],
                [
                    296,
                    148,
                    0.23698991537094116
                ],
                [
                    304,
                    164,
                    0.0731949508190155
                ],
                [
                    288,
                    156,
                    0.035440217703580856
                ],
                [
                    296,
                    148,
                    0.22500240802764893
                ],
                [
                    288,
                    156,
                    0.0922251045703888
                ],
                [
                    296,
                    148,
                    0.050369344651699066
                ],
                [
                    152,
                    86,
                    0.518063485622406
                ],
                [
                    160,
                    86,
                    0.42445850372314453
                ],
                [
                    40,
                    117,
                    0.12331680208444595
                ],
                [
                    176,
                    54,
                    0.6970702409744263
                ],
                [
                    304,
                    0,
                    1.007396936416626
                ]
            ]
        },
        {
            "frame_index": 2,
            "id": 2,
            "person_id": null,
            "keypoints": [
                [
                    160,
                    93,
                    0.36459335684776306
                ],
                [
                    160,
                    86,
                    0.6238303184509277
                ],
                [
                    120,
                    86,
                    0.7111785411834717
                ],
                [
                    104,
                    148,
                    0.23589462041854858
                ],
                [
                    296,
                    140,
                    0.15719634294509888
                ],
                [
                    200,
                    86,
                    0.6298919320106506
                ],
                [
                    224,
                    156,
                    0.3774113953113556
                ],
                [
                    296,
                    140,
                    0.17528881132602692
                ],
                [
                    296,
                    148,
                    0.23394463956356049
                ],
                [
                    304,
                    164,
                    0.07236519455909729
                ],
                [
                    288,
                    156,
                    0.03797738254070282
                ],
                [
                    296,
                    148,
                    0.22237269580364227
                ],
                [
                    288,
                    156,
                    0.09016291797161102
                ],
                [
                    296,
                    148,
                    0.050382792949676514
                ],
                [
                    152,
                    86,
                    0.3970071077346802
                ],
                [
                    160,
                    86,
                    0.34578633308410645
                ],
                [
                    136,
                    39,
                    0.1549064964056015
                ],
                [
                    184,
                    54,
                    0.6745768785476685
                ],
                [
                    304,
                    0,
                    1.008988857269287
                ]
            ]
        }
    ],
    "category_id": 1
}