{
    "info": {
        "video_name": "1_320",
        "resolution": [
            320,
            180
        ],
        "num_frame": 3,
        "num_keypoints": 18,
        "keypoint_channels": [
            "x",
            "y",
            "score"
        ],
        "version": "1.0"
    },
    "annotations": [
        {
            "frame_index": 0,
            "id": 0,
            "person_id": null,
            "keypoints": [
                [
                    136,
                    101,
                    0.2863467335700989
                ],
                [
                    152,
                    101,
                    0.623584508895874
                ],
                [
                    104,
                    101,
                    0.5270988345146179
                ],
                [
                    64,
                    156,
                    0.27980077266693115
                ],
                [
                    104,
                    86,
                    0.6846081614494324
                ],
                [
                    192,
                    101,
                    0.6018308997154236
                ],
                [
                    248,
                    148,
                    0.4634781777858734
                ],
                [
                    96,
                    93,
                    0.040891133248806
                ],
                [
                    64,
                    172,
                    0.06568539142608643
                ],
                [
                    64,
                    164,
                    0.035987623035907745
                ],
                [
                    64,
                    164,
                    0.027322132140398026
                ],
                [
                    8,
                    140,
                    0.07843740284442902
                ],
                [
                    64,
                    164,
                    0.02627769112586975
                ],
                [
                    8,
                    164,
                    0.011600816622376442
                ],
                [
                    136,
                    101,
                    0.2991192638874054
                ],
                [
                    144,
                    93,
                    0.34770575165748596
                ],
                [
                    128,
                    46,
                    0.24242013692855835
                ],
                [
                    168,
                    70,
                    0.6969866752624512
                ],
                [
                    304,
                    0,
                    1.0143386125564575
                ]
            ]
        },
        {
            "frame_index": 1,
            "id": 1,
            "person_id": null,
            "keypoints": [
                [
                    160,
                    62,
                    0.31107258796691895
                ],
                [
                    152,
                    109,
                    0.5962561964988708
                ],
                [
                    104,
                    101,
                    0.5591463446617126
                ],
                [
                    64,
                    156,
                    0.2367500364780426
                ],
                [
                    104,
                    86,
                    0.6910384893417358
                ],
                [
                    192,
                    109,
                    0.5753318071365356
                ],
                [
                    248,
                    148,
                    0.44890448451042175
                ],
                [
                    104,
                    86,
                    0.0629056990146637
                ],
                [
                    64,
                    172,
                    0.05984821170568466
                ],
                [
                    64,
                    164,
                    0.0327472947537899
                ],
                [
                    64,
                    164,
                    0.027942076325416565
                ],
                [
                    8,
                    140,
                    0.07659653574228287
                ],
                [
                    64,
                    164,
                    0.02005760371685028
                ],
                [
                    8,
                    164,
                    0.012033885344862938
                ],
                [
                    152,
                    62,
                    0.22503350675106049
                ],
                [
                    168,
                    54,
                    0.3668329417705536
                ],
                [
                    120,
                    70,
                    0.46202388405799866
                ],
                [
                    176,
                    62,
                    0.3745496869087219
                ],
                [
                    304,
                    0,
                    1.0179147720336914
                ]
            ]
        },
        {
            "frame_index": 2,
            "id": 2,
            "person_id": null,
            "keypoints": [
                [
                    136,
                    101,
                    0.445779025554657
                ],
                [
                    152,
                    101,
                    0.5426065921783447
                ],
                [
                    104,
                    101,
                    0.4720173478126526
                ],
                [
                    64,
                    156,
                    0.25798356533050537
                ],
                [
                    96,
                    86,
                    0.6999063491821289
                ],
                [
                    192,
                    101,
                    0.5958371162414551
                ],
                [
                    248,
                    148,
                    0.4940796494483948
                ],
                [
                    96,
                    93,
                    0.045175835490226746
                ],
                [
                    56,
                    172,
                    0.05795402452349663
                ],
                [
                    64,
                    164,
                    0.034505363553762436
                ],
                [
                    64,
                    164,
                    0.027720149606466293
                ],
                [
                    8,
                    140,
                    0.08071506768465042
                ],
                [
                    64,
                    172,
                    0.019636113196611404
                ],
                [
                    8,
                    164,
                    0.011644070968031883
                ],
                [
                    128,
                    93,
                    0.46635735034942627
                ],
                [
                    144,
                    93,
                    0.537941038608551
                ],
                [
                    120,
                    70,
                    0.27286607027053833
                ],
                [
                    168,
                    70,
                    0.7023269534111023
                ],
                [
                    304,
                    0,
                    1.0145636796951294
                ]
            ]
        }
    ],
    "category_id": 1
}