{
    "info": {
        "video_name": "1_327",
        "resolution": [
            320,
            180
        ],
        "num_frame": 3,
        "num_keypoints": 18,
        "keypoint_channels": [
            "x",
            "y",
            "score"
        ],
        "version": "1.0"
    },
    "annotations": [
        {
            "frame_index": 0,
            "id": 0,
            "person_id": null,
            "keypoints": [
                [
                    144,
                    86,
                    0.3701387345790863
                ],
                [
                    160,
                    125,
                    0.6160131692886353
                ],
                [
                    104,
                    125,
                    0.6070796251296997
                ],
                [
                    80,
                    148,
                    0.08317023515701294
                ],
                [
                    296,
                    0,
                    0.02376585826277733
                ],
                [
                    208,
                    125,
                    0.5696282386779785
                ],
                [
                    216,
                    148,
                    0.03353719413280487
                ],
                [
                    296,
                    7,
                    0.020727863535284996
                ],
                [
                    80,
                    172,
                    0.03689633309841156
                ],
                [
                    304,
                    164,
                    0.01762823946774006
                ],
                [
                    64,
                    156,
                    0.012996964156627655
                ],
                [
                    304,
                    156,
                    0.027064569294452667
                ],
                [
                    184,
                    70,
                    0.020632164552807808
                ],
                [
                    304,
                    172,
                    0.010763976722955704
                ],
                [
                    144,
                    86,
                    0.46872678399086
                ],
                [
                    152,
                    86,
                    0.4811685383319855
                ],
                [
                    120,
                    86,
                    0.06843249499797821
                ],
                [
                    176,
                    70,
                    0.706893265247345
                ],
                [
                    304,
                    0,
                    1.0187500715255737
                ]
            ]
        },
        {
            "frame_index": 1,
            "id": 1,
            "person_id": null,
            "keypoints": [
                [
                    144,
                    101,
                    0.6404801607131958
                ],
                [
                    160,
                    117,
                    0.6325876116752625
                ],
                [
                    104,
                    125,
                    0.5864284634590149
                ],
                [
                    80,
                    148,
                    0.0870383083820343
                ],
                [
                    296,
                    0,
                    0.02545049786567688
                ],
                [
                    216,
                    125,
                    0.5883805155754089
                ],
                [
                    216,
                    148,
                    0.034623317420482635
                ],
                [
                    296,
                    7,
                    0.022079648450016975
                ],
                [
                    72,
                    172,
                    0.04313011094927788
                ],
                [
                    304,
                    164,
                    0.017180033028125763
                ],
                [
                    64,
                    164,
                    0.012030525133013725
                ],
                [
                    296,
                    0,
                    0.02682052180171013
                ],
                [
                    184,
                    70,
                    0.021311568096280098
                ],
                [
                    304,
                    172,
                    0.010497961193323135
                ],
                [
                    144,
                    93,
                    0.621634840965271
                ],
                [
                    152,
                    93,
                    0.6122841238975525
                ],
                [
                    120,
                    86,
                    0.03889501839876175
                ],
                [
                    184,
                    70,
                    0.6359599232673645
                ],
                [
                    304,
                    0,
                    1.0194942951202393
                ]
            ]
        },
        {
            "frame_index": 2,
            "id": 2,
            "person_id": null,
            "keypoints": [
                [
                    144,
                    101,
                    0.5298585891723633
                ],
                [
                    160,
                    117,
                    0.6428173184394836
                ],
                [
                    104,
                    125,
                    0.5914196968078613
                ],
                [
                    80,
                    148,
                    0.0849408358335495
                ],
                [
                    296,
                    0,
                    0.02530881203711033
                ],
                [
                    208,
                    125,
                    0.6185489296913147
                ],
                [
                    224,
                    148,
                    0.037866219878196716
                ],
                [
                    296,
                    7,
                    0.02140231244266033
                ],
                [
                    72,
                    172,
                    0.04065260291099548
                ],
                [
                    304,
                    164,
                    0.016420310363173485
                ],
                [
                    72,
                    164,
                    0.01288858987390995
                ],
                [
                    296,
                    0,
                    0.02618895098567009
                ],
                [
                    184,
                    70,
                    0.017922598868608475
                ],
                [
                    304,
                    172,
                    0.01040035393089056
                ],
                [
                    144,
                    93,
                    0.6519001722335815
                ],
                [
                    160,
                    93,
                    0.7140535712242126
                ],
                [
                    128,
                    86,
                    0.09391814470291138
                ],
                [
                    184,
                    70,
                    0.6375102400779724
                ],
                [
                    304,
                    0,
                    1.0198817253112793
                ]
            ]
        }
    ],
    "category_id": 1
}