{
    "info": {
        "video_name": "1_338",
        "resolution": [
            320,
            180
        ],
        "num_frame": 2,
        "num_keypoints": 18,
        "keypoint_channels": [
            "x",
            "y",
            "score"
        ],
        "version": "1.0"
    },
    "annotations": [
        {
            "frame_index": 0,
            "id": 0,
            "person_id": null,
            "keypoints": [
                [
                    144,
                    39,
                    0.20993775129318237
                ],
                [
                    168,
                    101,
                    0.7088761925697327
                ],
                [
                    120,
                    101,
                    0.6491279006004333
                ],
                [
                    104,
                    156,
                    0.1685885190963745
                ],
                [
                    152,
                    23,
                    0.02766389027237892
                ],
                [
                    208,
                    101,
                    0.7247834205627441
                ],
                [
                    224,
                    148,
                    0.18536610901355743
                ],
                [
                    304,
                    7,
                    0.02814898081123829
                ],
                [
                    224,
                    172,
                    0.03678110986948013
                ],
                [
                    104,
                    164,
                    0.025978170335292816
                ],
                [
                    224,
                    156,
                    0.02237378992140293
                ],
                [
                    224,
                    172,
                    0.03957529366016388
                ],
                [
                    224,
                    172,
                    0.01635698229074478
                ],
                [
                    304,
                    156,
                    0.01808074116706848
                ],
                [
                    144,
                    23,
                    0.14551736414432526
                ],
                [
                    160,
                    23,
                    0.1664731204509735
                ],
                [
                    312,
                    156,
                    0.008970078080892563
                ],
                [
                    184,
                    54,
                    0.7811518907546997
                ],
                [
                    304,
                    0,
                    1.0172395706176758
                ]
            ]
        },
        {
            "frame_index": 1,
            "id": 1,
            "person_id": null,
            "keypoints": [
                [
                    152,
                    46,
                    0.14249397814273834
                ],
                [
                    168,
                    101,
                    0.6494154930114746
                ],
                [
                    120,
                    101,
                    0.6351115107536316
                ],
                [
                    104,
                    156,
                    0.1651010364294052
                ],
                [
                    296,
                    0,
                    0.022258911281824112
                ],
                [
                    208,
                    101,
                    0.6933686137199402
                ],
                [
                    224,
                    148,
                    0.12565550208091736
                ],
                [
                    304,
                    7,
                    0.028115244582295418
                ],
                [
                    112,
                    172,
                    0.03329671919345856
                ],
                [
                    104,
                    164,
                    0.025960277765989304
                ],
                [
                    224,
                    156,
                    0.018345583230257034
                ],
                [
                    224,
                    172,
                    0.03276507183909416
                ],
                [
                    224,
                    172,
                    0.014998357743024826
                ],
                [
                    304,
                    156,
                    0.018399296328425407
                ],
                [
                    152,
                    46,
                    0.1368480771780014
                ],
                [
                    168,
                    46,
                    0.10562927275896072
                ],
                [
                    144,
                    46,
                    0.03290407732129097
                ],
                [
                    176,
                    54,
                    0.7420814037322998
                ],
                [
                    304,
                    0,
                    1.0172255039215088
                ]
            ]
        }
    ],
    "category_id": 1
}