{
    "info": {
        "video_name": "1_349",
        "resolution": [
            320,
            180
        ],
        "num_frame": 6,
        "num_keypoints": 18,
        "keypoint_channels": [
            "x",
            "y",
            "score"
        ],
        "version": "1.0"
    },
    "annotations": [
        {
            "frame_index": 0,
            "id": 0,
            "person_id": null,
            "keypoints": [
                [
                    136,
                    31,
                    0.326894611120224
                ],
                [
                    160,
                    93,
                    0.5881621837615967
                ],
                [
                    112,
                    93,
                    0.5153023600578308
                ],
                [
                    80,
                    148,
                    0.26590776443481445
                ],
                [
                    8,
                    125,
                    0.04752892255783081
                ],
                [
                    208,
                    93,
                    0.5085023641586304
                ],
                [
                    248,
                    148,
                    0.2994231879711151
                ],
                [
                    184,
                    148,
                    0.0785919800400734
                ],
                [
                    8,
                    140,
                    0.12028199434280396
                ],
                [
                    8,
                    148,
                    0.03829793259501457
                ],
                [
                    248,
                    156,
                    0.022594355046749115
                ],
                [
                    8,
                    140,
                    0.11678048223257065
                ],
                [
                    16,
                    148,
                    0.030117549002170563
                ],
                [
                    296,
                    7,
                    0.01830141618847847
                ],
                [
                    128,
                    15,
                    0.15700849890708923
                ],
                [
                    152,
                    31,
                    0.20423844456672668
                ],
                [
                    8,
                    117,
                    0.08909419924020767
                ],
                [
                    176,
                    54,
                    0.7956745624542236
                ],
                [
                    296,
                    164,
                    1.0170140266418457
                ]
            ]
        },
        {
            "frame_index": 1,
            "id": 1,
            "person_id": null,
            "keypoints": [
                [
                    144,
                    39,
                    0.3481420576572418
                ],
                [
                    160,
                    93,
                    0.6180301308631897
                ],
                [
                    112,
                    86,
                    0.5406970381736755
                ],
                [
                    80,
                    148,
                    0.35842448472976685
                ],
                [
                    136,
                    148,
                    0.07201706618070602
                ],
                [
                    208,
                    93,
                    0.47226354479789734
                ],
                [
                    240,
                    148,
                    0.25293636322021484
                ],
                [
                    184,
                    148,
                    0.13501675426959991
                ],
                [
                    8,
                    140,
                    0.11783604323863983
                ],
                [
                    8,
                    148,
                    0.03803154081106186
                ],
                [
                    240,
                    156,
                    0.021118275821208954
                ],
                [
                    8,
                    140,
                    0.11494770646095276
                ],
                [
                    16,
                    148,
                    0.02912411093711853
                ],
                [
                    296,
                    7,
                    0.018216025084257126
                ],
                [
                    136,
                    31,
                    0.164985790848732
                ],
                [
                    160,
                    31,
                    0.2590961456298828
                ],
                [
                    8,
                    117,
                    0.08884225785732269
                ],
                [
                    176,
                    54,
                    0.6993181705474854
                ],
                [
                    296,
                    164,
                    1.0169706344604492
                ]
            ]
        },
        {
            "frame_index": 2,
            "id": 2,
            "person_id": null,
            "keypoints": [
                [
                    136,
                    46,
                    0.5497944951057434
                ],
                [
                    160,
                    93,
                    0.6288285255432129
                ],
                [
                    112,
                    86,
                    0.5868528485298157
                ],
                [
                    80,
                    148,
                    0.3817462921142578
                ],
                [
                    136,
                    148,
                    0.2273046225309372
                ],
                [
                    208,
                    93,
                    0.510861337184906
                ],
                [
                    248,
                    148,
                    0.2720407247543335
                ],
                [
                    184,
                    148,
                    0.16995076835155487
                ],
                [
                    8,
                    133,
                    0.16905248165130615
                ],
                [
                    8,
                    148,
                    0.054440513253211975
                ],
                [
                    0,
                    156,
                    0.03244919329881668
                ],
                [
                    8,
                    140,
                    0.17200610041618347
                ],
                [
                    8,
                    148,
                    0.056583791971206665
                ],
                [
                    296,
                    7,
                    0.019218282774090767
                ],
                [
                    136,
                    46,
                    0.2657702565193176
                ],
                [
                    144,
                    39,
                    0.48672887682914734
                ],
                [
                    8,
                    109,
                    0.10225928574800491
                ],
                [
                    184,
                    54,
                    0.6085183620452881
                ],
                [
                    296,
                    164,
                    1.017601728439331
                ]
            ]
        },
        {
            "frame_index": 3,
            "id": 3,
            "person_id": null,
            "keypoints": [
                [
                    152,
                    39,
                    0.3840258717536926
                ],
                [
                    160,
                    93,
                    0.64304518699646
                ],
                [
                    112,
                    86,
                    0.5714858770370483
                ],
                [
                    80,
                    148,
                    0.3613174557685852
                ],
                [
                    136,
                    148,
                    0.332128643989563
                ],
                [
                    208,
                    93,
                    0.4963838756084442
                ],
                [
                    240,
                    148,
                    0.22458429634571075
                ],
                [
                    184,
                    148,
                    0.21659427881240845
                ],
                [
                    8,
                    133,
                    0.17130683362483978
                ],
                [
                    8,
                    148,
                    0.05538114160299301
                ],
                [
                    0,
                    156,
                    0.031522516161203384
                ],
                [
                    8,
                    140,
                    0.1749744713306427
                ],
                [
                    8,
                    148,
                    0.05582718178629875
                ],
                [
                    296,
                    7,
                    0.01919347047805786
                ],
                [
                    144,
                    39,
                    0.16020995378494263
                ],
                [
                    160,
                    31,
                    0.3812640905380249
                ],
                [
                    136,
                    46,
                    0.14985401928424835
                ],
                [
                    184,
                    54,
                    0.6070433259010315
                ],
                [
                    296,
                    164,
                    1.0176310539245605
                ]
            ]
        },
        {
            "frame_index": 4,
            "id": 4,
            "person_id": null,
            "keypoints": [
                [
                    144,
                    39,
                    0.3112269639968872
                ],
                [
                    160,
                    93,
                    0.6224797368049622
                ],
                [
                    112,
                    93,
                    0.505818247795105
                ],
                [
                    80,
                    148,
                    0.3589398264884949
                ],
                [
                    136,
                    148,
                    0.18112751841545105
                ],
                [
                    208,
                    93,
                    0.5009406805038452
                ],
                [
                    240,
                    140,
                    0.14523503184318542
                ],
                [
                    184,
                    148,
                    0.0958850309252739
                ],
                [
                    8,
                    133,
                    0.16558173298835754
                ],
                [
                    8,
                    148,
                    0.053190186619758606
                ],
                [
                    0,
                    156,
                    0.029630523175001144
                ],
                [
                    8,
                    140,
                    0.1688852608203888
                ],
                [
                    8,
                    148,
                    0.05243206396698952
                ],
                [
                    296,
                    7,
                    0.018655436113476753
                ],
                [
                    144,
                    31,
                    0.1271609365940094
                ],
                [
                    160,
                    31,
                    0.19298791885375977
                ],
                [
                    8,
                    109,
                    0.09978542476892471
                ],
                [
                    184,
                    54,
                    0.7110073566436768
                ],
                [
                    296,
                    164,
                    1.017615795135498
                ]
            ]
        },
        {
            "frame_index": 5,
            "id": 5,
            "person_id": null,
            "keypoints": [
                [
                    144,
                    46,
                    0.30230140686035156
                ],
                [
                    160,
                    93,
                    0.6083986163139343
                ],
                [
                    112,
                    93,
                    0.5529682636260986
                ],
                [
                    80,
                    148,
                    0.23571257293224335
                ],
                [
                    8,
                    125,
                    0.07613372802734375
                ],
                [
                    208,
                    93,
                    0.5180879831314087
                ],
                [
                    240,
                    148,
                    0.15563365817070007
                ],
                [
                    184,
                    148,
                    0.1571096032857895
                ],
                [
                    8,
                    133,
                    0.1651400923728943
                ],
                [
                    8,
                    148,
                    0.053404390811920166
                ],
                [
                    0,
                    156,
                    0.029615379869937897
                ],
                [
                    8,
                    140,
                    0.1686447411775589
                ],
                [
                    8,
                    148,
                    0.052516333758831024
                ],
                [
                    296,
                    7,
                    0.0184005256742239
                ],
                [
                    128,
                    31,
                    0.1520800143480301
                ],
                [
                    152,
                    46,
                    0.23005247116088867
                ],
                [
                    120,
                    39,
                    0.11727164685726166
                ],
                [
                    176,
                    54,
                    0.7645136713981628
                ],
                [
                    296,
                    164,
                    1.0175352096557617
                ]
            ]
        }
    ],
    "category_id": 1
}