{
    "info": {
        "video_name": "1_344",
        "resolution": [
            320,
            180
        ],
        "num_frame": 3,
        "num_keypoints": 18,
        "keypoint_channels": [
            "x",
            "y",
            "score"
        ],
        "version": "1.0"
    },
    "annotations": [
        {
            "frame_index": 0,
            "id": 0,
            "person_id": null,
            "keypoints": [
                [
                    152,
                    54,
                    0.6156736612319946
                ],
                [
                    176,
                    93,
                    0.6426105499267578
                ],
                [
                    136,
                    86,
                    0.6426248550415039
                ],
                [
                    104,
                    140,
                    0.5469725131988525
                ],
                [
                    8,
                    140,
                    0.1344144493341446
                ],
                [
                    216,
                    86,
                    0.6566274762153625
                ],
                [
                    232,
                    156,
                    0.35521501302719116
                ],
                [
                    8,
                    148,
                    0.08354216068983078
                ],
                [
                    8,
                    140,
                    0.32169458270072937
                ],
                [
                    8,
                    156,
                    0.16220635175704956
                ],
                [
                    0,
                    164,
                    0.07186378538608551
                ],
                [
                    8,
                    140,
                    0.2946535050868988
                ],
                [
                    8,
                    156,
                    0.12010520696640015
                ],
                [
                    0,
                    164,
                    0.04803605377674103
                ],
                [
                    152,
                    46,
                    0.2547172009944916
                ],
                [
                    152,
                    54,
                    0.5625410079956055
                ],
                [
                    8,
                    109,
                    0.2217196524143219
                ],
                [
                    200,
                    62,
                    0.8083966374397278
                ],
                [
                    304,
                    0,
                    1.0096464157104492
                ]
            ]
        },
        {
            "frame_index": 1,
            "id": 1,
            "person_id": null,
            "keypoints": [
                [
                    152,
                    46,
                    0.49016064405441284
                ],
                [
                    168,
                    93,
                    0.5911551713943481
                ],
                [
                    128,
                    86,
                    0.6570614576339722
                ],
                [
                    104,
                    140,
                    0.5227012634277344
                ],
                [
                    8,
                    140,
                    0.10930254310369492
                ],
                [
                    208,
                    86,
                    0.6178082823753357
                ],
                [
                    232,
                    148,
                    0.4387219250202179
                ],
                [
                    184,
                    148,
                    0.09497445076704025
                ],
                [
                    8,
                    140,
                    0.29330191016197205
                ],
                [
                    8,
                    148,
                    0.13291266560554504
                ],
                [
                    0,
                    164,
                    0.06172534078359604
                ],
                [
                    8,
                    140,
                    0.27972710132598877
                ],
                [
                    8,
                    148,
                    0.10641348361968994
                ],
                [
                    8,
                    164,
                    0.03973713517189026
                ],
                [
                    152,
                    39,
                    0.16251744329929352
                ],
                [
                    160,
                    39,
                    0.5324710011482239
                ],
                [
                    8,
                    109,
                    0.20923513174057007
                ],
                [
                    192,
                    62,
                    0.8097425103187561
                ],
                [
                    304,
                    0,
                    1.0167350769042969
                ]
            ]
        },
        {
            "frame_index": 2,
            "id": 2,
            "person_id": null,
            "keypoints": [
                [
                    152,
                    46,
                    0.43415942788124084
                ],
                [
                    176,
                    93,
                    0.4917150139808655
                ],
                [
                    136,
                    86,
                    0.5889039039611816
                ],
                [
                    96,
                    148,
                    0.4979090392589569
                ],
                [
                    8,
                    140,
                    0.1506856083869934
                ],
                [
                    216,
                    86,
                    0.6247459053993225
                ],
                [
                    232,
                    148,
                    0.3968784511089325
                ],
                [
                    8,
                    148,
                    0.08358068764209747
                ],
                [
                    8,
                    140,
                    0.3567432165145874
                ],
                [
                    8,
                    156,
                    0.2032454013824463
                ],
                [
                    0,
                    164,
                    0.07752180099487305
                ],
                [
                    8,
                    140,
                    0.3190355896949768
                ],
                [
                    8,
                    156,
                    0.14311547577381134
                ],
                [
                    0,
                    164,
                    0.04932665824890137
                ],
                [
                    152,
                    39,
                    0.3267163038253784
                ],
                [
                    160,
                    39,
                    0.2655717432498932
                ],
                [
                    8,
                    109,
                    0.25206059217453003
                ],
                [
                    192,
                    62,
                    0.818313479423523
                ],
                [
                    304,
                    0,
                    1.0098956823349
                ]
            ]
        }
    ],
    "category_id": 1
}