{
    "info": {
        "video_name": "1_342",
        "resolution": [
            320,
            180
        ],
        "num_frame": 6,
        "num_keypoints": 18,
        "keypoint_channels": [
            "x",
            "y",
            "score"
        ],
        "version": "1.0"
    },
    "annotations": [
        {
            "frame_index": 0,
            "id": 0,
            "person_id": null,
            "keypoints": [
                [
                    128,
                    70,
                    0.38450556993484497
                ],
                [
                    168,
                    109,
                    0.6489143967628479
                ],
                [
                    128,
                    109,
                    0.5647456049919128
                ],
                [
                    72,
                    148,
                    0.15832771360874176
                ],
                [
                    296,
                    0,
                    0.02542259730398655
                ],
                [
                    200,
                    101,
                    0.5798953175544739
                ],
                [
                    240,
                    156,
                    0.28215670585632324
                ],
                [
                    240,
                    148,
                    0.021991373971104622
                ],
                [
                    64,
                    172,
                    0.051634468138217926
                ],
                [
                    240,
                    164,
                    0.024423066526651382
                ],
                [
                    32,
                    156,
                    0.02447652444243431
                ],
                [
                    240,
                    172,
                    0.06302239000797272
                ],
                [
                    240,
                    156,
                    0.03444680571556091
                ],
                [
                    304,
                    172,
                    0.013018293306231499
                ],
                [
                    128,
                    62,
                    0.09764201939105988
                ],
                [
                    144,
                    70,
                    0.3574174642562866
                ],
                [
                    24,
                    125,
                    0.07308715581893921
                ],
                [
                    168,
                    70,
                    0.7565670013427734
                ],
                [
                    296,
                    164,
                    1.0364537239074707
                ]
            ]
        },
        {
            "frame_index": 1,
            "id": 1,
            "person_id": null,
            "keypoints": [
                [
                    136,
                    70,
                    0.3074602484703064
                ],
                [
                    168,
                    109,
                    0.6412667036056519
                ],
                [
                    128,
                    109,
                    0.5741258263587952
                ],
                [
                    64,
                    156,
                    0.1849871575832367
                ],
                [
                    296,
                    0,
                    0.02403443492949009
                ],
                [
                    200,
                    101,
                    0.6143457293510437
                ],
                [
                    240,
                    156,
                    0.3225227892398834
                ],
                [
                    240,
                    164,
                    0.026389556005597115
                ],
                [
                    64,
                    172,
                    0.05265801399946213
                ],
                [
                    240,
                    164,
                    0.025993622839450836
                ],
                [
                    56,
                    164,
                    0.02744401805102825
                ],
                [
                    240,
                    172,
                    0.06660573184490204
                ],
                [
                    240,
                    156,
                    0.04236536845564842
                ],
                [
                    312,
                    172,
                    0.012273324653506279
                ],
                [
                    136,
                    62,
                    0.08054198324680328
                ],
                [
                    144,
                    62,
                    0.3024473488330841
                ],
                [
                    16,
                    133,
                    0.07002794742584229
                ],
                [
                    168,
                    62,
                    0.7423097491264343
                ],
                [
                    296,
                    164,
                    1.0371389389038086
                ]
            ]
        },
        {
            "frame_index": 2,
            "id": 2,
            "person_id": null,
            "keypoints": [
                [
                    128,
                    70,
                    0.38696324825286865
                ],
                [
                    160,
                    109,
                    0.6081961393356323
                ],
                [
                    128,
                    109,
                    0.5633058547973633
                ],
                [
                    64,
                    156,
                    0.1792060136795044
                ],
                [
                    296,
                    0,
                    0.023808829486370087
                ],
                [
                    200,
                    101,
                    0.615892767906189
                ],
                [
                    240,
                    156,
                    0.2979700267314911
                ],
                [
                    240,
                    164,
                    0.02337665669620037
                ],
                [
                    64,
                    172,
                    0.05328553915023804
                ],
                [
                    240,
                    164,
                    0.027200836688280106
                ],
                [
                    56,
                    164,
                    0.02719108946621418
                ],
                [
                    240,
                    172,
                    0.06253676861524582
                ],
                [
                    240,
                    156,
                    0.03947816044092178
                ],
                [
                    312,
                    172,
                    0.012264154851436615
                ],
                [
                    128,
                    62,
                    0.11716568470001221
                ],
                [
                    136,
                    62,
                    0.32652226090431213
                ],
                [
                    16,
                    133,
                    0.06779348850250244
                ],
                [
                    168,
                    62,
                    0.8211257457733154
                ],
                [
                    296,
                    164,
                    1.0369681119918823
                ]
            ]
        },
        {
            "frame_index": 3,
            "id": 3,
            "person_id": null,
            "keypoints": [
                [
                    136,
                    70,
                    0.2953778803348541
                ],
                [
                    168,
                    109,
                    0.6581558585166931
                ],
                [
                    128,
                    109,
                    0.5198652148246765
                ],
                [
                    72,
                    148,
                    0.17610616981983185
                ],
                [
                    16,
                    140,
                    0.02968030609190464
                ],
                [
                    200,
                    101,
                    0.5811842679977417
                ],
                [
                    240,
                    148,
                    0.33603447675704956
                ],
                [
                    240,
                    148,
                    0.04068803787231445
                ],
                [
                    64,
                    172,
                    0.054563626646995544
                ],
                [
                    240,
                    164,
                    0.02404898777604103
                ],
                [
                    64,
                    164,
                    0.02486121468245983
                ],
                [
                    240,
                    172,
                    0.05738388001918793
                ],
                [
                    240,
                    156,
                    0.031102254986763
                ],
                [
                    8,
                    164,
                    0.015119779855012894
                ],
                [
                    136,
                    62,
                    0.14258544147014618
                ],
                [
                    144,
                    62,
                    0.30440980195999146
                ],
                [
                    16,
                    125,
                    0.08547407388687134
                ],
                [
                    168,
                    70,
                    0.6894581913948059
                ],
                [
                    296,
                    164,
                    1.0372871160507202
                ]
            ]
        },
        {
            "frame_index": 4,
            "id": 4,
            "person_id": null,
            "keypoints": [
                [
                    136,
                    70,
                    0.2776562571525574
                ],
                [
                    160,
                    109,
                    0.6130812764167786
                ],
                [
                    120,
                    109,
                    0.5456571578979492
                ],
                [
                    64,
                    156,
                    0.1542205661535263
                ],
                [
                    296,
                    0,
                    0.024121642112731934
                ],
                [
                    200,
                    101,
                    0.6085416078567505
                ],
                [
                    240,
                    156,
                    0.2674364447593689
                ],
                [
                    240,
                    148,
                    0.027376720681786537
                ],
                [
                    64,
                    172,
                    0.05040693283081055
                ],
                [
                    240,
                    164,
                    0.02929702401161194
                ],
                [
                    32,
                    156,
                    0.02274565026164055
                ],
                [
                    240,
                    172,
                    0.05469534173607826
                ],
                [
                    240,
                    156,
                    0.03720478340983391
                ],
                [
                    160,
                    164,
                    0.012340148910880089
                ],
                [
                    136,
                    62,
                    0.0847596526145935
                ],
                [
                    144,
                    62,
                    0.23001526296138763
                ],
                [
                    16,
                    133,
                    0.07553087174892426
                ],
                [
                    168,
                    62,
                    0.6829847097396851
                ],
                [
                    296,
                    164,
                    1.0363194942474365
                ]
            ]
        },
        {
            "frame_index": 5,
            "id": 5,
            "person_id": null,
            "keypoints": [
                [
                    136,
                    70,
                    0.3036000430583954
                ],
                [
                    160,
                    109,
                    0.626140832901001
                ],
                [
                    120,
                    109,
                    0.5592188239097595
                ],
                [
                    64,
                    156,
                    0.16924290359020233
                ],
                [
                    296,
                    0,
                    0.02444508671760559
                ],
                [
                    200,
                    101,
                    0.6029947400093079
                ],
                [
                    240,
                    148,
                    0.24006862938404083
                ],
                [
                    240,
                    148,
                    0.024382812902331352
                ],
                [
                    64,
                    172,
                    0.05386282876133919
                ],
                [
                    240,
                    164,
                    0.02658669278025627
                ],
                [
                    56,
                    164,
                    0.024998117238283157
                ],
                [
                    240,
                    172,
                    0.05183785408735275
                ],
                [
                    240,
                    156,
                    0.029054682701826096
                ],
                [
                    304,
                    172,
                    0.012808948755264282
                ],
                [
                    136,
                    70,
                    0.14769314229488373
                ],
                [
                    144,
                    62,
                    0.31716033816337585
                ],
                [
                    16,
                    133,
                    0.0773131400346756
                ],
                [
                    168,
                    62,
                    0.6586916446685791
                ],
                [
                    296,
                    164,
                    1.0384787321090698
                ]
            ]
        }
    ],
    "category_id": 1
}