{
    "info": {
        "video_name": "1_347",
        "resolution": [
            320,
            180
        ],
        "num_frame": 4,
        "num_keypoints": 18,
        "keypoint_channels": [
            "x",
            "y",
            "score"
        ],
        "version": "1.0"
    },
    "annotations": [
        {
            "frame_index": 0,
            "id": 0,
            "person_id": null,
            "keypoints": [
                [
                    176,
                    70,
                    0.462336927652359
                ],
                [
                    168,
                    93,
                    0.5590367913246155
                ],
                [
                    128,
                    93,
                    0.6271958351135254
                ],
                [
                    104,
                    148,
                    0.28269320726394653
                ],
                [
                    24,
                    140,
                    0.06818047165870667
                ],
                [
                    208,
                    93,
                    0.40869462490081787
                ],
                [
                    200,
                    148,
                    0.6447630524635315
                ],
                [
                    184,
                    93,
                    0.7225870490074158
                ],
                [
                    24,
                    148,
                    0.1040128618478775
                ],
                [
                    24,
                    172,
                    0.03677848353981972
                ],
                [
                    104,
                    164,
                    0.027615591883659363
                ],
                [
                    24,
                    148,
                    0.084345743060112
                ],
                [
                    24,
                    156,
                    0.07172208279371262
                ],
                [
                    16,
                    164,
                    0.020615985617041588
                ],
                [
                    168,
                    70,
                    0.46345722675323486
                ],
                [
                    184,
                    62,
                    0.6863524317741394
                ],
                [
                    152,
                    70,
                    0.2828632593154907
                ],
                [
                    192,
                    62,
                    0.46685516834259033
                ],
                [
                    304,
                    0,
                    0.9998175501823425
                ]
            ]
        },
        {
            "frame_index": 1,
            "id": 1,
            "person_id": null,
            "keypoints": [
                [
                    192,
                    70,
                    0.473564475774765
                ],
                [
                    160,
                    93,
                    0.5961413383483887
                ],
                [
                    128,
                    93,
                    0.5927562713623047
                ],
                [
                    104,
                    156,
                    0.18210412561893463
                ],
                [
                    184,
                    93,
                    0.05141229182481766
                ],
                [
                    208,
                    93,
                    0.38421332836151123
                ],
                [
                    208,
                    156,
                    0.5435347557067871
                ],
                [
                    192,
                    101,
                    0.5982078909873962
                ],
                [
                    200,
                    172,
                    0.06501156091690063
                ],
                [
                    96,
                    164,
                    0.02355850115418434
                ],
                [
                    208,
                    164,
                    0.03131125122308731
                ],
                [
                    200,
                    172,
                    0.10971668362617493
                ],
                [
                    208,
                    156,
                    0.02375826984643936
                ],
                [
                    304,
                    156,
                    0.01630060188472271
                ],
                [
                    184,
                    62,
                    0.5539074540138245
                ],
                [
                    192,
                    62,
                    0.5644859075546265
                ],
                [
                    152,
                    78,
                    0.3752378821372986
                ],
                [
                    208,
                    164,
                    0.03510786592960358
                ],
                [
                    304,
                    0,
                    1.010544776916504
                ]
            ]
        },
        {
            "frame_index": 2,
            "id": 2,
            "person_id": null,
            "keypoints": [
                [
                    168,
                    62,
                    0.44737204909324646
                ],
                [
                    160,
                    93,
                    0.5705920457839966
                ],
                [
                    136,
                    93,
                    0.6138068437576294
                ],
                [
                    104,
                    148,
                    0.3873879611492157
                ],
                [
                    40,
                    140,
                    0.11742530018091202
                ],
                [
                    24,
                    117,
                    0.4073195159435272
                ],
                [
                    200,
                    148,
                    0.7165235280990601
                ],
                [
                    184,
                    93,
                    0.6961687207221985
                ],
                [
                    32,
                    148,
                    0.2750554382801056
                ],
                [
                    32,
                    164,
                    0.07175955921411514
                ],
                [
                    104,
                    164,
                    0.03146331384778023
                ],
                [
                    24,
                    148,
                    0.2221156358718872
                ],
                [
                    24,
                    156,
                    0.10212375968694687
                ],
                [
                    16,
                    164,
                    0.01872449368238449
                ],
                [
                    168,
                    54,
                    0.3905406594276428
                ],
                [
                    176,
                    54,
                    0.5322627425193787
                ],
                [
                    152,
                    54,
                    0.2490416169166565
                ],
                [
                    184,
                    62,
                    0.5111983418464661
                ],
                [
                    296,
                    164,
                    1.0254595279693604
                ]
            ]
        },
        {
            "frame_index": 3,
            "id": 3,
            "person_id": null,
            "keypoints": [
                [
                    144,
                    86,
                    0.5678021311759949
                ],
                [
                    168,
                    93,
                    0.6714466214179993
                ],
                [
                    128,
                    93,
                    0.5373672842979431
                ],
                [
                    96,
                    156,
                    0.18087109923362732
                ],
                [
                    96,
                    172,
                    0.04155579209327698
                ],
                [
                    200,
                    86,
                    0.6595337390899658
                ],
                [
                    208,
                    156,
                    0.5333507657051086
                ],
                [
                    152,
                    109,
                    0.552778959274292
                ],
                [
                    96,
                    172,
                    0.07772065699100494
                ],
                [
                    224,
                    164,
                    0.01813090220093727
                ],
                [
                    208,
                    164,
                    0.03338651359081268
                ],
                [
                    208,
                    172,
                    0.1278722584247589
                ],
                [
                    96,
                    172,
                    0.041084449738264084
                ],
                [
                    88,
                    172,
                    0.01443425565958023
                ],
                [
                    144,
                    78,
                    0.6918701529502869
                ],
                [
                    152,
                    78,
                    0.6182646155357361
                ],
                [
                    16,
                    133,
                    0.062934011220932
                ],
                [
                    168,
                    54,
                    0.7880783081054688
                ],
                [
                    304,
                    0,
                    1.0273066759109497
                ]
            ]
        }
    ],
    "category_id": 1
}