{
    "info": {
        "video_name": "1_345",
        "resolution": [
            320,
            180
        ],
        "num_frame": 4,
        "num_keypoints": 18,
        "keypoint_channels": [
            "x",
            "y",
            "score"
        ],
        "version": "1.0"
    },
    "annotations": [
        {
            "frame_index": 0,
            "id": 0,
            "person_id": null,
            "keypoints": [
                [
                    144,
                    54,
                    0.12891946732997894
                ],
                [
                    160,
                    109,
                    0.6090202331542969
                ],
                [
                    120,
                    101,
                    0.5074523091316223
                ],
                [
                    56,
                    156,
                    0.18699806928634644
                ],
                [
                    120,
                    101,
                    0.1816960722208023
                ],
                [
                    200,
                    101,
                    0.5643042325973511
                ],
                [
                    248,
                    148,
                    0.3450220823287964
                ],
                [
                    256,
                    148,
                    0.04456092417240143
                ],
                [
                    56,
                    172,
                    0.05421539396047592
                ],
                [
                    56,
                    164,
                    0.020924095064401627
                ],
                [
                    56,
                    164,
                    0.029360637068748474
                ],
                [
                    56,
                    172,
                    0.04324933886528015
                ],
                [
                    56,
                    164,
                    0.02171991392970085
                ],
                [
                    304,
                    172,
                    0.015045632608234882
                ],
                [
                    144,
                    46,
                    0.07774534821510315
                ],
                [
                    152,
                    46,
                    0.12341420352458954
                ],
                [
                    136,
                    46,
                    0.034350425004959106
                ],
                [
                    176,
                    70,
                    0.6960077285766602
                ],
                [
                    296,
                    164,
                    1.0115727186203003
                ]
            ]
        },
        {
            "frame_index": 1,
            "id": 1,
            "person_id": null,
            "keypoints": [
                [
                    144,
                    62,
                    0.07956399768590927
                ],
                [
                    160,
                    101,
                    0.6318624019622803
                ],
                [
                    120,
                    101,
                    0.6111391186714172
                ],
                [
                    56,
                    156,
                    0.19886526465415955
                ],
                [
                    296,
                    0,
                    0.023107659071683884
                ],
                [
                    200,
                    101,
                    0.5858347415924072
                ],
                [
                    248,
                    148,
                    0.31579527258872986
                ],
                [
                    256,
                    148,
                    0.04446333646774292
                ],
                [
                    56,
                    172,
                    0.05642376095056534
                ],
                [
                    304,
                    164,
                    0.020504094660282135
                ],
                [
                    56,
                    164,
                    0.026550738140940666
                ],
                [
                    56,
                    172,
                    0.04789167270064354
                ],
                [
                    56,
                    164,
                    0.02457594871520996
                ],
                [
                    304,
                    172,
                    0.015345010906457901
                ],
                [
                    144,
                    70,
                    0.05649543181061745
                ],
                [
                    144,
                    62,
                    0.06522028148174286
                ],
                [
                    136,
                    62,
                    0.046697646379470825
                ],
                [
                    176,
                    70,
                    0.6918311715126038
                ],
                [
                    304,
                    0,
                    1.0099421739578247
                ]
            ]
        },
        {
            "frame_index": 2,
            "id": 2,
            "person_id": null,
            "keypoints": [
                [
                    136,
                    70,
                    0.10568197071552277
                ],
                [
                    160,
                    101,
                    0.6285930275917053
                ],
                [
                    120,
                    101,
                    0.5968811511993408
                ],
                [
                    56,
                    156,
                    0.20953138172626495
                ],
                [
                    296,
                    0,
                    0.02318556420505047
                ],
                [
                    200,
                    101,
                    0.5943199992179871
                ],
                [
                    248,
                    148,
                    0.3145385682582855
                ],
                [
                    256,
                    148,
                    0.043435439467430115
                ],
                [
                    56,
                    172,
                    0.05590062960982323
                ],
                [
                    304,
                    164,
                    0.020370282232761383
                ],
                [
                    56,
                    164,
                    0.028944965451955795
                ],
                [
                    56,
                    172,
                    0.04549306631088257
                ],
                [
                    56,
                    164,
                    0.01897338218986988
                ],
                [
                    304,
                    172,
                    0.016462083905935287
                ],
                [
                    136,
                    70,
                    0.04539705440402031
                ],
                [
                    136,
                    70,
                    0.11098773032426834
                ],
                [
                    128,
                    62,
                    0.03335857018828392
                ],
                [
                    176,
                    70,
                    0.7122629880905151
                ],
                [
                    304,
                    0,
                    1.010223150253296
                ]
            ]
        },
        {
            "frame_index": 3,
            "id": 3,
            "person_id": null,
            "keypoints": [
                [
                    144,
                    54,
                    0.1036781519651413
                ],
                [
                    160,
                    109,
                    0.6338372230529785
                ],
                [
                    120,
                    109,
                    0.3848942220211029
                ],
                [
                    56,
                    156,
                    0.16783130168914795
                ],
                [
                    120,
                    101,
                    0.2952149510383606
                ],
                [
                    200,
                    101,
                    0.5515669584274292
                ],
                [
                    256,
                    148,
                    0.27790024876594543
                ],
                [
                    120,
                    101,
                    0.05752962827682495
                ],
                [
                    56,
                    172,
                    0.050040438771247864
                ],
                [
                    56,
                    164,
                    0.021166492253541946
                ],
                [
                    56,
                    164,
                    0.02879771590232849
                ],
                [
                    56,
                    172,
                    0.037056200206279755
                ],
                [
                    56,
                    172,
                    0.016665007919073105
                ],
                [
                    304,
                    172,
                    0.015745600685477257
                ],
                [
                    136,
                    54,
                    0.09958674013614655
                ],
                [
                    144,
                    46,
                    0.09541159868240356
                ],
                [
                    128,
                    54,
                    0.15048524737358093
                ],
                [
                    176,
                    70,
                    0.7041322588920593
                ],
                [
                    296,
                    164,
                    1.0132074356079102
                ]
            ]
        }
    ],
    "category_id": 1
}