{
    "info": {
        "video_name": "1_346",
        "resolution": [
            320,
            180
        ],
        "num_frame": 4,
        "num_keypoints": 18,
        "keypoint_channels": [
            "x",
            "y",
            "score"
        ],
        "version": "1.0"
    },
    "annotations": [
        {
            "frame_index": 0,
            "id": 0,
            "person_id": null,
            "keypoints": [
                [
                    136,
                    39,
                    0.23067250847816467
                ],
                [
                    152,
                    101,
                    0.6295526027679443
                ],
                [
                    104,
                    101,
                    0.5634815692901611
                ],
                [
                    72,
                    148,
                    0.2847084701061249
                ],
                [
                    296,
                    0,
                    0.02321033552289009
                ],
                [
                    200,
                    93,
                    0.671136200428009
                ],
                [
                    240,
                    148,
                    0.46623390913009644
                ],
                [
                    232,
                    156,
                    0.04078762233257294
                ],
                [
                    240,
                    172,
                    0.048239566385746
                ],
                [
                    288,
                    172,
                    0.018066639080643654
                ],
                [
                    280,
                    156,
                    0.018953513354063034
                ],
                [
                    240,
                    172,
                    0.06407821178436279
                ],
                [
                    240,
                    156,
                    0.02413860335946083
                ],
                [
                    304,
                    172,
                    0.015671461820602417
                ],
                [
                    136,
                    31,
                    0.15206922590732574
                ],
                [
                    152,
                    31,
                    0.14516668021678925
                ],
                [
                    40,
                    140,
                    0.05604091286659241
                ],
                [
                    176,
                    54,
                    0.8104420304298401
                ],
                [
                    312,
                    101,
                    0.9996156692504883
                ]
            ]
        },
        {
            "frame_index": 1,
            "id": 1,
            "person_id": null,
            "keypoints": [
                [
                    136,
                    39,
                    0.29207324981689453
                ],
                [
                    152,
                    101,
                    0.6268283724784851
                ],
                [
                    104,
                    101,
                    0.5724380016326904
                ],
                [
                    72,
                    148,
                    0.2900727391242981
                ],
                [
                    296,
                    0,
                    0.022601615637540817
                ],
                [
                    200,
                    93,
                    0.6754153370857239
                ],
                [
                    240,
                    148,
                    0.4671277701854706
                ],
                [
                    232,
                    156,
                    0.03888885676860809
                ],
                [
                    240,
                    172,
                    0.04702340066432953
                ],
                [
                    288,
                    172,
                    0.017851263284683228
                ],
                [
                    280,
                    156,
                    0.01850694790482521
                ],
                [
                    240,
                    172,
                    0.06331958621740341
                ],
                [
                    240,
                    156,
                    0.02315771020948887
                ],
                [
                    304,
                    172,
                    0.01581609435379505
                ],
                [
                    128,
                    31,
                    0.16632992029190063
                ],
                [
                    152,
                    31,
                    0.19012165069580078
                ],
                [
                    40,
                    140,
                    0.07965788245201111
                ],
                [
                    176,
                    54,
                    0.8097495436668396
                ],
                [
                    312,
                    101,
                    0.998809814453125
                ]
            ]
        },
        {
            "frame_index": 2,
            "id": 2,
            "person_id": null,
            "keypoints": [
                [
                    136,
                    31,
                    0.30500707030296326
                ],
                [
                    152,
                    101,
                    0.6312146186828613
                ],
                [
                    104,
                    101,
                    0.5807052254676819
                ],
                [
                    72,
                    148,
                    0.32567498087882996
                ],
                [
                    296,
                    0,
                    0.021361080929636955
                ],
                [
                    200,
                    93,
                    0.6361699104309082
                ],
                [
                    240,
                    148,
                    0.45682263374328613
                ],
                [
                    232,
                    156,
                    0.035825639963150024
                ],
                [
                    240,
                    172,
                    0.048068560659885406
                ],
                [
                    288,
                    172,
                    0.017684506252408028
                ],
                [
                    72,
                    156,
                    0.015617637895047665
                ],
                [
                    240,
                    172,
                    0.06210707128047943
                ],
                [
                    240,
                    156,
                    0.01999114453792572
                ],
                [
                    304,
                    172,
                    0.015870867297053337
                ],
                [
                    136,
                    31,
                    0.16901011765003204
                ],
                [
                    152,
                    31,
                    0.23266400396823883
                ],
                [
                    40,
                    140,
                    0.032015107572078705
                ],
                [
                    176,
                    54,
                    0.800441563129425
                ],
                [
                    312,
                    101,
                    0.9999510049819946
                ]
            ]
        },
        {
            "frame_index": 3,
            "id": 3,
            "person_id": null,
            "keypoints": [
                [
                    144,
                    54,
                    0.07666634768247604
                ],
                [
                    152,
                    101,
                    0.5844570994377136
                ],
                [
                    104,
                    101,
                    0.5459036231040955
                ],
                [
                    72,
                    148,
                    0.2734966576099396
                ],
                [
                    144,
                    15,
                    0.023579342290759087
                ],
                [
                    200,
                    93,
                    0.6126213073730469
                ],
                [
                    240,
                    148,
                    0.4437676668167114
                ],
                [
                    136,
                    15,
                    0.03491687774658203
                ],
                [
                    240,
                    172,
                    0.049348317086696625
                ],
                [
                    288,
                    172,
                    0.017707519233226776
                ],
                [
                    64,
                    156,
                    0.019975291565060616
                ],
                [
                    240,
                    172,
                    0.06684589385986328
                ],
                [
                    240,
                    156,
                    0.01707349345088005
                ],
                [
                    304,
                    172,
                    0.016209444031119347
                ],
                [
                    144,
                    46,
                    0.06189495697617531
                ],
                [
                    160,
                    46,
                    0.06797120720148087
                ],
                [
                    128,
                    46,
                    0.0209827721118927
                ],
                [
                    176,
                    54,
                    0.820025622844696
                ],
                [
                    312,
                    101,
                    0.999710738658905
                ]
            ]
        }
    ],
    "category_id": 1
}