{
    "info": {
        "video_name": "1_358",
        "resolution": [
            320,
            180
        ],
        "num_frame": 6,
        "num_keypoints": 18,
        "keypoint_channels": [
            "x",
            "y",
            "score"
        ],
        "version": "1.0"
    },
    "annotations": [
        {
            "frame_index": 0,
            "id": 0,
            "person_id": null,
            "keypoints": [
                [
                    136,
                    54,
                    0.44257479906082153
                ],
                [
                    152,
                    109,
                    0.6412726044654846
                ],
                [
                    112,
                    101,
                    0.6174907684326172
                ],
                [
                    80,
                    148,
                    0.43043574690818787
                ],
                [
                    120,
                    148,
                    0.4129716753959656
                ],
                [
                    200,
                    109,
                    0.5238199830055237
                ],
                [
                    240,
                    148,
                    0.42388394474983215
                ],
                [
                    32,
                    140,
                    0.09438085556030273
                ],
                [
                    24,
                    140,
                    0.15709954500198364
                ],
                [
                    32,
                    148,
                    0.06284407526254654
                ],
                [
                    240,
                    156,
                    0.027774155139923096
                ],
                [
                    24,
                    148,
                    0.13101939857006073
                ],
                [
                    24,
                    156,
                    0.08470722287893295
                ],
                [
                    120,
                    164,
                    0.025988511741161346
                ],
                [
                    136,
                    54,
                    0.1913769394159317
                ],
                [
                    144,
                    54,
                    0.5435085296630859
                ],
                [
                    32,
                    125,
                    0.11817356944084167
                ],
                [
                    176,
                    70,
                    0.6971772909164429
                ],
                [
                    312,
                    133,
                    1.0043461322784424
                ]
            ]
        },
        {
            "frame_index": 1,
            "id": 1,
            "person_id": null,
            "keypoints": [
                [
                    152,
                    62,
                    0.4130282402038574
                ],
                [
                    152,
                    109,
                    0.5810806751251221
                ],
                [
                    112,
                    101,
                    0.6880749464035034
                ],
                [
                    80,
                    148,
                    0.3580058217048645
                ],
                [
                    120,
                    148,
                    0.35227298736572266
                ],
                [
                    200,
                    109,
                    0.5455153584480286
                ],
                [
                    240,
                    148,
                    0.4581673741340637
                ],
                [
                    32,
                    140,
                    0.09224319458007812
                ],
                [
                    24,
                    140,
                    0.14755436778068542
                ],
                [
                    32,
                    148,
                    0.0633821114897728
                ],
                [
                    240,
                    156,
                    0.028658250346779823
                ],
                [
                    24,
                    148,
                    0.12228552252054214
                ],
                [
                    24,
                    156,
                    0.08290375769138336
                ],
                [
                    120,
                    164,
                    0.022102147340774536
                ],
                [
                    152,
                    62,
                    0.4223155677318573
                ],
                [
                    160,
                    62,
                    0.39436864852905273
                ],
                [
                    136,
                    62,
                    0.5743390917778015
                ],
                [
                    176,
                    70,
                    0.7990525960922241
                ],
                [
                    312,
                    133,
                    1.004107117652893
                ]
            ]
        },
        {
            "frame_index": 2,
            "id": 2,
            "person_id": null,
            "keypoints": [
                [
                    152,
                    62,
                    0.6135261654853821
                ],
                [
                    152,
                    101,
                    0.597971498966217
                ],
                [
                    112,
                    101,
                    0.6928647756576538
                ],
                [
                    80,
                    148,
                    0.358828067779541
                ],
                [
                    120,
                    148,
                    0.34848958253860474
                ],
                [
                    200,
                    109,
                    0.6006590127944946
                ],
                [
                    248,
                    148,
                    0.5000962615013123
                ],
                [
                    32,
                    140,
                    0.09314187616109848
                ],
                [
                    24,
                    140,
                    0.14698712527751923
                ],
                [
                    32,
                    148,
                    0.0636778175830841
                ],
                [
                    240,
                    156,
                    0.02877463772892952
                ],
                [
                    24,
                    148,
                    0.12009000033140182
                ],
                [
                    24,
                    156,
                    0.08194487541913986
                ],
                [
                    128,
                    164,
                    0.023364385589957237
                ],
                [
                    144,
                    54,
                    0.39153560996055603
                ],
                [
                    160,
                    54,
                    0.6149576902389526
                ],
                [
                    136,
                    62,
                    0.3493484854698181
                ],
                [
                    176,
                    70,
                    0.8432927131652832
                ],
                [
                    312,
                    133,
                    1.0042054653167725
                ]
            ]
        },
        {
            "frame_index": 3,
            "id": 3,
            "person_id": null,
            "keypoints": [
                [
                    152,
                    62,
                    0.5125648975372314
                ],
                [
                    160,
                    109,
                    0.6106851696968079
                ],
                [
                    112,
                    101,
                    0.664167046546936
                ],
                [
                    80,
                    148,
                    0.35214588046073914
                ],
                [
                    120,
                    148,
                    0.34431692957878113
                ],
                [
                    200,
                    109,
                    0.5686003565788269
                ],
                [
                    240,
                    148,
                    0.477083295583725
                ],
                [
                    32,
                    140,
                    0.09031400829553604
                ],
                [
                    24,
                    140,
                    0.15355223417282104
                ],
                [
                    32,
                    148,
                    0.06580370664596558
                ],
                [
                    240,
                    156,
                    0.029197892174124718
                ],
                [
                    24,
                    148,
                    0.12334958463907242
                ],
                [
                    24,
                    156,
                    0.083686962723732
                ],
                [
                    32,
                    172,
                    0.02125563472509384
                ],
                [
                    144,
                    54,
                    0.38523420691490173
                ],
                [
                    160,
                    62,
                    0.4663968086242676
                ],
                [
                    136,
                    62,
                    0.41168707609176636
                ],
                [
                    176,
                    70,
                    0.8104323148727417
                ],
                [
                    312,
                    133,
                    1.0043447017669678
                ]
            ]
        },
        {
            "frame_index": 4,
            "id": 4,
            "person_id": null,
            "keypoints": [
                [
                    152,
                    62,
                    0.5457549691200256
                ],
                [
                    160,
                    101,
                    0.6071833968162537
                ],
                [
                    112,
                    101,
                    0.6826280951499939
                ],
                [
                    80,
                    148,
                    0.4025089144706726
                ],
                [
                    120,
                    148,
                    0.36355462670326233
                ],
                [
                    200,
                    109,
                    0.5352275371551514
                ],
                [
                    248,
                    148,
                    0.5446022152900696
                ],
                [
                    32,
                    140,
                    0.09294532239437103
                ],
                [
                    32,
                    148,
                    0.15337201952934265
                ],
                [
                    32,
                    148,
                    0.061020635068416595
                ],
                [
                    240,
                    156,
                    0.029567666351795197
                ],
                [
                    24,
                    148,
                    0.12492519617080688
                ],
                [
                    24,
                    156,
                    0.08184404671192169
                ],
                [
                    120,
                    164,
                    0.02575605735182762
                ],
                [
                    144,
                    54,
                    0.40881964564323425
                ],
                [
                    160,
                    62,
                    0.541063129901886
                ],
                [
                    136,
                    62,
                    0.3507716953754425
                ],
                [
                    176,
                    70,
                    0.8053461909294128
                ],
                [
                    312,
                    133,
                    1.0047428607940674
                ]
            ]
        },
        {
            "frame_index": 5,
            "id": 5,
            "person_id": null,
            "keypoints": [
                [
                    152,
                    62,
                    0.6168195009231567
                ],
                [
                    160,
                    101,
                    0.5784153938293457
                ],
                [
                    112,
                    101,
                    0.6671342849731445
                ],
                [
                    80,
                    148,
                    0.41861000657081604
                ],
                [
                    120,
                    148,
                    0.36919692158699036
                ],
                [
                    192,
                    101,
                    0.5341432690620422
                ],
                [
                    240,
                    148,
                    0.5288647413253784
                ],
                [
                    32,
                    148,
                    0.09214664250612259
                ],
                [
                    32,
                    148,
                    0.17042525112628937
                ],
                [
                    32,
                    164,
                    0.06605054438114166
                ],
                [
                    240,
                    156,
                    0.029515793547034264
                ],
                [
                    24,
                    148,
                    0.14034731686115265
                ],
                [
                    24,
                    156,
                    0.08973520994186401
                ],
                [
                    128,
                    164,
                    0.027805525809526443
                ],
                [
                    144,
                    54,
                    0.42653360962867737
                ],
                [
                    160,
                    54,
                    0.5455715656280518
                ],
                [
                    136,
                    62,
                    0.33925318717956543
                ],
                [
                    176,
                    70,
                    0.8226077556610107
                ],
                [
                    312,
                    133,
                    1.0045504570007324
                ]
            ]
        }
    ],
    "category_id": 1
}