{
    "info": {
        "video_name": "1_354",
        "resolution": [
            320,
            180
        ],
        "num_frame": 4,
        "num_keypoints": 18,
        "keypoint_channels": [
            "x",
            "y",
            "score"
        ],
        "version": "1.0"
    },
    "annotations": [
        {
            "frame_index": 0,
            "id": 0,
            "person_id": null,
            "keypoints": [
                [
                    152,
                    101,
                    0.41269436478614807
                ],
                [
                    152,
                    133,
                    0.28397905826568604
                ],
                [
                    104,
                    125,
                    0.5017171502113342
                ],
                [
                    40,
                    7,
                    0.04504529759287834
                ],
                [
                    296,
                    0,
                    0.027610091492533684
                ],
                [
                    216,
                    140,
                    0.20743396878242493
                ],
                [
                    40,
                    0,
                    0.018700243905186653
                ],
                [
                    296,
                    0,
                    0.021181495860219002
                ],
                [
                    64,
                    15,
                    0.038642581552267075
                ],
                [
                    304,
                    164,
                    0.020641855895519257
                ],
                [
                    296,
                    15,
                    0.012299507856369019
                ],
                [
                    168,
                    7,
                    0.040306832641363144
                ],
                [
                    160,
                    62,
                    0.014287412166595459
                ],
                [
                    304,
                    172,
                    0.01752934791147709
                ],
                [
                    152,
                    93,
                    0.5453160405158997
                ],
                [
                    168,
                    93,
                    0.44678598642349243
                ],
                [
                    136,
                    86,
                    0.16964155435562134
                ],
                [
                    200,
                    62,
                    0.5991360545158386
                ],
                [
                    304,
                    0,
                    1.0127240419387817
                ]
            ]
        },
        {
            "frame_index": 1,
            "id": 1,
            "person_id": null,
            "keypoints": [
                [
                    152,
                    62,
                    0.03308679163455963
                ],
                [
                    160,
                    133,
                    0.4391026496887207
                ],
                [
                    104,
                    125,
                    0.49605563282966614
                ],
                [
                    168,
                    54,
                    0.032095469534397125
                ],
                [
                    296,
                    0,
                    0.02477419562637806
                ],
                [
                    200,
                    117,
                    0.3409382402896881
                ],
                [
                    224,
                    140,
                    0.021266499534249306
                ],
                [
                    296,
                    7,
                    0.021665217354893684
                ],
                [
                    56,
                    15,
                    0.039083532989025116
                ],
                [
                    304,
                    164,
                    0.02162574976682663
                ],
                [
                    296,
                    15,
                    0.01208251342177391
                ],
                [
                    40,
                    7,
                    0.02861401066184044
                ],
                [
                    176,
                    70,
                    0.009292423725128174
                ],
                [
                    304,
                    172,
                    0.01825825311243534
                ],
                [
                    144,
                    62,
                    0.027901608496904373
                ],
                [
                    0,
                    0,
                    0.023910244926810265
                ],
                [
                    136,
                    62,
                    0.4961891770362854
                ],
                [
                    312,
                    15,
                    0.01210638228803873
                ],
                [
                    304,
                    0,
                    1.0093605518341064
                ]
            ]
        },
        {
            "frame_index": 2,
            "id": 2,
            "person_id": null,
            "keypoints": [
                [
                    184,
                    62,
                    0.1866137534379959
                ],
                [
                    160,
                    133,
                    0.45740655064582825
                ],
                [
                    96,
                    125,
                    0.4848703444004059
                ],
                [
                    88,
                    148,
                    0.022774502635002136
                ],
                [
                    296,
                    0,
                    0.025718936696648598
                ],
                [
                    200,
                    117,
                    0.352114200592041
                ],
                [
                    8,
                    7,
                    0.020226703956723213
                ],
                [
                    296,
                    0,
                    0.026316659525036812
                ],
                [
                    176,
                    15,
                    0.0376860685646534
                ],
                [
                    168,
                    39,
                    0.023984789848327637
                ],
                [
                    0,
                    15,
                    0.012933647260069847
                ],
                [
                    296,
                    0,
                    0.030892930924892426
                ],
                [
                    176,
                    31,
                    0.01984378881752491
                ],
                [
                    304,
                    172,
                    0.01743527501821518
                ],
                [
                    168,
                    54,
                    0.1447397619485855
                ],
                [
                    0,
                    0,
                    0.02482624351978302
                ],
                [
                    136,
                    62,
                    0.673130989074707
                ],
                [
                    312,
                    15,
                    0.012060056440532207
                ],
                [
                    304,
                    0,
                    1.0048011541366577
                ]
            ]
        },
        {
            "frame_index": 3,
            "id": 3,
            "person_id": null,
            "keypoints": [
                [
                    152,
                    101,
                    0.6681450605392456
                ],
                [
                    160,
                    125,
                    0.43928179144859314
                ],
                [
                    104,
                    125,
                    0.5368932485580444
                ],
                [
                    40,
                    7,
                    0.040151260793209076
                ],
                [
                    296,
                    0,
                    0.025877514854073524
                ],
                [
                    208,
                    125,
                    0.32430994510650635
                ],
                [
                    48,
                    7,
                    0.02188626118004322
                ],
                [
                    296,
                    0,
                    0.019756803289055824
                ],
                [
                    176,
                    7,
                    0.059617459774017334
                ],
                [
                    304,
                    164,
                    0.020160764455795288
                ],
                [
                    296,
                    15,
                    0.013065587729215622
                ],
                [
                    168,
                    7,
                    0.03883891552686691
                ],
                [
                    136,
                    86,
                    0.010839390568435192
                ],
                [
                    304,
                    172,
                    0.017121320590376854
                ],
                [
                    144,
                    93,
                    0.8278325796127319
                ],
                [
                    160,
                    86,
                    0.6664428114891052
                ],
                [
                    128,
                    86,
                    0.022138210013508797
                ],
                [
                    192,
                    62,
                    0.7325896620750427
                ],
                [
                    304,
                    0,
                    1.0188943147659302
                ]
            ]
        }
    ],
    "category_id": 1
}