{
    "info": {
        "video_name": "1_360",
        "resolution": [
            320,
            180
        ],
        "num_frame": 5,
        "num_keypoints": 18,
        "keypoint_channels": [
            "x",
            "y",
            "score"
        ],
        "version": "1.0"
    },
    "annotations": [
        {
            "frame_index": 0,
            "id": 0,
            "person_id": null,
            "keypoints": [
                [
                    160,
                    54,
                    0.28460580110549927
                ],
                [
                    152,
                    93,
                    0.574222207069397
                ],
                [
                    112,
                    93,
                    0.6145387291908264
                ],
                [
                    72,
                    148,
                    0.283324271440506
                ],
                [
                    24,
                    140,
                    0.1154734268784523
                ],
                [
                    208,
                    101,
                    0.5270138382911682
                ],
                [
                    256,
                    148,
                    0.406291127204895
                ],
                [
                    200,
                    148,
                    0.06714750081300735
                ],
                [
                    16,
                    140,
                    0.15688231587409973
                ],
                [
                    24,
                    164,
                    0.07144805788993835
                ],
                [
                    16,
                    172,
                    0.04142142832279205
                ],
                [
                    16,
                    148,
                    0.1472301334142685
                ],
                [
                    24,
                    156,
                    0.11142434179782867
                ],
                [
                    16,
                    172,
                    0.03243377059698105
                ],
                [
                    152,
                    46,
                    0.2817988991737366
                ],
                [
                    160,
                    46,
                    0.21075792610645294
                ],
                [
                    144,
                    46,
                    0.486808180809021
                ],
                [
                    184,
                    54,
                    0.7492766976356506
                ],
                [
                    304,
                    101,
                    1.005458116531372
                ]
            ]
        },
        {
            "frame_index": 1,
            "id": 1,
            "person_id": null,
            "keypoints": [
                [
                    152,
                    46,
                    0.4446769654750824
                ],
                [
                    160,
                    93,
                    0.6135486364364624
                ],
                [
                    120,
                    86,
                    0.6185177564620972
                ],
                [
                    72,
                    148,
                    0.23765848577022552
                ],
                [
                    152,
                    148,
                    0.1916409581899643
                ],
                [
                    216,
                    101,
                    0.5697290301322937
                ],
                [
                    256,
                    148,
                    0.4394124448299408
                ],
                [
                    24,
                    148,
                    0.06428653746843338
                ],
                [
                    16,
                    140,
                    0.13314275443553925
                ],
                [
                    24,
                    164,
                    0.05355064570903778
                ],
                [
                    16,
                    172,
                    0.033113010227680206
                ],
                [
                    16,
                    148,
                    0.10997724533081055
                ],
                [
                    24,
                    156,
                    0.08926039934158325
                ],
                [
                    16,
                    172,
                    0.026756953448057175
                ],
                [
                    152,
                    39,
                    0.27753153443336487
                ],
                [
                    160,
                    39,
                    0.5289604067802429
                ],
                [
                    24,
                    117,
                    0.08732203394174576
                ],
                [
                    184,
                    54,
                    0.8020851016044617
                ],
                [
                    304,
                    101,
                    1.0058104991912842
                ]
            ]
        },
        {
            "frame_index": 2,
            "id": 2,
            "person_id": null,
            "keypoints": [
                [
                    160,
                    54,
                    0.15094321966171265
                ],
                [
                    160,
                    93,
                    0.5112484693527222
                ],
                [
                    120,
                    93,
                    0.578257143497467
                ],
                [
                    72,
                    148,
                    0.24691008031368256
                ],
                [
                    24,
                    140,
                    0.11110758781433105
                ],
                [
                    208,
                    101,
                    0.49452105164527893
                ],
                [
                    264,
                    148,
                    0.43853598833084106
                ],
                [
                    24,
                    148,
                    0.06756018102169037
                ],
                [
                    24,
                    148,
                    0.16101723909378052
                ],
                [
                    24,
                    164,
                    0.06758894771337509
                ],
                [
                    16,
                    172,
                    0.040581218898296356
                ],
                [
                    16,
                    148,
                    0.14878617227077484
                ],
                [
                    24,
                    156,
                    0.10576429218053818
                ],
                [
                    16,
                    172,
                    0.03171328082680702
                ],
                [
                    160,
                    46,
                    0.18764282763004303
                ],
                [
                    176,
                    54,
                    0.19835123419761658
                ],
                [
                    152,
                    46,
                    0.5068631172180176
                ],
                [
                    184,
                    62,
                    0.7288700938224792
                ],
                [
                    304,
                    101,
                    1.0037578344345093
                ]
            ]
        },
        {
            "frame_index": 3,
            "id": 3,
            "person_id": null,
            "keypoints": [
                [
                    24,
                    125,
                    0.04486600682139397
                ],
                [
                    160,
                    93,
                    0.4806133210659027
                ],
                [
                    120,
                    93,
                    0.5529118776321411
                ],
                [
                    72,
                    148,
                    0.2850801944732666
                ],
                [
                    24,
                    140,
                    0.11473754793405533
                ],
                [
                    208,
                    109,
                    0.41653087735176086
                ],
                [
                    264,
                    148,
                    0.4133821725845337
                ],
                [
                    16,
                    148,
                    0.06915027648210526
                ],
                [
                    24,
                    148,
                    0.16275526583194733
                ],
                [
                    24,
                    164,
                    0.07214263826608658
                ],
                [
                    16,
                    172,
                    0.040490277111530304
                ],
                [
                    16,
                    148,
                    0.15445327758789062
                ],
                [
                    24,
                    156,
                    0.11132032424211502
                ],
                [
                    16,
                    172,
                    0.031033698469400406
                ],
                [
                    280,
                    117,
                    0.04645093157887459
                ],
                [
                    280,
                    117,
                    0.051637254655361176
                ],
                [
                    144,
                    46,
                    0.18805381655693054
                ],
                [
                    184,
                    70,
                    0.5795824527740479
                ],
                [
                    304,
                    101,
                    1.0054374933242798
                ]
            ]
        },
        {
            "frame_index": 4,
            "id": 4,
            "person_id": null,
            "keypoints": [
                [
                    136,
                    54,
                    0.46243521571159363
                ],
                [
                    152,
                    101,
                    0.5567831993103027
                ],
                [
                    112,
                    93,
                    0.5944438576698303
                ],
                [
                    72,
                    148,
                    0.3280775845050812
                ],
                [
                    24,
                    140,
                    0.11444225162267685
                ],
                [
                    200,
                    109,
                    0.42603129148483276
                ],
                [
                    264,
                    148,
                    0.46953320503234863
                ],
                [
                    16,
                    148,
                    0.06935527920722961
                ],
                [
                    24,
                    148,
                    0.16857926547527313
                ],
                [
                    24,
                    164,
                    0.07457554340362549
                ],
                [
                    16,
                    172,
                    0.03992540389299393
                ],
                [
                    16,
                    148,
                    0.15987460315227509
                ],
                [
                    24,
                    156,
                    0.11381818354129791
                ],
                [
                    16,
                    172,
                    0.030558954924345016
                ],
                [
                    136,
                    46,
                    0.12388280034065247
                ],
                [
                    144,
                    46,
                    0.583461582660675
                ],
                [
                    24,
                    117,
                    0.09379193931818008
                ],
                [
                    176,
                    70,
                    0.8040550947189331
                ],
                [
                    304,
                    101,
                    1.00520920753479
                ]
            ]
        }
    ],
    "category_id": 1
}