{
    "info": {
        "video_name": "1_365",
        "resolution": [
            320,
            180
        ],
        "num_frame": 2,
        "num_keypoints": 18,
        "keypoint_channels": [
            "x",
            "y",
            "score"
        ],
        "version": "1.0"
    },
    "annotations": [
        {
            "frame_index": 0,
            "id": 0,
            "person_id": null,
            "keypoints": [
                [
                    144,
                    78,
                    0.30396103858947754
                ],
                [
                    160,
                    109,
                    0.3760899007320404
                ],
                [
                    96,
                    109,
                    0.4234236776828766
                ],
                [
                    40,
                    148,
                    0.07458575069904327
                ],
                [
                    296,
                    0,
                    0.025899307802319527
                ],
                [
                    200,
                    101,
                    0.4068095088005066
                ],
                [
                    248,
                    148,
                    0.032662533223629
                ],
                [
                    200,
                    140,
                    0.2586561441421509
                ],
                [
                    16,
                    78,
                    0.04755261540412903
                ],
                [
                    304,
                    164,
                    0.035483501851558685
                ],
                [
                    280,
                    156,
                    0.01751776412129402
                ],
                [
                    296,
                    0,
                    0.034244995564222336
                ],
                [
                    104,
                    70,
                    0.015052620321512222
                ],
                [
                    8,
                    7,
                    0.02176685445010662
                ],
                [
                    128,
                    70,
                    0.24054546654224396
                ],
                [
                    144,
                    70,
                    0.18266233801841736
                ],
                [
                    112,
                    70,
                    0.5861813426017761
                ],
                [
                    168,
                    70,
                    0.05953477323055267
                ],
                [
                    304,
                    0,
                    1.0168358087539673
                ]
            ]
        },
        {
            "frame_index": 1,
            "id": 1,
            "person_id": null,
            "keypoints": [
                [
                    168,
                    86,
                    0.15822334587574005
                ],
                [
                    160,
                    117,
                    0.3977687656879425
                ],
                [
                    104,
                    109,
                    0.5036557912826538
                ],
                [
                    56,
                    148,
                    0.08159686625003815
                ],
                [
                    296,
                    0,
                    0.02618788555264473
                ],
                [
                    216,
                    109,
                    0.3800773024559021
                ],
                [
                    272,
                    156,
                    0.05129249393939972
                ],
                [
                    88,
                    7,
                    0.03155215084552765
                ],
                [
                    24,
                    15,
                    0.03617408126592636
                ],
                [
                    304,
                    164,
                    0.03492691367864609
                ],
                [
                    280,
                    164,
                    0.020191224291920662
                ],
                [
                    296,
                    0,
                    0.03523433208465576
                ],
                [
                    128,
                    78,
                    0.016203509643673897
                ],
                [
                    8,
                    7,
                    0.018192753195762634
                ],
                [
                    160,
                    78,
                    0.09844812750816345
                ],
                [
                    176,
                    78,
                    0.07691793888807297
                ],
                [
                    136,
                    78,
                    0.6509772539138794
                ],
                [
                    192,
                    78,
                    0.11628133058547974
                ],
                [
                    304,
                    0,
                    1.0138362646102905
                ]
            ]
        }
    ],
    "category_id": 1
}