{
    "info": {
        "video_name": "1_364",
        "resolution": [
            320,
            180
        ],
        "num_frame": 5,
        "num_keypoints": 18,
        "keypoint_channels": [
            "x",
            "y",
            "score"
        ],
        "version": "1.0"
    },
    "annotations": [
        {
            "frame_index": 0,
            "id": 0,
            "person_id": null,
            "keypoints": [
                [
                    152,
                    78,
                    0.11414505541324615
                ],
                [
                    152,
                    109,
                    0.5921774506568909
                ],
                [
                    96,
                    109,
                    0.5767979025840759
                ],
                [
                    56,
                    148,
                    0.071074940264225
                ],
                [
                    296,
                    0,
                    0.022838275879621506
                ],
                [
                    208,
                    109,
                    0.5177261233329773
                ],
                [
                    256,
                    148,
                    0.047378674149513245
                ],
                [
                    296,
                    7,
                    0.017813853919506073
                ],
                [
                    272,
                    172,
                    0.033944591879844666
                ],
                [
                    304,
                    164,
                    0.03290525823831558
                ],
                [
                    280,
                    164,
                    0.024162253364920616
                ],
                [
                    272,
                    172,
                    0.031030941754579544
                ],
                [
                    272,
                    172,
                    0.02023022249341011
                ],
                [
                    0,
                    7,
                    0.017389880493283272
                ],
                [
                    144,
                    78,
                    0.15254350006580353
                ],
                [
                    0,
                    0,
                    0.02519392780959606
                ],
                [
                    128,
                    78,
                    0.7458746433258057
                ],
                [
                    184,
                    78,
                    0.10481083393096924
                ],
                [
                    304,
                    0,
                    1.015810489654541
                ]
            ]
        },
        {
            "frame_index": 1,
            "id": 1,
            "person_id": null,
            "keypoints": [
                [
                    144,
                    86,
                    0.053819864988327026
                ],
                [
                    152,
                    109,
                    0.6493416428565979
                ],
                [
                    96,
                    109,
                    0.5720480680465698
                ],
                [
                    56,
                    148,
                    0.07044169306755066
                ],
                [
                    0,
                    46,
                    0.027807185426354408
                ],
                [
                    208,
                    109,
                    0.4851631224155426
                ],
                [
                    256,
                    148,
                    0.04525643587112427
                ],
                [
                    8,
                    7,
                    0.018296828493475914
                ],
                [
                    272,
                    172,
                    0.03264180198311806
                ],
                [
                    304,
                    164,
                    0.032935742288827896
                ],
                [
                    280,
                    164,
                    0.023595623672008514
                ],
                [
                    272,
                    172,
                    0.028814613819122314
                ],
                [
                    272,
                    172,
                    0.019291367381811142
                ],
                [
                    0,
                    7,
                    0.01798173598945141
                ],
                [
                    160,
                    78,
                    0.05072536692023277
                ],
                [
                    168,
                    109,
                    0.0725569799542427
                ],
                [
                    128,
                    78,
                    0.7342265248298645
                ],
                [
                    192,
                    78,
                    0.07284373044967651
                ],
                [
                    304,
                    0,
                    1.015746831893921
                ]
            ]
        },
        {
            "frame_index": 2,
            "id": 2,
            "person_id": null,
            "keypoints": [
                [
                    168,
                    78,
                    0.07313494384288788
                ],
                [
                    152,
                    117,
                    0.5945746898651123
                ],
                [
                    96,
                    109,
                    0.5949087738990784
                ],
                [
                    56,
                    148,
                    0.0708836168050766
                ],
                [
                    0,
                    46,
                    0.025203155353665352
                ],
                [
                    208,
                    101,
                    0.5564668774604797
                ],
                [
                    264,
                    156,
                    0.04723798483610153
                ],
                [
                    296,
                    7,
                    0.0180777907371521
                ],
                [
                    272,
                    172,
                    0.037068240344524384
                ],
                [
                    272,
                    164,
                    0.03485550358891487
                ],
                [
                    272,
                    164,
                    0.03007194958627224
                ],
                [
                    272,
                    172,
                    0.03489740192890167
                ],
                [
                    272,
                    172,
                    0.022786863148212433
                ],
                [
                    304,
                    172,
                    0.01697367988526821
                ],
                [
                    160,
                    78,
                    0.035988081246614456
                ],
                [
                    0,
                    0,
                    0.024282388389110565
                ],
                [
                    128,
                    78,
                    0.7443131804466248
                ],
                [
                    192,
                    70,
                    0.16147294640541077
                ],
                [
                    304,
                    0,
                    1.0168575048446655
                ]
            ]
        },
        {
            "frame_index": 3,
            "id": 3,
            "person_id": null,
            "keypoints": [
                [
                    160,
                    78,
                    0.2349885106086731
                ],
                [
                    152,
                    117,
                    0.5140606760978699
                ],
                [
                    96,
                    109,
                    0.558099627494812
                ],
                [
                    56,
                    148,
                    0.0642961636185646
                ],
                [
                    0,
                    46,
                    0.02830669656395912
                ],
                [
                    208,
                    101,
                    0.5073452591896057
                ],
                [
                    256,
                    148,
                    0.04802011698484421
                ],
                [
                    88,
                    7,
                    0.0190410353243351
                ],
                [
                    32,
                    86,
                    0.036635130643844604
                ],
                [
                    272,
                    164,
                    0.03401409834623337
                ],
                [
                    272,
                    164,
                    0.027549371123313904
                ],
                [
                    272,
                    172,
                    0.034285083413124084
                ],
                [
                    272,
                    172,
                    0.021839503198862076
                ],
                [
                    304,
                    172,
                    0.016566775739192963
                ],
                [
                    152,
                    78,
                    0.08941134810447693
                ],
                [
                    168,
                    78,
                    0.0431668758392334
                ],
                [
                    128,
                    78,
                    0.715177059173584
                ],
                [
                    192,
                    78,
                    0.11427807807922363
                ],
                [
                    304,
                    0,
                    1.0162700414657593
                ]
            ]
        },
        {
            "frame_index": 4,
            "id": 4,
            "person_id": null,
            "keypoints": [
                [
                    160,
                    86,
                    0.27038344740867615
                ],
                [
                    152,
                    109,
                    0.4888896942138672
                ],
                [
                    96,
                    109,
                    0.5442860722541809
                ],
                [
                    56,
                    148,
                    0.06484110653400421
                ],
                [
                    0,
                    46,
                    0.030025387182831764
                ],
                [
                    208,
                    101,
                    0.5171682834625244
                ],
                [
                    256,
                    148,
                    0.047779381275177
                ],
                [
                    88,
                    7,
                    0.02078140340745449
                ],
                [
                    272,
                    172,
                    0.03778732568025589
                ],
                [
                    272,
                    164,
                    0.03644413501024246
                ],
                [
                    272,
                    164,
                    0.03240148350596428
                ],
                [
                    272,
                    172,
                    0.03593815490603447
                ],
                [
                    272,
                    172,
                    0.02304982766509056
                ],
                [
                    272,
                    164,
                    0.018403971567749977
                ],
                [
                    152,
                    78,
                    0.14067815244197845
                ],
                [
                    160,
                    78,
                    0.10083343833684921
                ],
                [
                    128,
                    78,
                    0.6741856336593628
                ],
                [
                    184,
                    78,
                    0.157569020986557
                ],
                [
                    304,
                    0,
                    1.0165982246398926
                ]
            ]
        }
    ],
    "category_id": 1
}