{
    "info": {
        "video_name": "1_372",
        "resolution": [
            320,
            180
        ],
        "num_frame": 3,
        "num_keypoints": 18,
        "keypoint_channels": [
            "x",
            "y",
            "score"
        ],
        "version": "1.0"
    },
    "annotations": [
        {
            "frame_index": 0,
            "id": 0,
            "person_id": null,
            "keypoints": [
                [
                    144,
                    93,
                    0.07845638692378998
                ],
                [
                    152,
                    117,
                    0.6066824793815613
                ],
                [
                    112,
                    109,
                    0.30909332633018494
                ],
                [
                    88,
                    148,
                    0.0509859062731266
                ],
                [
                    296,
                    0,
                    0.02323141135275364
                ],
                [
                    200,
                    109,
                    0.5488014817237854
                ],
                [
                    224,
                    148,
                    0.027580754831433296
                ],
                [
                    304,
                    7,
                    0.027167687192559242
                ],
                [
                    0,
                    148,
                    0.02886364795267582
                ],
                [
                    304,
                    164,
                    0.019060052931308746
                ],
                [
                    0,
                    156,
                    0.016827866435050964
                ],
                [
                    296,
                    0,
                    0.028401684015989304
                ],
                [
                    0,
                    148,
                    0.01592010259628296
                ],
                [
                    304,
                    172,
                    0.014486834406852722
                ],
                [
                    136,
                    101,
                    0.10430735349655151
                ],
                [
                    144,
                    93,
                    0.05734878033399582
                ],
                [
                    112,
                    78,
                    0.03843501955270767
                ],
                [
                    176,
                    62,
                    0.08885926008224487
                ],
                [
                    304,
                    0,
                    1.0379035472869873
                ]
            ]
        },
        {
            "frame_index": 1,
            "id": 1,
            "person_id": null,
            "keypoints": [
                [
                    152,
                    125,
                    0.09088277071714401
                ],
                [
                    152,
                    117,
                    0.5601750016212463
                ],
                [
                    104,
                    117,
                    0.27426543831825256
                ],
                [
                    88,
                    148,
                    0.027342550456523895
                ],
                [
                    296,
                    0,
                    0.024791233241558075
                ],
                [
                    200,
                    109,
                    0.5951967239379883
                ],
                [
                    312,
                    172,
                    0.026188721880316734
                ],
                [
                    304,
                    7,
                    0.024944500997662544
                ],
                [
                    152,
                    172,
                    0.03462615981698036
                ],
                [
                    0,
                    148,
                    0.018150759860873222
                ],
                [
                    0,
                    156,
                    0.017347566783428192
                ],
                [
                    296,
                    0,
                    0.03035634011030197
                ],
                [
                    0,
                    148,
                    0.01766577735543251
                ],
                [
                    304,
                    172,
                    0.013976185582578182
                ],
                [
                    136,
                    101,
                    0.24881021678447723
                ],
                [
                    152,
                    109,
                    0.051396891474723816
                ],
                [
                    176,
                    62,
                    0.09541503340005875
                ],
                [
                    176,
                    62,
                    0.2659463882446289
                ],
                [
                    304,
                    0,
                    1.040800929069519
                ]
            ]
        },
        {
            "frame_index": 2,
            "id": 2,
            "person_id": null,
            "keypoints": [
                [
                    144,
                    70,
                    0.13054165244102478
                ],
                [
                    152,
                    117,
                    0.5680859684944153
                ],
                [
                    104,
                    117,
                    0.28329265117645264
                ],
                [
                    88,
                    140,
                    0.05868733674287796
                ],
                [
                    296,
                    0,
                    0.022582123056054115
                ],
                [
                    200,
                    117,
                    0.5675971508026123
                ],
                [
                    224,
                    148,
                    0.030239099636673927
                ],
                [
                    304,
                    7,
                    0.02278822846710682
                ],
                [
                    0,
                    148,
                    0.02943236008286476
                ],
                [
                    304,
                    164,
                    0.019724790006875992
                ],
                [
                    0,
                    156,
                    0.017736805602908134
                ],
                [
                    296,
                    0,
                    0.02760331705212593
                ],
                [
                    0,
                    148,
                    0.01789618283510208
                ],
                [
                    304,
                    172,
                    0.014856938272714615
                ],
                [
                    128,
                    109,
                    0.2902396023273468
                ],
                [
                    144,
                    62,
                    0.09765411168336868
                ],
                [
                    120,
                    86,
                    0.01392991654574871
                ],
                [
                    168,
                    62,
                    0.6247182488441467
                ],
                [
                    304,
                    0,
                    1.036116123199463
                ]
            ]
        }
    ],
    "category_id": 1
}