{
    "info": {
        "video_name": "1_373",
        "resolution": [
            320,
            180
        ],
        "num_frame": 3,
        "num_keypoints": 18,
        "keypoint_channels": [
            "x",
            "y",
            "score"
        ],
        "version": "1.0"
    },
    "annotations": [
        {
            "frame_index": 0,
            "id": 0,
            "person_id": null,
            "keypoints": [
                [
                    168,
                    86,
                    0.42414551973342896
                ],
                [
                    160,
                    101,
                    0.7086296677589417
                ],
                [
                    112,
                    101,
                    0.610278844833374
                ],
                [
                    104,
                    156,
                    0.18458542227745056
                ],
                [
                    296,
                    0,
                    0.02492554672062397
                ],
                [
                    200,
                    101,
                    0.6527374386787415
                ],
                [
                    216,
                    156,
                    0.30731406807899475
                ],
                [
                    216,
                    164,
                    0.029039522632956505
                ],
                [
                    208,
                    172,
                    0.054215531796216965
                ],
                [
                    104,
                    164,
                    0.025849856436252594
                ],
                [
                    0,
                    15,
                    0.018132610246539116
                ],
                [
                    208,
                    172,
                    0.06919261068105698
                ],
                [
                    208,
                    172,
                    0.016934309154748917
                ],
                [
                    304,
                    172,
                    0.013040429912507534
                ],
                [
                    160,
                    78,
                    0.6127537488937378
                ],
                [
                    168,
                    78,
                    0.39738935232162476
                ],
                [
                    144,
                    54,
                    0.569490909576416
                ],
                [
                    144,
                    54,
                    0.03962332010269165
                ],
                [
                    304,
                    0,
                    1.0222463607788086
                ]
            ]
        },
        {
            "frame_index": 1,
            "id": 1,
            "person_id": null,
            "keypoints": [
                [
                    168,
                    78,
                    0.3434091806411743
                ],
                [
                    160,
                    101,
                    0.7139301896095276
                ],
                [
                    112,
                    101,
                    0.6288647055625916
                ],
                [
                    104,
                    156,
                    0.155176043510437
                ],
                [
                    296,
                    0,
                    0.023758139461278915
                ],
                [
                    200,
                    101,
                    0.6405767798423767
                ],
                [
                    216,
                    156,
                    0.3490137755870819
                ],
                [
                    208,
                    164,
                    0.031909018754959106
                ],
                [
                    208,
                    172,
                    0.05640669912099838
                ],
                [
                    104,
                    164,
                    0.028181299567222595
                ],
                [
                    216,
                    164,
                    0.020499104633927345
                ],
                [
                    208,
                    172,
                    0.07638821005821228
                ],
                [
                    216,
                    156,
                    0.019294479861855507
                ],
                [
                    304,
                    172,
                    0.013709980994462967
                ],
                [
                    160,
                    70,
                    0.51697838306427
                ],
                [
                    176,
                    70,
                    0.40695545077323914
                ],
                [
                    136,
                    54,
                    0.6855648756027222
                ],
                [
                    176,
                    62,
                    0.030971709638834
                ],
                [
                    304,
                    0,
                    1.016344428062439
                ]
            ]
        },
        {
            "frame_index": 2,
            "id": 2,
            "person_id": null,
            "keypoints": [
                [
                    168,
                    78,
                    0.260113388299942
                ],
                [
                    160,
                    101,
                    0.7037310600280762
                ],
                [
                    112,
                    101,
                    0.6460937261581421
                ],
                [
                    104,
                    156,
                    0.16547618806362152
                ],
                [
                    296,
                    0,
                    0.028934968635439873
                ],
                [
                    200,
                    101,
                    0.6446002125740051
                ],
                [
                    216,
                    156,
                    0.2835290729999542
                ],
                [
                    296,
                    7,
                    0.027900679036974907
                ],
                [
                    208,
                    172,
                    0.05155505612492561
                ],
                [
                    104,
                    164,
                    0.027821067720651627
                ],
                [
                    0,
                    15,
                    0.019287290051579475
                ],
                [
                    208,
                    172,
                    0.0614883229136467
                ],
                [
                    216,
                    156,
                    0.016263587400317192
                ],
                [
                    304,
                    172,
                    0.014012929052114487
                ],
                [
                    160,
                    70,
                    0.39132484793663025
                ],
                [
                    168,
                    70,
                    0.3154887855052948
                ],
                [
                    136,
                    54,
                    0.6639979481697083
                ],
                [
                    176,
                    62,
                    0.0376913845539093
                ],
                [
                    304,
                    0,
                    1.0184993743896484
                ]
            ]
        }
    ],
    "category_id": 1
}