{
    "info": {
        "video_name": "1_382",
        "resolution": [
            320,
            180
        ],
        "num_frame": 3,
        "num_keypoints": 18,
        "keypoint_channels": [
            "x",
            "y",
            "score"
        ],
        "version": "1.0"
    },
    "annotations": [
        {
            "frame_index": 0,
            "id": 0,
            "person_id": null,
            "keypoints": [
                [
                    160,
                    78,
                    0.11741267144680023
                ],
                [
                    160,
                    93,
                    0.36067435145378113
                ],
                [
                    64,
                    117,
                    0.23715028166770935
                ],
                [
                    64,
                    125,
                    0.10842831432819366
                ],
                [
                    64,
                    133,
                    0.08377638459205627
                ],
                [
                    192,
                    101,
                    0.2849997580051422
                ],
                [
                    216,
                    148,
                    0.4889511466026306
                ],
                [
                    176,
                    101,
                    0.5981220602989197
                ],
                [
                    56,
                    140,
                    0.25149062275886536
                ],
                [
                    104,
                    109,
                    0.463570237159729
                ],
                [
                    80,
                    156,
                    0.16766324639320374
                ],
                [
                    56,
                    140,
                    0.20184318721294403
                ],
                [
                    56,
                    156,
                    0.11755882948637009
                ],
                [
                    72,
                    164,
                    0.07297932356595993
                ],
                [
                    160,
                    70,
                    0.11528180539608002
                ],
                [
                    168,
                    70,
                    0.11259878426790237
                ],
                [
                    136,
                    46,
                    0.5398530960083008
                ],
                [
                    56,
                    109,
                    0.12067997455596924
                ],
                [
                    304,
                    0,
                    1.0140526294708252
                ]
            ]
        },
        {
            "frame_index": 1,
            "id": 1,
            "person_id": null,
            "keypoints": [
                [
                    160,
                    46,
                    0.4078994691371918
                ],
                [
                    160,
                    101,
                    0.5302734375
                ],
                [
                    128,
                    101,
                    0.3329092860221863
                ],
                [
                    304,
                    125,
                    0.09870392084121704
                ],
                [
                    312,
                    133,
                    0.08217725157737732
                ],
                [
                    200,
                    93,
                    0.4910542964935303
                ],
                [
                    224,
                    148,
                    0.4663780927658081
                ],
                [
                    176,
                    101,
                    0.6547735333442688
                ],
                [
                    56,
                    140,
                    0.10311935842037201
                ],
                [
                    104,
                    109,
                    0.4409030079841614
                ],
                [
                    80,
                    156,
                    0.15511803328990936
                ],
                [
                    56,
                    140,
                    0.08011803030967712
                ],
                [
                    104,
                    109,
                    0.09664209187030792
                ],
                [
                    80,
                    164,
                    0.04602396488189697
                ],
                [
                    152,
                    39,
                    0.38973692059516907
                ],
                [
                    168,
                    39,
                    0.31466609239578247
                ],
                [
                    136,
                    54,
                    0.6968393325805664
                ],
                [
                    176,
                    46,
                    0.14580950140953064
                ],
                [
                    304,
                    0,
                    1.0238267183303833
                ]
            ]
        },
        {
            "frame_index": 2,
            "id": 2,
            "person_id": null,
            "keypoints": [
                [
                    152,
                    78,
                    0.3707493245601654
                ],
                [
                    160,
                    101,
                    0.6233068704605103
                ],
                [
                    128,
                    101,
                    0.36914515495300293
                ],
                [
                    104,
                    109,
                    0.12640100717544556
                ],
                [
                    312,
                    133,
                    0.07099450379610062
                ],
                [
                    192,
                    101,
                    0.6488049030303955
                ],
                [
                    216,
                    148,
                    0.5835166573524475
                ],
                [
                    176,
                    101,
                    0.15815357863903046
                ],
                [
                    56,
                    140,
                    0.09604313969612122
                ],
                [
                    96,
                    109,
                    0.35231220722198486
                ],
                [
                    80,
                    156,
                    0.10645171999931335
                ],
                [
                    56,
                    140,
                    0.08944448828697205
                ],
                [
                    104,
                    117,
                    0.0904463529586792
                ],
                [
                    80,
                    164,
                    0.03429323434829712
                ],
                [
                    152,
                    70,
                    0.18363705277442932
                ],
                [
                    160,
                    70,
                    0.2330332100391388
                ],
                [
                    144,
                    54,
                    0.6161558032035828
                ],
                [
                    176,
                    70,
                    0.20545172691345215
                ],
                [
                    304,
                    0,
                    1.0151257514953613
                ]
            ]
        }
    ],
    "category_id": 1
}