{
    "info": {
        "video_name": "1_389",
        "resolution": [
            320,
            180
        ],
        "num_frame": 3,
        "num_keypoints": 18,
        "keypoint_channels": [
            "x",
            "y",
            "score"
        ],
        "version": "1.0"
    },
    "annotations": [
        {
            "frame_index": 0,
            "id": 0,
            "person_id": null,
            "keypoints": [
                [
                    176,
                    54,
                    0.7291434407234192
                ],
                [
                    152,
                    125,
                    0.6218825578689575
                ],
                [
                    96,
                    125,
                    0.6336557865142822
                ],
                [
                    80,
                    148,
                    0.04681628197431564
                ],
                [
                    296,
                    0,
                    0.02837243676185608
                ],
                [
                    200,
                    117,
                    0.5816201567649841
                ],
                [
                    296,
                    7,
                    0.026653775945305824
                ],
                [
                    304,
                    7,
                    0.027317510917782784
                ],
                [
                    8,
                    156,
                    0.05585881695151329
                ],
                [
                    0,
                    156,
                    0.024556823074817657
                ],
                [
                    0,
                    156,
                    0.029423294588923454
                ],
                [
                    296,
                    0,
                    0.04396809637546539
                ],
                [
                    312,
                    70,
                    0.011089561507105827
                ],
                [
                    304,
                    172,
                    0.017400695011019707
                ],
                [
                    160,
                    46,
                    0.6323244571685791
                ],
                [
                    168,
                    46,
                    0.2160678207874298
                ],
                [
                    120,
                    54,
                    0.49520447850227356
                ],
                [
                    0,
                    156,
                    0.025273464620113373
                ],
                [
                    304,
                    0,
                    1.0030347108840942
                ]
            ]
        },
        {
            "frame_index": 1,
            "id": 1,
            "person_id": null,
            "keypoints": [
                [
                    176,
                    54,
                    0.668590784072876
                ],
                [
                    152,
                    125,
                    0.6213338375091553
                ],
                [
                    96,
                    125,
                    0.614643394947052
                ],
                [
                    80,
                    148,
                    0.04773968830704689
                ],
                [
                    296,
                    0,
                    0.028034787625074387
                ],
                [
                    200,
                    117,
                    0.5756391882896423
                ],
                [
                    224,
                    148,
                    0.02813912369310856
                ],
                [
                    304,
                    7,
                    0.027677664533257484
                ],
                [
                    8,
                    156,
                    0.055575743317604065
                ],
                [
                    0,
                    156,
                    0.024826135486364365
                ],
                [
                    0,
                    156,
                    0.02947935461997986
                ],
                [
                    296,
                    0,
                    0.04326868802309036
                ],
                [
                    144,
                    125,
                    0.01181104127317667
                ],
                [
                    304,
                    172,
                    0.017851779237389565
                ],
                [
                    168,
                    46,
                    0.5393378734588623
                ],
                [
                    128,
                    39,
                    0.3085247874259949
                ],
                [
                    0,
                    148,
                    0.018343955278396606
                ],
                [
                    0,
                    156,
                    0.024908147752285004
                ],
                [
                    304,
                    0,
                    1.0052942037582397
                ]
            ]
        },
        {
            "frame_index": 2,
            "id": 2,
            "person_id": null,
            "keypoints": [
                [
                    168,
                    54,
                    0.6786448955535889
                ],
                [
                    152,
                    125,
                    0.6205736398696899
                ],
                [
                    96,
                    125,
                    0.6381941437721252
                ],
                [
                    80,
                    148,
                    0.04886133223772049
                ],
                [
                    296,
                    0,
                    0.02845579944550991
                ],
                [
                    200,
                    117,
                    0.5942403674125671
                ],
                [
                    296,
                    7,
                    0.026875091716647148
                ],
                [
                    304,
                    7,
                    0.027895858511328697
                ],
                [
                    8,
                    156,
                    0.058637309819459915
                ],
                [
                    0,
                    156,
                    0.025455158203840256
                ],
                [
                    0,
                    156,
                    0.030154965817928314
                ],
                [
                    296,
                    0,
                    0.04433400183916092
                ],
                [
                    144,
                    125,
                    0.010722670704126358
                ],
                [
                    304,
                    172,
                    0.017545321956276894
                ],
                [
                    160,
                    46,
                    0.6264450550079346
                ],
                [
                    168,
                    46,
                    0.25593581795692444
                ],
                [
                    128,
                    46,
                    0.4856186807155609
                ],
                [
                    0,
                    156,
                    0.025435354560613632
                ],
                [
                    304,
                    0,
                    1.0019890069961548
                ]
            ]
        }
    ],
    "category_id": 1
}