{
    "info": {
        "video_name": "1_385",
        "resolution": [
            320,
            180
        ],
        "num_frame": 3,
        "num_keypoints": 18,
        "keypoint_channels": [
            "x",
            "y",
            "score"
        ],
        "version": "1.0"
    },
    "annotations": [
        {
            "frame_index": 0,
            "id": 0,
            "person_id": null,
            "keypoints": [
                [
                    152,
                    46,
                    0.45691996812820435
                ],
                [
                    128,
                    86,
                    0.6830013394355774
                ],
                [
                    96,
                    86,
                    0.6955211758613586
                ],
                [
                    72,
                    140,
                    0.6773784756660461
                ],
                [
                    112,
                    140,
                    0.798129141330719
                ],
                [
                    160,
                    86,
                    0.6087961792945862
                ],
                [
                    184,
                    140,
                    0.69745272397995
                ],
                [
                    152,
                    140,
                    0.6319220066070557
                ],
                [
                    112,
                    156,
                    0.08004876971244812
                ],
                [
                    32,
                    148,
                    0.0234588123857975
                ],
                [
                    104,
                    156,
                    0.02426770143210888
                ],
                [
                    144,
                    148,
                    0.03617769852280617
                ],
                [
                    184,
                    133,
                    0.02121131867170334
                ],
                [
                    304,
                    156,
                    0.014286291785538197
                ],
                [
                    144,
                    39,
                    0.44348612427711487
                ],
                [
                    152,
                    39,
                    0.04541151970624924
                ],
                [
                    120,
                    39,
                    0.5946865677833557
                ],
                [
                    152,
                    156,
                    0.027019914239645004
                ],
                [
                    304,
                    0,
                    1.0002375841140747
                ]
            ]
        },
        {
            "frame_index": 1,
            "id": 1,
            "person_id": null,
            "keypoints": [
                [
                    144,
                    46,
                    0.48961371183395386
                ],
                [
                    128,
                    86,
                    0.6489890813827515
                ],
                [
                    96,
                    86,
                    0.6803587079048157
                ],
                [
                    72,
                    140,
                    0.6892147064208984
                ],
                [
                    112,
                    140,
                    0.796554446220398
                ],
                [
                    160,
                    86,
                    0.636198878288269
                ],
                [
                    184,
                    140,
                    0.7119893431663513
                ],
                [
                    160,
                    140,
                    0.631000280380249
                ],
                [
                    112,
                    156,
                    0.08005772531032562
                ],
                [
                    32,
                    148,
                    0.031494393944740295
                ],
                [
                    104,
                    156,
                    0.02375882863998413
                ],
                [
                    32,
                    140,
                    0.040678661316633224
                ],
                [
                    184,
                    133,
                    0.020554890856146812
                ],
                [
                    304,
                    156,
                    0.014373742043972015
                ],
                [
                    144,
                    39,
                    0.46749383211135864
                ],
                [
                    144,
                    39,
                    0.16993582248687744
                ],
                [
                    120,
                    39,
                    0.5490638613700867
                ],
                [
                    152,
                    156,
                    0.026287030428647995
                ],
                [
                    304,
                    0,
                    1.004746913909912
                ]
            ]
        },
        {
            "frame_index": 2,
            "id": 2,
            "person_id": null,
            "keypoints": [
                [
                    144,
                    54,
                    0.4226711392402649
                ],
                [
                    128,
                    86,
                    0.6504431366920471
                ],
                [
                    96,
                    86,
                    0.6906664967536926
                ],
                [
                    72,
                    140,
                    0.6918249726295471
                ],
                [
                    112,
                    140,
                    0.7817685008049011
                ],
                [
                    160,
                    86,
                    0.6614546775817871
                ],
                [
                    184,
                    133,
                    0.7155589461326599
                ],
                [
                    152,
                    148,
                    0.6645914912223816
                ],
                [
                    112,
                    156,
                    0.08192184567451477
                ],
                [
                    32,
                    148,
                    0.02859175205230713
                ],
                [
                    96,
                    156,
                    0.025732191279530525
                ],
                [
                    32,
                    140,
                    0.030171170830726624
                ],
                [
                    184,
                    133,
                    0.018227366730570793
                ],
                [
                    304,
                    156,
                    0.01395688857883215
                ],
                [
                    136,
                    39,
                    0.41367802023887634
                ],
                [
                    144,
                    39,
                    0.1005672812461853
                ],
                [
                    120,
                    39,
                    0.5655530691146851
                ],
                [
                    152,
                    156,
                    0.029543887823820114
                ],
                [
                    0,
                    0,
                    1.001208782196045
                ]
            ]
        }
    ],
    "category_id": 1
}