{
    "info": {
        "video_name": "1_394",
        "resolution": [
            320,
            180
        ],
        "num_frame": 3,
        "num_keypoints": 18,
        "keypoint_channels": [
            "x",
            "y",
            "score"
        ],
        "version": "1.0"
    },
    "annotations": [
        {
            "frame_index": 0,
            "id": 0,
            "person_id": null,
            "keypoints": [
                [
                    136,
                    54,
                    0.2634343206882477
                ],
                [
                    152,
                    101,
                    0.7259287238121033
                ],
                [
                    112,
                    101,
                    0.7443956136703491
                ],
                [
                    56,
                    148,
                    0.3906829357147217
                ],
                [
                    48,
                    148,
                    0.057356804609298706
                ],
                [
                    192,
                    101,
                    0.6751821041107178
                ],
                [
                    248,
                    148,
                    0.7095968127250671
                ],
                [
                    208,
                    148,
                    0.17787383496761322
                ],
                [
                    176,
                    172,
                    0.0440865084528923
                ],
                [
                    304,
                    164,
                    0.04320002347230911
                ],
                [
                    240,
                    156,
                    0.03435460105538368
                ],
                [
                    304,
                    156,
                    0.054342374205589294
                ],
                [
                    312,
                    156,
                    0.04242818057537079
                ],
                [
                    312,
                    172,
                    0.025150977075099945
                ],
                [
                    144,
                    54,
                    0.3926883935928345
                ],
                [
                    152,
                    54,
                    0.3022138774394989
                ],
                [
                    128,
                    54,
                    0.48507431149482727
                ],
                [
                    168,
                    70,
                    0.7544178366661072
                ],
                [
                    288,
                    172,
                    1.004355788230896
                ]
            ]
        },
        {
            "frame_index": 1,
            "id": 1,
            "person_id": null,
            "keypoints": [
                [
                    160,
                    62,
                    0.3044876456260681
                ],
                [
                    152,
                    101,
                    0.7574087381362915
                ],
                [
                    112,
                    101,
                    0.7472692728042603
                ],
                [
                    56,
                    148,
                    0.3641239106655121
                ],
                [
                    48,
                    148,
                    0.0694669708609581
                ],
                [
                    192,
                    101,
                    0.6961559653282166
                ],
                [
                    248,
                    148,
                    0.7223054766654968
                ],
                [
                    208,
                    148,
                    0.218752920627594
                ],
                [
                    176,
                    172,
                    0.04122660309076309
                ],
                [
                    312,
                    156,
                    0.04560631141066551
                ],
                [
                    240,
                    156,
                    0.03396455943584442
                ],
                [
                    304,
                    156,
                    0.0551663376390934
                ],
                [
                    304,
                    148,
                    0.04460927098989487
                ],
                [
                    312,
                    172,
                    0.025859620422124863
                ],
                [
                    152,
                    62,
                    0.3510780334472656
                ],
                [
                    160,
                    62,
                    0.32419678568840027
                ],
                [
                    136,
                    62,
                    0.7312458157539368
                ],
                [
                    168,
                    62,
                    0.6959297060966492
                ],
                [
                    296,
                    78,
                    1.0023188591003418
                ]
            ]
        },
        {
            "frame_index": 2,
            "id": 2,
            "person_id": null,
            "keypoints": [
                [
                    168,
                    62,
                    0.3920111656188965
                ],
                [
                    152,
                    101,
                    0.7297892570495605
                ],
                [
                    112,
                    101,
                    0.7371602654457092
                ],
                [
                    56,
                    148,
                    0.35461175441741943
                ],
                [
                    48,
                    148,
                    0.07267410308122635
                ],
                [
                    192,
                    101,
                    0.6654533743858337
                ],
                [
                    248,
                    148,
                    0.7157599329948425
                ],
                [
                    208,
                    148,
                    0.19168734550476074
                ],
                [
                    248,
                    172,
                    0.04250657930970192
                ],
                [
                    304,
                    164,
                    0.041070204228162766
                ],
                [
                    240,
                    156,
                    0.033009063452482224
                ],
                [
                    304,
                    156,
                    0.05296187847852707
                ],
                [
                    304,
                    148,
                    0.039163898676633835
                ],
                [
                    312,
                    172,
                    0.024190843105316162
                ],
                [
                    168,
                    54,
                    0.4609379172325134
                ],
                [
                    168,
                    54,
                    0.23305119574069977
                ],
                [
                    136,
                    62,
                    0.6567372679710388
                ],
                [
                    176,
                    62,
                    0.2299645096063614
                ],
                [
                    296,
                    78,
                    1.0022966861724854
                ]
            ]
        }
    ],
    "category_id": 1
}