{
    "info": {
        "video_name": "1_40",
        "resolution": [
            320,
            180
        ],
        "num_frame": 5,
        "num_keypoints": 18,
        "keypoint_channels": [
            "x",
            "y",
            "score"
        ],
        "version": "1.0"
    },
    "annotations": [
        {
            "frame_index": 0,
            "id": 0,
            "person_id": null,
            "keypoints": [
                [
                    152,
                    62,
                    0.16400045156478882
                ],
                [
                    152,
                    117,
                    0.583335280418396
                ],
                [
                    80,
                    125,
                    0.43249547481536865
                ],
                [
                    48,
                    156,
                    0.09645795822143555
                ],
                [
                    24,
                    156,
                    0.03818774223327637
                ],
                [
                    208,
                    109,
                    0.5931110382080078
                ],
                [
                    40,
                    172,
                    0.04870464652776718
                ],
                [
                    40,
                    172,
                    0.023739559575915337
                ],
                [
                    40,
                    172,
                    0.07300736010074615
                ],
                [
                    240,
                    172,
                    0.024395279586315155
                ],
                [
                    16,
                    156,
                    0.025493748486042023
                ],
                [
                    40,
                    172,
                    0.0813889130949974
                ],
                [
                    40,
                    164,
                    0.025447137653827667
                ],
                [
                    8,
                    164,
                    0.016032986342906952
                ],
                [
                    24,
                    148,
                    0.08040345460176468
                ],
                [
                    160,
                    46,
                    0.08674737811088562
                ],
                [
                    120,
                    70,
                    0.6808105111122131
                ],
                [
                    184,
                    62,
                    0.28040239214897156
                ],
                [
                    304,
                    0,
                    1.0197418928146362
                ]
            ]
        },
        {
            "frame_index": 1,
            "id": 1,
            "person_id": null,
            "keypoints": [
                [
                    160,
                    70,
                    0.2773454487323761
                ],
                [
                    152,
                    117,
                    0.5369735360145569
                ],
                [
                    80,
                    125,
                    0.4528588056564331
                ],
                [
                    48,
                    156,
                    0.08654427528381348
                ],
                [
                    24,
                    156,
                    0.03830208629369736
                ],
                [
                    208,
                    101,
                    0.5706262588500977
                ],
                [
                    40,
                    172,
                    0.052049390971660614
                ],
                [
                    40,
                    172,
                    0.022879423573613167
                ],
                [
                    40,
                    172,
                    0.07208538055419922
                ],
                [
                    240,
                    172,
                    0.027347885072231293
                ],
                [
                    16,
                    156,
                    0.027350887656211853
                ],
                [
                    40,
                    172,
                    0.08351577818393707
                ],
                [
                    40,
                    172,
                    0.029214419424533844
                ],
                [
                    8,
                    164,
                    0.01638563722372055
                ],
                [
                    152,
                    70,
                    0.2277519255876541
                ],
                [
                    168,
                    62,
                    0.2702467739582062
                ],
                [
                    120,
                    62,
                    0.6796293258666992
                ],
                [
                    184,
                    62,
                    0.3470807373523712
                ],
                [
                    304,
                    0,
                    1.0171509981155396
                ]
            ]
        },
        {
            "frame_index": 2,
            "id": 2,
            "person_id": null,
            "keypoints": [
                [
                    144,
                    86,
                    0.29418227076530457
                ],
                [
                    152,
                    117,
                    0.5010144114494324
                ],
                [
                    72,
                    125,
                    0.4917432963848114
                ],
                [
                    48,
                    156,
                    0.06832360476255417
                ],
                [
                    40,
                    172,
                    0.023800132796168327
                ],
                [
                    208,
                    101,
                    0.5772666931152344
                ],
                [
                    40,
                    172,
                    0.04847951978445053
                ],
                [
                    304,
                    7,
                    0.02113739587366581
                ],
                [
                    40,
                    172,
                    0.0640101432800293
                ],
                [
                    240,
                    172,
                    0.028343699872493744
                ],
                [
                    16,
                    156,
                    0.024228060618042946
                ],
                [
                    40,
                    172,
                    0.06759383529424667
                ],
                [
                    40,
                    172,
                    0.0296967513859272
                ],
                [
                    8,
                    164,
                    0.01614610105752945
                ],
                [
                    144,
                    78,
                    0.36833688616752625
                ],
                [
                    152,
                    70,
                    0.13655784726142883
                ],
                [
                    120,
                    70,
                    0.7308435440063477
                ],
                [
                    176,
                    70,
                    0.26557743549346924
                ],
                [
                    304,
                    0,
                    1.0170526504516602
                ]
            ]
        },
        {
            "frame_index": 3,
            "id": 3,
            "person_id": null,
            "keypoints": [
                [
                    152,
                    62,
                    0.14132238924503326
                ],
                [
                    152,
                    117,
                    0.5299544334411621
                ],
                [
                    72,
                    125,
                    0.47852763533592224
                ],
                [
                    48,
                    156,
                    0.07384668290615082
                ],
                [
                    24,
                    156,
                    0.028115859255194664
                ],
                [
                    208,
                    101,
                    0.5574038028717041
                ],
                [
                    40,
                    172,
                    0.04732981324195862
                ],
                [
                    304,
                    7,
                    0.0216336902230978
                ],
                [
                    40,
                    172,
                    0.06559111177921295
                ],
                [
                    240,
                    172,
                    0.02662210911512375
                ],
                [
                    16,
                    156,
                    0.02510964497923851
                ],
                [
                    40,
                    172,
                    0.06970738619565964
                ],
                [
                    40,
                    172,
                    0.027351412922143936
                ],
                [
                    8,
                    164,
                    0.01611165702342987
                ],
                [
                    24,
                    148,
                    0.08649924397468567
                ],
                [
                    160,
                    46,
                    0.14926210045814514
                ],
                [
                    120,
                    62,
                    0.6677972674369812
                ],
                [
                    184,
                    62,
                    0.3266849219799042
                ],
                [
                    304,
                    0,
                    1.0158004760742188
                ]
            ]
        },
        {
            "frame_index": 4,
            "id": 4,
            "person_id": null,
            "keypoints": [
                [
                    152,
                    62,
                    0.22509844601154327
                ],
                [
                    152,
                    117,
                    0.5381785035133362
                ],
                [
                    72,
                    125,
                    0.5090796947479248
                ],
                [
                    48,
                    156,
                    0.07465583086013794
                ],
                [
                    24,
                    156,
                    0.02810591831803322
                ],
                [
                    208,
                    101,
                    0.5499538779258728
                ],
                [
                    40,
                    172,
                    0.04704420268535614
                ],
                [
                    304,
                    7,
                    0.021644985303282738
                ],
                [
                    40,
                    172,
                    0.067254438996315
                ],
                [
                    240,
                    172,
                    0.026237815618515015
                ],
                [
                    16,
                    156,
                    0.025768183171749115
                ],
                [
                    40,
                    172,
                    0.07058362662792206
                ],
                [
                    40,
                    172,
                    0.025123953819274902
                ],
                [
                    8,
                    164,
                    0.016219066455960274
                ],
                [
                    136,
                    62,
                    0.1002904623746872
                ],
                [
                    160,
                    46,
                    0.19140559434890747
                ],
                [
                    120,
                    62,
                    0.6735236644744873
                ],
                [
                    184,
                    54,
                    0.29364293813705444
                ],
                [
                    304,
                    0,
                    1.0157835483551025
                ]
            ]
        }
    ],
    "category_id": 1
}