{
    "info": {
        "video_name": "1_401",
        "resolution": [
            320,
            180
        ],
        "num_frame": 3,
        "num_keypoints": 18,
        "keypoint_channels": [
            "x",
            "y",
            "score"
        ],
        "version": "1.0"
    },
    "annotations": [
        {
            "frame_index": 0,
            "id": 0,
            "person_id": null,
            "keypoints": [
                [
                    152,
                    93,
                    0.4377232491970062
                ],
                [
                    152,
                    101,
                    0.591505765914917
                ],
                [
                    112,
                    109,
                    0.6506984829902649
                ],
                [
                    80,
                    148,
                    0.1200743168592453
                ],
                [
                    312,
                    148,
                    0.025864455848932266
                ],
                [
                    200,
                    101,
                    0.6614223718643188
                ],
                [
                    232,
                    148,
                    0.2806929349899292
                ],
                [
                    304,
                    7,
                    0.022673124447464943
                ],
                [
                    240,
                    172,
                    0.05340258777141571
                ],
                [
                    312,
                    172,
                    0.026753224432468414
                ],
                [
                    224,
                    156,
                    0.018337655812501907
                ],
                [
                    240,
                    172,
                    0.05763673409819603
                ],
                [
                    232,
                    156,
                    0.018567845225334167
                ],
                [
                    312,
                    172,
                    0.02410312183201313
                ],
                [
                    144,
                    86,
                    0.5520873069763184
                ],
                [
                    152,
                    86,
                    0.5209085941314697
                ],
                [
                    128,
                    78,
                    0.08951281011104584
                ],
                [
                    176,
                    70,
                    0.7889803051948547
                ],
                [
                    304,
                    0,
                    1.003049373626709
                ]
            ]
        },
        {
            "frame_index": 1,
            "id": 1,
            "person_id": null,
            "keypoints": [
                [
                    152,
                    78,
                    0.4787003993988037
                ],
                [
                    152,
                    101,
                    0.6577324271202087
                ],
                [
                    112,
                    101,
                    0.6742973923683167
                ],
                [
                    80,
                    148,
                    0.21339938044548035
                ],
                [
                    312,
                    148,
                    0.02741195820271969
                ],
                [
                    200,
                    101,
                    0.6343830823898315
                ],
                [
                    232,
                    148,
                    0.2326815277338028
                ],
                [
                    304,
                    7,
                    0.0226991418749094
                ],
                [
                    72,
                    172,
                    0.05118512362241745
                ],
                [
                    312,
                    172,
                    0.026782043278217316
                ],
                [
                    64,
                    156,
                    0.019051343202590942
                ],
                [
                    232,
                    172,
                    0.05462441220879555
                ],
                [
                    232,
                    156,
                    0.014543730765581131
                ],
                [
                    312,
                    172,
                    0.02416234463453293
                ],
                [
                    144,
                    78,
                    0.6096067428588867
                ],
                [
                    152,
                    70,
                    0.5004722476005554
                ],
                [
                    128,
                    62,
                    0.08885513246059418
                ],
                [
                    176,
                    54,
                    0.7106207013130188
                ],
                [
                    304,
                    0,
                    1.0035425424575806
                ]
            ]
        },
        {
            "frame_index": 2,
            "id": 2,
            "person_id": null,
            "keypoints": [
                [
                    144,
                    78,
                    0.5524380803108215
                ],
                [
                    152,
                    101,
                    0.6819847822189331
                ],
                [
                    112,
                    101,
                    0.6763104200363159
                ],
                [
                    80,
                    148,
                    0.19121567904949188
                ],
                [
                    312,
                    148,
                    0.02653886191546917
                ],
                [
                    192,
                    93,
                    0.6151067614555359
                ],
                [
                    232,
                    148,
                    0.24348516762256622
                ],
                [
                    304,
                    7,
                    0.021907949820160866
                ],
                [
                    72,
                    172,
                    0.04965117201209068
                ],
                [
                    312,
                    172,
                    0.02656739577651024
                ],
                [
                    64,
                    156,
                    0.02077963948249817
                ],
                [
                    240,
                    172,
                    0.04976196959614754
                ],
                [
                    232,
                    156,
                    0.014872360974550247
                ],
                [
                    312,
                    172,
                    0.023938067257404327
                ],
                [
                    144,
                    70,
                    0.6527606248855591
                ],
                [
                    152,
                    70,
                    0.678082287311554
                ],
                [
                    128,
                    62,
                    0.3294807970523834
                ],
                [
                    168,
                    54,
                    0.7802047729492188
                ],
                [
                    304,
                    0,
                    1.004969835281372
                ]
            ]
        }
    ],
    "category_id": 1
}