{
    "info": {
        "video_name": "1_413",
        "resolution": [
            320,
            180
        ],
        "num_frame": 3,
        "num_keypoints": 18,
        "keypoint_channels": [
            "x",
            "y",
            "score"
        ],
        "version": "1.0"
    },
    "annotations": [
        {
            "frame_index": 0,
            "id": 0,
            "person_id": null,
            "keypoints": [
                [
                    136,
                    54,
                    0.2085425704717636
                ],
                [
                    160,
                    101,
                    0.5850114822387695
                ],
                [
                    120,
                    101,
                    0.5994282364845276
                ],
                [
                    80,
                    148,
                    0.22173306345939636
                ],
                [
                    296,
                    0,
                    0.027460476383566856
                ],
                [
                    200,
                    93,
                    0.5509347319602966
                ],
                [
                    240,
                    148,
                    0.1887964904308319
                ],
                [
                    304,
                    7,
                    0.02762690745294094
                ],
                [
                    72,
                    172,
                    0.044554922729730606
                ],
                [
                    72,
                    164,
                    0.030036460608243942
                ],
                [
                    248,
                    156,
                    0.01991117000579834
                ],
                [
                    296,
                    0,
                    0.04148002713918686
                ],
                [
                    312,
                    156,
                    0.019270826131105423
                ],
                [
                    312,
                    172,
                    0.013358423486351967
                ],
                [
                    136,
                    46,
                    0.11972224712371826
                ],
                [
                    152,
                    54,
                    0.17815707623958588
                ],
                [
                    312,
                    125,
                    0.012342285364866257
                ],
                [
                    176,
                    70,
                    0.7833995819091797
                ],
                [
                    304,
                    0,
                    1.00798761844635
                ]
            ]
        },
        {
            "frame_index": 1,
            "id": 1,
            "person_id": null,
            "keypoints": [
                [
                    144,
                    70,
                    0.28713831305503845
                ],
                [
                    160,
                    93,
                    0.6278185248374939
                ],
                [
                    120,
                    93,
                    0.6409931778907776
                ],
                [
                    80,
                    148,
                    0.21644116938114166
                ],
                [
                    296,
                    0,
                    0.027349062263965607
                ],
                [
                    200,
                    93,
                    0.6122488975524902
                ],
                [
                    240,
                    148,
                    0.20213082432746887
                ],
                [
                    248,
                    148,
                    0.029357613995671272
                ],
                [
                    72,
                    164,
                    0.04758685827255249
                ],
                [
                    72,
                    164,
                    0.03544647991657257
                ],
                [
                    72,
                    164,
                    0.020632348954677582
                ],
                [
                    248,
                    172,
                    0.045914579182863235
                ],
                [
                    72,
                    164,
                    0.019721128046512604
                ],
                [
                    312,
                    172,
                    0.013929885812103748
                ],
                [
                    136,
                    62,
                    0.20973162353038788
                ],
                [
                    152,
                    62,
                    0.3989386558532715
                ],
                [
                    128,
                    54,
                    0.03636416420340538
                ],
                [
                    176,
                    62,
                    0.859787106513977
                ],
                [
                    304,
                    0,
                    1.008428931236267
                ]
            ]
        },
        {
            "frame_index": 2,
            "id": 2,
            "person_id": null,
            "keypoints": [
                [
                    144,
                    93,
                    0.32406163215637207
                ],
                [
                    160,
                    93,
                    0.5117637515068054
                ],
                [
                    120,
                    101,
                    0.5826188325881958
                ],
                [
                    80,
                    148,
                    0.22163933515548706
                ],
                [
                    296,
                    0,
                    0.027572359889745712
                ],
                [
                    200,
                    93,
                    0.568557620048523
                ],
                [
                    240,
                    148,
                    0.1802516132593155
                ],
                [
                    304,
                    7,
                    0.02746577374637127
                ],
                [
                    72,
                    172,
                    0.04481998831033707
                ],
                [
                    72,
                    164,
                    0.032033223658800125
                ],
                [
                    248,
                    156,
                    0.0200238935649395
                ],
                [
                    296,
                    0,
                    0.041180480271577835
                ],
                [
                    312,
                    156,
                    0.01951150968670845
                ],
                [
                    312,
                    172,
                    0.013446230441331863
                ],
                [
                    136,
                    93,
                    0.3497284948825836
                ],
                [
                    144,
                    86,
                    0.3550962805747986
                ],
                [
                    128,
                    62,
                    0.025848733261227608
                ],
                [
                    168,
                    62,
                    0.812619686126709
                ],
                [
                    304,
                    0,
                    1.0082858800888062
                ]
            ]
        }
    ],
    "category_id": 1
}