{
    "info": {
        "video_name": "1_417",
        "resolution": [
            320,
            180
        ],
        "num_frame": 3,
        "num_keypoints": 18,
        "keypoint_channels": [
            "x",
            "y",
            "score"
        ],
        "version": "1.0"
    },
    "annotations": [
        {
            "frame_index": 0,
            "id": 0,
            "person_id": null,
            "keypoints": [
                [
                    176,
                    54,
                    0.16991357505321503
                ],
                [
                    152,
                    109,
                    0.6473402976989746
                ],
                [
                    96,
                    109,
                    0.585756778717041
                ],
                [
                    64,
                    148,
                    0.09022381901741028
                ],
                [
                    8,
                    7,
                    0.012382478453218937
                ],
                [
                    208,
                    101,
                    0.5315806269645691
                ],
                [
                    232,
                    148,
                    0.04908262938261032
                ],
                [
                    296,
                    7,
                    0.021891413256525993
                ],
                [
                    56,
                    172,
                    0.02869519218802452
                ],
                [
                    312,
                    172,
                    0.016337264329195023
                ],
                [
                    8,
                    15,
                    0.018221504986286163
                ],
                [
                    312,
                    164,
                    0.026480667293071747
                ],
                [
                    120,
                    62,
                    0.014905624091625214
                ],
                [
                    0,
                    7,
                    0.018541373312473297
                ],
                [
                    152,
                    46,
                    0.08354385942220688
                ],
                [
                    176,
                    46,
                    0.1592305600643158
                ],
                [
                    128,
                    54,
                    0.48746463656425476
                ],
                [
                    184,
                    54,
                    0.12932775914669037
                ],
                [
                    296,
                    164,
                    1.015021562576294
                ]
            ]
        },
        {
            "frame_index": 1,
            "id": 1,
            "person_id": null,
            "keypoints": [
                [
                    168,
                    54,
                    0.25681039690971375
                ],
                [
                    152,
                    109,
                    0.6463726758956909
                ],
                [
                    96,
                    109,
                    0.5816431045532227
                ],
                [
                    64,
                    148,
                    0.0821542739868164
                ],
                [
                    8,
                    7,
                    0.011454297229647636
                ],
                [
                    208,
                    101,
                    0.5735435485839844
                ],
                [
                    232,
                    148,
                    0.059152521193027496
                ],
                [
                    296,
                    7,
                    0.022553028538823128
                ],
                [
                    56,
                    172,
                    0.02656172402203083
                ],
                [
                    312,
                    172,
                    0.01633475534617901
                ],
                [
                    8,
                    15,
                    0.019799645990133286
                ],
                [
                    312,
                    164,
                    0.02694236859679222
                ],
                [
                    120,
                    62,
                    0.011796139180660248
                ],
                [
                    0,
                    7,
                    0.01750691421329975
                ],
                [
                    152,
                    46,
                    0.190765380859375
                ],
                [
                    168,
                    46,
                    0.2996983528137207
                ],
                [
                    128,
                    54,
                    0.5800115466117859
                ],
                [
                    176,
                    54,
                    0.3463207185268402
                ],
                [
                    296,
                    164,
                    1.017467975616455
                ]
            ]
        },
        {
            "frame_index": 2,
            "id": 2,
            "person_id": null,
            "keypoints": [
                [
                    168,
                    62,
                    0.05749727040529251
                ],
                [
                    152,
                    109,
                    0.6452541947364807
                ],
                [
                    96,
                    109,
                    0.5748217701911926
                ],
                [
                    64,
                    148,
                    0.08462062478065491
                ],
                [
                    8,
                    7,
                    0.010641712695360184
                ],
                [
                    208,
                    101,
                    0.5640751123428345
                ],
                [
                    232,
                    148,
                    0.04198042303323746
                ],
                [
                    296,
                    7,
                    0.02338446117937565
                ],
                [
                    56,
                    172,
                    0.02717410959303379
                ],
                [
                    312,
                    172,
                    0.016047952696681023
                ],
                [
                    8,
                    15,
                    0.019916607066988945
                ],
                [
                    312,
                    164,
                    0.02680976688861847
                ],
                [
                    120,
                    62,
                    0.014197010546922684
                ],
                [
                    0,
                    7,
                    0.017100632190704346
                ],
                [
                    160,
                    46,
                    0.0670003890991211
                ],
                [
                    168,
                    46,
                    0.06461445242166519
                ],
                [
                    128,
                    54,
                    0.4966401159763336
                ],
                [
                    176,
                    54,
                    0.10599890351295471
                ],
                [
                    296,
                    164,
                    1.0164977312088013
                ]
            ]
        }
    ],
    "category_id": 1
}