{
    "info": {
        "video_name": "1_416",
        "resolution": [
            320,
            180
        ],
        "num_frame": 2,
        "num_keypoints": 18,
        "keypoint_channels": [
            "x",
            "y",
            "score"
        ],
        "version": "1.0"
    },
    "annotations": [
        {
            "frame_index": 0,
            "id": 0,
            "person_id": null,
            "keypoints": [
                [
                    168,
                    62,
                    0.4731634855270386
                ],
                [
                    152,
                    109,
                    0.6651465892791748
                ],
                [
                    96,
                    109,
                    0.5654477477073669
                ],
                [
                    72,
                    148,
                    0.10777482390403748
                ],
                [
                    128,
                    62,
                    0.026964465156197548
                ],
                [
                    200,
                    101,
                    0.5748780965805054
                ],
                [
                    232,
                    148,
                    0.04781375825405121
                ],
                [
                    296,
                    7,
                    0.018465761095285416
                ],
                [
                    240,
                    172,
                    0.024172808974981308
                ],
                [
                    312,
                    172,
                    0.01727297715842724
                ],
                [
                    0,
                    15,
                    0.022951312363147736
                ],
                [
                    312,
                    164,
                    0.023303154855966568
                ],
                [
                    128,
                    70,
                    0.016051318496465683
                ],
                [
                    0,
                    7,
                    0.015492478385567665
                ],
                [
                    160,
                    54,
                    0.3334517180919647
                ],
                [
                    176,
                    54,
                    0.4964647889137268
                ],
                [
                    128,
                    62,
                    0.6114264130592346
                ],
                [
                    184,
                    62,
                    0.3532835841178894
                ],
                [
                    296,
                    164,
                    1.0188705921173096
                ]
            ]
        },
        {
            "frame_index": 1,
            "id": 1,
            "person_id": null,
            "keypoints": [
                [
                    160,
                    93,
                    0.26146411895751953
                ],
                [
                    152,
                    109,
                    0.6109053492546082
                ],
                [
                    96,
                    109,
                    0.5680510401725769
                ],
                [
                    72,
                    148,
                    0.11436285078525543
                ],
                [
                    128,
                    62,
                    0.024015415459871292
                ],
                [
                    200,
                    101,
                    0.5673648715019226
                ],
                [
                    232,
                    148,
                    0.05272994190454483
                ],
                [
                    296,
                    7,
                    0.017868608236312866
                ],
                [
                    240,
                    172,
                    0.024724425747990608
                ],
                [
                    312,
                    172,
                    0.016680467873811722
                ],
                [
                    0,
                    15,
                    0.022264566272497177
                ],
                [
                    16,
                    7,
                    0.023586951196193695
                ],
                [
                    128,
                    70,
                    0.017120784148573875
                ],
                [
                    0,
                    7,
                    0.015848280861973763
                ],
                [
                    160,
                    93,
                    0.31275296211242676
                ],
                [
                    168,
                    93,
                    0.31315192580223083
                ],
                [
                    128,
                    62,
                    0.5470330119132996
                ],
                [
                    176,
                    70,
                    0.11431862413883209
                ],
                [
                    296,
                    164,
                    1.019925832748413
                ]
            ]
        }
    ],
    "category_id": 1
}