{
    "info": {
        "video_name": "1_414",
        "resolution": [
            320,
            180
        ],
        "num_frame": 5,
        "num_keypoints": 18,
        "keypoint_channels": [
            "x",
            "y",
            "score"
        ],
        "version": "1.0"
    },
    "annotations": [
        {
            "frame_index": 0,
            "id": 0,
            "person_id": null,
            "keypoints": [
                [
                    144,
                    78,
                    0.5534952878952026
                ],
                [
                    168,
                    109,
                    0.6067031621932983
                ],
                [
                    128,
                    109,
                    0.5238907933235168
                ],
                [
                    72,
                    148,
                    0.2605607807636261
                ],
                [
                    296,
                    0,
                    0.027784425765275955
                ],
                [
                    200,
                    101,
                    0.6092823147773743
                ],
                [
                    256,
                    148,
                    0.4771193563938141
                ],
                [
                    240,
                    148,
                    0.05521370470523834
                ],
                [
                    72,
                    172,
                    0.04654983431100845
                ],
                [
                    72,
                    164,
                    0.03214492276310921
                ],
                [
                    56,
                    156,
                    0.026813875883817673
                ],
                [
                    256,
                    172,
                    0.04919401928782463
                ],
                [
                    312,
                    156,
                    0.021971017122268677
                ],
                [
                    312,
                    172,
                    0.018489360809326172
                ],
                [
                    144,
                    70,
                    0.33317384123802185
                ],
                [
                    152,
                    70,
                    0.5263786911964417
                ],
                [
                    136,
                    62,
                    0.08277857303619385
                ],
                [
                    184,
                    70,
                    0.7875015735626221
                ],
                [
                    304,
                    0,
                    1.009423017501831
                ]
            ]
        },
        {
            "frame_index": 1,
            "id": 1,
            "person_id": null,
            "keypoints": [
                [
                    144,
                    78,
                    0.4849719703197479
                ],
                [
                    168,
                    101,
                    0.5922930836677551
                ],
                [
                    128,
                    101,
                    0.5723326206207275
                ],
                [
                    72,
                    148,
                    0.2626422345638275
                ],
                [
                    296,
                    0,
                    0.028527041897177696
                ],
                [
                    200,
                    101,
                    0.5994417667388916
                ],
                [
                    256,
                    148,
                    0.5152217745780945
                ],
                [
                    240,
                    148,
                    0.07532233744859695
                ],
                [
                    72,
                    172,
                    0.047212325036525726
                ],
                [
                    72,
                    164,
                    0.03520809859037399
                ],
                [
                    272,
                    156,
                    0.026579849421977997
                ],
                [
                    256,
                    172,
                    0.05012809485197067
                ],
                [
                    264,
                    156,
                    0.02304306998848915
                ],
                [
                    312,
                    172,
                    0.01693914271891117
                ],
                [
                    144,
                    70,
                    0.31946003437042236
                ],
                [
                    152,
                    70,
                    0.4521615505218506
                ],
                [
                    136,
                    62,
                    0.0728127732872963
                ],
                [
                    184,
                    70,
                    0.823311984539032
                ],
                [
                    304,
                    0,
                    1.008571743965149
                ]
            ]
        },
        {
            "frame_index": 2,
            "id": 2,
            "person_id": null,
            "keypoints": [
                [
                    168,
                    78,
                    0.40284109115600586
                ],
                [
                    168,
                    109,
                    0.5711245536804199
                ],
                [
                    120,
                    109,
                    0.550208568572998
                ],
                [
                    80,
                    148,
                    0.2164614498615265
                ],
                [
                    296,
                    0,
                    0.028287146240472794
                ],
                [
                    200,
                    101,
                    0.6340574622154236
                ],
                [
                    256,
                    148,
                    0.46892425417900085
                ],
                [
                    240,
                    148,
                    0.06594914942979813
                ],
                [
                    256,
                    172,
                    0.0442846342921257
                ],
                [
                    72,
                    164,
                    0.02600271999835968
                ],
                [
                    56,
                    156,
                    0.02536384016275406
                ],
                [
                    256,
                    172,
                    0.050235580652952194
                ],
                [
                    264,
                    156,
                    0.022117100656032562
                ],
                [
                    312,
                    172,
                    0.016907403245568275
                ],
                [
                    160,
                    70,
                    0.4257807433605194
                ],
                [
                    176,
                    70,
                    0.4288281500339508
                ],
                [
                    136,
                    70,
                    0.39689725637435913
                ],
                [
                    184,
                    78,
                    0.5601997375488281
                ],
                [
                    304,
                    0,
                    1.0094976425170898
                ]
            ]
        },
        {
            "frame_index": 3,
            "id": 3,
            "person_id": null,
            "keypoints": [
                [
                    176,
                    78,
                    0.7545926570892334
                ],
                [
                    160,
                    101,
                    0.6261602640151978
                ],
                [
                    120,
                    109,
                    0.5759682655334473
                ],
                [
                    72,
                    148,
                    0.29955747723579407
                ],
                [
                    296,
                    0,
                    0.028126893565058708
                ],
                [
                    200,
                    101,
                    0.5971924066543579
                ],
                [
                    256,
                    148,
                    0.4132820963859558
                ],
                [
                    240,
                    148,
                    0.03179679065942764
                ],
                [
                    72,
                    172,
                    0.05012144148349762
                ],
                [
                    72,
                    164,
                    0.04132401570677757
                ],
                [
                    72,
                    164,
                    0.028279751539230347
                ],
                [
                    256,
                    172,
                    0.046453069895505905
                ],
                [
                    72,
                    164,
                    0.024811312556266785
                ],
                [
                    312,
                    172,
                    0.017031947150826454
                ],
                [
                    168,
                    70,
                    0.7624193429946899
                ],
                [
                    176,
                    70,
                    0.4987679123878479
                ],
                [
                    128,
                    70,
                    0.48223748803138733
                ],
                [
                    72,
                    164,
                    0.02732504904270172
                ],
                [
                    304,
                    0,
                    1.0097177028656006
                ]
            ]
        },
        {
            "frame_index": 4,
            "id": 4,
            "person_id": null,
            "keypoints": [
                [
                    176,
                    78,
                    0.633260190486908
                ],
                [
                    160,
                    109,
                    0.6121566891670227
                ],
                [
                    120,
                    109,
                    0.5737136602401733
                ],
                [
                    72,
                    148,
                    0.2764906585216522
                ],
                [
                    296,
                    0,
                    0.028176942840218544
                ],
                [
                    200,
                    101,
                    0.6386544108390808
                ],
                [
                    256,
                    148,
                    0.5026153326034546
                ],
                [
                    240,
                    148,
                    0.06444504857063293
                ],
                [
                    72,
                    172,
                    0.048575259745121
                ],
                [
                    72,
                    164,
                    0.03655163198709488
                ],
                [
                    56,
                    156,
                    0.026426974684000015
                ],
                [
                    256,
                    172,
                    0.0512235164642334
                ],
                [
                    312,
                    156,
                    0.022403493523597717
                ],
                [
                    312,
                    172,
                    0.017034390941262245
                ],
                [
                    168,
                    70,
                    0.6731363534927368
                ],
                [
                    176,
                    70,
                    0.5233332514762878
                ],
                [
                    136,
                    78,
                    0.5075854659080505
                ],
                [
                    184,
                    70,
                    0.26179206371307373
                ],
                [
                    304,
                    0,
                    1.0096378326416016
                ]
            ]
        }
    ],
    "category_id": 1
}