{
    "info": {
        "video_name": "1_42",
        "resolution": [
            320,
            180
        ],
        "num_frame": 4,
        "num_keypoints": 18,
        "keypoint_channels": [
            "x",
            "y",
            "score"
        ],
        "version": "1.0"
    },
    "annotations": [
        {
            "frame_index": 0,
            "id": 0,
            "person_id": null,
            "keypoints": [
                [
                    152,
                    78,
                    0.03552468493580818
                ],
                [
                    152,
                    109,
                    0.5134470462799072
                ],
                [
                    88,
                    117,
                    0.5790206789970398
                ],
                [
                    72,
                    148,
                    0.07044252753257751
                ],
                [
                    296,
                    0,
                    0.020774047821760178
                ],
                [
                    216,
                    101,
                    0.6027507185935974
                ],
                [
                    240,
                    148,
                    0.05755221098661423
                ],
                [
                    304,
                    7,
                    0.021936455741524696
                ],
                [
                    176,
                    172,
                    0.018577679991722107
                ],
                [
                    304,
                    164,
                    0.016554392874240875
                ],
                [
                    304,
                    156,
                    0.009818796068429947
                ],
                [
                    296,
                    0,
                    0.027784544974565506
                ],
                [
                    312,
                    54,
                    0.013445677235722542
                ],
                [
                    304,
                    172,
                    0.016674766317009926
                ],
                [
                    144,
                    70,
                    0.06156473979353905
                ],
                [
                    152,
                    62,
                    0.053330160677433014
                ],
                [
                    128,
                    70,
                    0.21612849831581116
                ],
                [
                    184,
                    62,
                    0.6708168387413025
                ],
                [
                    304,
                    0,
                    1.010061264038086
                ]
            ]
        },
        {
            "frame_index": 1,
            "id": 1,
            "person_id": null,
            "keypoints": [
                [
                    144,
                    70,
                    0.11640496551990509
                ],
                [
                    160,
                    109,
                    0.5183188319206238
                ],
                [
                    88,
                    117,
                    0.5795134902000427
                ],
                [
                    72,
                    148,
                    0.0731341540813446
                ],
                [
                    296,
                    0,
                    0.020907431840896606
                ],
                [
                    216,
                    101,
                    0.621198296546936
                ],
                [
                    240,
                    148,
                    0.05937288701534271
                ],
                [
                    304,
                    7,
                    0.022007731720805168
                ],
                [
                    176,
                    172,
                    0.02080719545483589
                ],
                [
                    304,
                    164,
                    0.01600831374526024
                ],
                [
                    304,
                    156,
                    0.00963137298822403
                ],
                [
                    296,
                    0,
                    0.027862142771482468
                ],
                [
                    312,
                    54,
                    0.01354188658297062
                ],
                [
                    304,
                    172,
                    0.01607152633368969
                ],
                [
                    144,
                    70,
                    0.07541562616825104
                ],
                [
                    144,
                    62,
                    0.10741277039051056
                ],
                [
                    128,
                    70,
                    0.2276025116443634
                ],
                [
                    184,
                    62,
                    0.6665642261505127
                ],
                [
                    304,
                    0,
                    1.0102834701538086
                ]
            ]
        },
        {
            "frame_index": 2,
            "id": 2,
            "person_id": null,
            "keypoints": [
                [
                    144,
                    70,
                    0.1343686431646347
                ],
                [
                    152,
                    109,
                    0.5616122484207153
                ],
                [
                    88,
                    109,
                    0.5789876580238342
                ],
                [
                    72,
                    148,
                    0.07204707711935043
                ],
                [
                    296,
                    0,
                    0.02163630537688732
                ],
                [
                    216,
                    101,
                    0.6129724383354187
                ],
                [
                    240,
                    148,
                    0.06989307701587677
                ],
                [
                    304,
                    7,
                    0.022910183295607567
                ],
                [
                    240,
                    172,
                    0.024333568289875984
                ],
                [
                    304,
                    164,
                    0.01554279588162899
                ],
                [
                    304,
                    156,
                    0.009497523307800293
                ],
                [
                    296,
                    0,
                    0.02926117181777954
                ],
                [
                    312,
                    54,
                    0.013676255941390991
                ],
                [
                    304,
                    172,
                    0.01595517061650753
                ],
                [
                    144,
                    70,
                    0.09947280585765839
                ],
                [
                    144,
                    62,
                    0.1323951631784439
                ],
                [
                    128,
                    70,
                    0.24716782569885254
                ],
                [
                    184,
                    62,
                    0.7341260313987732
                ],
                [
                    304,
                    0,
                    1.0115073919296265
                ]
            ]
        },
        {
            "frame_index": 3,
            "id": 3,
            "person_id": null,
            "keypoints": [
                [
                    152,
                    86,
                    0.40775066614151
                ],
                [
                    152,
                    109,
                    0.5660514235496521
                ],
                [
                    88,
                    109,
                    0.5799742341041565
                ],
                [
                    72,
                    148,
                    0.07879121601581573
                ],
                [
                    296,
                    0,
                    0.021476328372955322
                ],
                [
                    216,
                    101,
                    0.6145440936088562
                ],
                [
                    240,
                    148,
                    0.053487539291381836
                ],
                [
                    304,
                    7,
                    0.022276511415839195
                ],
                [
                    248,
                    172,
                    0.024154454469680786
                ],
                [
                    304,
                    164,
                    0.015577932819724083
                ],
                [
                    304,
                    156,
                    0.009863780811429024
                ],
                [
                    296,
                    0,
                    0.028451241552829742
                ],
                [
                    312,
                    54,
                    0.013948528096079826
                ],
                [
                    304,
                    172,
                    0.016173280775547028
                ],
                [
                    152,
                    78,
                    0.45580849051475525
                ],
                [
                    160,
                    78,
                    0.20485712587833405
                ],
                [
                    136,
                    78,
                    0.38712039589881897
                ],
                [
                    184,
                    70,
                    0.7299354076385498
                ],
                [
                    304,
                    0,
                    1.0113718509674072
                ]
            ]
        }
    ],
    "category_id": 1
}