{
    "info": {
        "video_name": "1_44",
        "resolution": [
            320,
            180
        ],
        "num_frame": 4,
        "num_keypoints": 18,
        "keypoint_channels": [
            "x",
            "y",
            "score"
        ],
        "version": "1.0"
    },
    "annotations": [
        {
            "frame_index": 0,
            "id": 0,
            "person_id": null,
            "keypoints": [
                [
                    128,
                    39,
                    0.15539991855621338
                ],
                [
                    144,
                    109,
                    0.6518361568450928
                ],
                [
                    88,
                    109,
                    0.5850507616996765
                ],
                [
                    64,
                    156,
                    0.07234294712543488
                ],
                [
                    296,
                    0,
                    0.022511104121804237
                ],
                [
                    208,
                    101,
                    0.6111190915107727
                ],
                [
                    224,
                    148,
                    0.030900778248906136
                ],
                [
                    304,
                    7,
                    0.023950612172484398
                ],
                [
                    40,
                    172,
                    0.030842123553156853
                ],
                [
                    304,
                    164,
                    0.024428632110357285
                ],
                [
                    32,
                    156,
                    0.014610972255468369
                ],
                [
                    296,
                    0,
                    0.02795715257525444
                ],
                [
                    312,
                    164,
                    0.014872806146740913
                ],
                [
                    304,
                    172,
                    0.015254640020430088
                ],
                [
                    128,
                    39,
                    0.13454660773277283
                ],
                [
                    136,
                    39,
                    0.17558875679969788
                ],
                [
                    120,
                    39,
                    0.058132823556661606
                ],
                [
                    168,
                    62,
                    0.7446901202201843
                ],
                [
                    304,
                    0,
                    1.016771674156189
                ]
            ]
        },
        {
            "frame_index": 1,
            "id": 1,
            "person_id": null,
            "keypoints": [
                [
                    136,
                    109,
                    0.2907865643501282
                ],
                [
                    152,
                    109,
                    0.6130089163780212
                ],
                [
                    88,
                    109,
                    0.6056232452392578
                ],
                [
                    64,
                    156,
                    0.07454170286655426
                ],
                [
                    296,
                    0,
                    0.022603623569011688
                ],
                [
                    208,
                    101,
                    0.620506227016449
                ],
                [
                    224,
                    148,
                    0.03217385709285736
                ],
                [
                    304,
                    7,
                    0.02363354153931141
                ],
                [
                    40,
                    172,
                    0.026549093425273895
                ],
                [
                    304,
                    164,
                    0.024592742323875427
                ],
                [
                    224,
                    172,
                    0.012149250134825706
                ],
                [
                    296,
                    0,
                    0.027589842677116394
                ],
                [
                    312,
                    164,
                    0.01490146666765213
                ],
                [
                    304,
                    172,
                    0.015326333232223988
                ],
                [
                    136,
                    109,
                    0.27269747853279114
                ],
                [
                    144,
                    109,
                    0.28984469175338745
                ],
                [
                    112,
                    46,
                    0.07574564218521118
                ],
                [
                    168,
                    62,
                    0.8016627430915833
                ],
                [
                    304,
                    0,
                    1.0156677961349487
                ]
            ]
        },
        {
            "frame_index": 2,
            "id": 2,
            "person_id": null,
            "keypoints": [
                [
                    128,
                    46,
                    0.30044081807136536
                ],
                [
                    144,
                    109,
                    0.6680507659912109
                ],
                [
                    88,
                    109,
                    0.5888118743896484
                ],
                [
                    64,
                    156,
                    0.06656064093112946
                ],
                [
                    296,
                    0,
                    0.02220180444419384
                ],
                [
                    200,
                    101,
                    0.6114097833633423
                ],
                [
                    216,
                    148,
                    0.0316753163933754
                ],
                [
                    304,
                    7,
                    0.023212673142552376
                ],
                [
                    40,
                    172,
                    0.0295904241502285
                ],
                [
                    304,
                    164,
                    0.024168558418750763
                ],
                [
                    64,
                    156,
                    0.014111543074250221
                ],
                [
                    296,
                    0,
                    0.026134707033634186
                ],
                [
                    312,
                    164,
                    0.014860410243272781
                ],
                [
                    304,
                    172,
                    0.015352900139987469
                ],
                [
                    120,
                    39,
                    0.23784254491329193
                ],
                [
                    152,
                    54,
                    0.24624764919281006
                ],
                [
                    112,
                    46,
                    0.1490400731563568
                ],
                [
                    168,
                    62,
                    0.7929807901382446
                ],
                [
                    304,
                    0,
                    1.0174942016601562
                ]
            ]
        },
        {
            "frame_index": 3,
            "id": 3,
            "person_id": null,
            "keypoints": [
                [
                    128,
                    46,
                    0.24206319451332092
                ],
                [
                    144,
                    109,
                    0.6447281837463379
                ],
                [
                    88,
                    109,
                    0.5807937383651733
                ],
                [
                    64,
                    156,
                    0.07090046256780624
                ],
                [
                    296,
                    0,
                    0.022130373865365982
                ],
                [
                    200,
                    101,
                    0.6066784262657166
                ],
                [
                    224,
                    148,
                    0.03345772624015808
                ],
                [
                    304,
                    7,
                    0.02364608459174633
                ],
                [
                    40,
                    172,
                    0.03211341053247452
                ],
                [
                    304,
                    164,
                    0.024508938193321228
                ],
                [
                    32,
                    156,
                    0.015375534072518349
                ],
                [
                    296,
                    0,
                    0.02705536037683487
                ],
                [
                    312,
                    164,
                    0.015003303065896034
                ],
                [
                    304,
                    172,
                    0.014956478029489517
                ],
                [
                    120,
                    39,
                    0.17118388414382935
                ],
                [
                    128,
                    39,
                    0.20824120938777924
                ],
                [
                    24,
                    140,
                    0.023424338549375534
                ],
                [
                    168,
                    62,
                    0.7891963124275208
                ],
                [
                    304,
                    0,
                    1.0174736976623535
                ]
            ]
        }
    ],
    "category_id": 1
}