{
    "info": {
        "video_name": "1_47",
        "resolution": [
            320,
            180
        ],
        "num_frame": 3,
        "num_keypoints": 18,
        "keypoint_channels": [
            "x",
            "y",
            "score"
        ],
        "version": "1.0"
    },
    "annotations": [
        {
            "frame_index": 0,
            "id": 0,
            "person_id": null,
            "keypoints": [
                [
                    128,
                    31,
                    0.17570264637470245
                ],
                [
                    152,
                    109,
                    0.6115438938140869
                ],
                [
                    88,
                    109,
                    0.6394112706184387
                ],
                [
                    72,
                    148,
                    0.08524720370769501
                ],
                [
                    296,
                    0,
                    0.023297511041164398
                ],
                [
                    216,
                    109,
                    0.5478701591491699
                ],
                [
                    240,
                    148,
                    0.04221631586551666
                ],
                [
                    304,
                    7,
                    0.025524968281388283
                ],
                [
                    152,
                    172,
                    0.03509127348661423
                ],
                [
                    304,
                    164,
                    0.01881587691605091
                ],
                [
                    304,
                    133,
                    0.01342931017279625
                ],
                [
                    296,
                    0,
                    0.0315922349691391
                ],
                [
                    248,
                    172,
                    0.01283353753387928
                ],
                [
                    304,
                    172,
                    0.015076858922839165
                ],
                [
                    128,
                    23,
                    0.10546284914016724
                ],
                [
                    136,
                    23,
                    0.1898239105939865
                ],
                [
                    112,
                    23,
                    0.031485170125961304
                ],
                [
                    168,
                    46,
                    0.6448073983192444
                ],
                [
                    304,
                    0,
                    1.027039647102356
                ]
            ]
        },
        {
            "frame_index": 1,
            "id": 1,
            "person_id": null,
            "keypoints": [
                [
                    128,
                    23,
                    0.19383877515792847
                ],
                [
                    152,
                    109,
                    0.6074762940406799
                ],
                [
                    96,
                    109,
                    0.6676320433616638
                ],
                [
                    64,
                    148,
                    0.10276329517364502
                ],
                [
                    296,
                    0,
                    0.02183583192527294
                ],
                [
                    216,
                    109,
                    0.5806493759155273
                ],
                [
                    248,
                    148,
                    0.07931742817163467
                ],
                [
                    304,
                    7,
                    0.02392720989882946
                ],
                [
                    264,
                    172,
                    0.03134603798389435
                ],
                [
                    304,
                    164,
                    0.018862765282392502
                ],
                [
                    64,
                    164,
                    0.014759030193090439
                ],
                [
                    296,
                    0,
                    0.029171552509069443
                ],
                [
                    256,
                    172,
                    0.017153017222881317
                ],
                [
                    304,
                    172,
                    0.015407700091600418
                ],
                [
                    120,
                    23,
                    0.16019394993782043
                ],
                [
                    128,
                    23,
                    0.19970305263996124
                ],
                [
                    120,
                    23,
                    0.05583103746175766
                ],
                [
                    168,
                    54,
                    0.6226649284362793
                ],
                [
                    296,
                    164,
                    1.0212132930755615
                ]
            ]
        },
        {
            "frame_index": 2,
            "id": 2,
            "person_id": null,
            "keypoints": [
                [
                    296,
                    0,
                    0.025307390838861465
                ],
                [
                    152,
                    109,
                    0.6136360764503479
                ],
                [
                    96,
                    109,
                    0.6157073378562927
                ],
                [
                    64,
                    156,
                    0.12467402219772339
                ],
                [
                    296,
                    0,
                    0.023333311080932617
                ],
                [
                    216,
                    109,
                    0.5964782238006592
                ],
                [
                    256,
                    148,
                    0.11043860018253326
                ],
                [
                    304,
                    7,
                    0.025202663615345955
                ],
                [
                    72,
                    172,
                    0.03908634930849075
                ],
                [
                    304,
                    164,
                    0.020531095564365387
                ],
                [
                    64,
                    164,
                    0.0176133681088686
                ],
                [
                    296,
                    0,
                    0.03220483660697937
                ],
                [
                    264,
                    172,
                    0.01082153245806694
                ],
                [
                    304,
                    172,
                    0.01669338531792164
                ],
                [
                    136,
                    39,
                    0.020443201065063477
                ],
                [
                    304,
                    7,
                    0.024656018242239952
                ],
                [
                    112,
                    62,
                    0.044382017105817795
                ],
                [
                    168,
                    54,
                    0.6765807867050171
                ],
                [
                    304,
                    0,
                    1.0267695188522339
                ]
            ]
        }
    ],
    "category_id": 1
}