{
    "info": {
        "video_name": "1_49",
        "resolution": [
            320,
            180
        ],
        "num_frame": 3,
        "num_keypoints": 18,
        "keypoint_channels": [
            "x",
            "y",
            "score"
        ],
        "version": "1.0"
    },
    "annotations": [
        {
            "frame_index": 0,
            "id": 0,
            "person_id": null,
            "keypoints": [
                [
                    296,
                    0,
                    0.0237821526825428
                ],
                [
                    160,
                    101,
                    0.5841496586799622
                ],
                [
                    104,
                    109,
                    0.7124505043029785
                ],
                [
                    88,
                    148,
                    0.05306568741798401
                ],
                [
                    296,
                    0,
                    0.02267359383404255
                ],
                [
                    216,
                    101,
                    0.5877769589424133
                ],
                [
                    232,
                    148,
                    0.04344013333320618
                ],
                [
                    304,
                    7,
                    0.023924412205815315
                ],
                [
                    88,
                    172,
                    0.021896904334425926
                ],
                [
                    304,
                    164,
                    0.02227475866675377
                ],
                [
                    296,
                    15,
                    0.011253910139203072
                ],
                [
                    296,
                    0,
                    0.02959907054901123
                ],
                [
                    312,
                    62,
                    0.010762317106127739
                ],
                [
                    304,
                    172,
                    0.01838083192706108
                ],
                [
                    136,
                    39,
                    0.03013809211552143
                ],
                [
                    136,
                    46,
                    0.029578717425465584
                ],
                [
                    112,
                    54,
                    0.012814067304134369
                ],
                [
                    176,
                    62,
                    0.781036913394928
                ],
                [
                    304,
                    0,
                    1.016003131866455
                ]
            ]
        },
        {
            "frame_index": 1,
            "id": 1,
            "person_id": null,
            "keypoints": [
                [
                    296,
                    0,
                    0.023657893761992455
                ],
                [
                    160,
                    101,
                    0.5774970054626465
                ],
                [
                    104,
                    109,
                    0.6883980631828308
                ],
                [
                    88,
                    148,
                    0.06036071479320526
                ],
                [
                    296,
                    0,
                    0.022286120802164078
                ],
                [
                    216,
                    101,
                    0.5632789731025696
                ],
                [
                    232,
                    148,
                    0.043274909257888794
                ],
                [
                    304,
                    7,
                    0.023019539192318916
                ],
                [
                    88,
                    172,
                    0.024399129673838615
                ],
                [
                    304,
                    164,
                    0.023210756480693817
                ],
                [
                    136,
                    164,
                    0.011514818295836449
                ],
                [
                    296,
                    0,
                    0.029721777886152267
                ],
                [
                    312,
                    62,
                    0.011920586228370667
                ],
                [
                    304,
                    172,
                    0.018685294315218925
                ],
                [
                    296,
                    0,
                    0.017451489344239235
                ],
                [
                    304,
                    7,
                    0.025631757453083992
                ],
                [
                    304,
                    156,
                    0.011637164279818535
                ],
                [
                    176,
                    70,
                    0.749336302280426
                ],
                [
                    304,
                    0,
                    1.017096996307373
                ]
            ]
        },
        {
            "frame_index": 2,
            "id": 2,
            "person_id": null,
            "keypoints": [
                [
                    296,
                    0,
                    0.023909930139780045
                ],
                [
                    160,
                    109,
                    0.5530081987380981
                ],
                [
                    104,
                    109,
                    0.714515209197998
                ],
                [
                    88,
                    148,
                    0.054211076349020004
                ],
                [
                    296,
                    0,
                    0.022978294640779495
                ],
                [
                    216,
                    101,
                    0.5884255766868591
                ],
                [
                    232,
                    148,
                    0.044106289744377136
                ],
                [
                    304,
                    7,
                    0.024207955226302147
                ],
                [
                    88,
                    172,
                    0.024121396243572235
                ],
                [
                    304,
                    164,
                    0.021465018391609192
                ],
                [
                    136,
                    164,
                    0.013451069593429565
                ],
                [
                    296,
                    0,
                    0.028111953288316727
                ],
                [
                    312,
                    62,
                    0.011778676882386208
                ],
                [
                    304,
                    172,
                    0.018149496987462044
                ],
                [
                    296,
                    0,
                    0.01748710311949253
                ],
                [
                    304,
                    7,
                    0.026970181614160538
                ],
                [
                    304,
                    156,
                    0.012087663635611534
                ],
                [
                    168,
                    62,
                    0.6792578101158142
                ],
                [
                    304,
                    0,
                    1.018602967262268
                ]
            ]
        }
    ],
    "category_id": 1
}