{
    "info": {
        "video_name": "1_50",
        "resolution": [
            320,
            180
        ],
        "num_frame": 6,
        "num_keypoints": 18,
        "keypoint_channels": [
            "x",
            "y",
            "score"
        ],
        "version": "1.0"
    },
    "annotations": [
        {
            "frame_index": 0,
            "id": 0,
            "person_id": null,
            "keypoints": [
                [
                    168,
                    62,
                    0.6316271424293518
                ],
                [
                    168,
                    101,
                    0.746731698513031
                ],
                [
                    120,
                    101,
                    0.6768779158592224
                ],
                [
                    48,
                    140,
                    0.17561863362789154
                ],
                [
                    40,
                    140,
                    0.13426712155342102
                ],
                [
                    216,
                    101,
                    0.7010513544082642
                ],
                [
                    40,
                    140,
                    0.16730089485645294
                ],
                [
                    40,
                    140,
                    0.09394963085651398
                ],
                [
                    40,
                    148,
                    0.2328929603099823
                ],
                [
                    40,
                    164,
                    0.059988297522068024
                ],
                [
                    48,
                    164,
                    0.022520463913679123
                ],
                [
                    40,
                    148,
                    0.19913150370121002
                ],
                [
                    40,
                    156,
                    0.08888492733240128
                ],
                [
                    40,
                    172,
                    0.014545823447406292
                ],
                [
                    160,
                    54,
                    0.6149434447288513
                ],
                [
                    168,
                    54,
                    0.5672602653503418
                ],
                [
                    144,
                    54,
                    0.7686813473701477
                ],
                [
                    184,
                    54,
                    0.8671162724494934
                ],
                [
                    304,
                    0,
                    1.0102790594100952
                ]
            ]
        },
        {
            "frame_index": 1,
            "id": 1,
            "person_id": null,
            "keypoints": [
                [
                    168,
                    46,
                    0.5628758668899536
                ],
                [
                    168,
                    101,
                    0.7304452061653137
                ],
                [
                    120,
                    101,
                    0.7068689465522766
                ],
                [
                    48,
                    140,
                    0.2114390879869461
                ],
                [
                    48,
                    140,
                    0.15129320323467255
                ],
                [
                    216,
                    101,
                    0.6967933177947998
                ],
                [
                    40,
                    140,
                    0.19153337180614471
                ],
                [
                    40,
                    140,
                    0.10949885845184326
                ],
                [
                    40,
                    148,
                    0.26206016540527344
                ],
                [
                    40,
                    164,
                    0.07755295187234879
                ],
                [
                    56,
                    164,
                    0.02021360583603382
                ],
                [
                    40,
                    148,
                    0.23130197823047638
                ],
                [
                    40,
                    156,
                    0.1024388000369072
                ],
                [
                    40,
                    172,
                    0.017467930912971497
                ],
                [
                    160,
                    39,
                    0.48316892981529236
                ],
                [
                    176,
                    39,
                    0.44946762919425964
                ],
                [
                    144,
                    54,
                    0.8139941096305847
                ],
                [
                    192,
                    46,
                    0.5070642828941345
                ],
                [
                    304,
                    0,
                    1.0104771852493286
                ]
            ]
        },
        {
            "frame_index": 2,
            "id": 2,
            "person_id": null,
            "keypoints": [
                [
                    168,
                    46,
                    0.5881143808364868
                ],
                [
                    168,
                    101,
                    0.7143553495407104
                ],
                [
                    120,
                    101,
                    0.677865743637085
                ],
                [
                    48,
                    140,
                    0.17469878494739532
                ],
                [
                    40,
                    140,
                    0.14196433126926422
                ],
                [
                    216,
                    101,
                    0.6813973784446716
                ],
                [
                    40,
                    140,
                    0.1668684482574463
                ],
                [
                    40,
                    140,
                    0.10223762691020966
                ],
                [
                    40,
                    148,
                    0.22753719985485077
                ],
                [
                    40,
                    164,
                    0.05674409866333008
                ],
                [
                    48,
                    164,
                    0.02506040409207344
                ],
                [
                    40,
                    148,
                    0.20224885642528534
                ],
                [
                    40,
                    156,
                    0.08531461656093597
                ],
                [
                    40,
                    172,
                    0.013544910587370396
                ],
                [
                    160,
                    46,
                    0.5136376619338989
                ],
                [
                    176,
                    39,
                    0.49395591020584106
                ],
                [
                    144,
                    54,
                    0.8026233911514282
                ],
                [
                    192,
                    46,
                    0.5291635394096375
                ],
                [
                    304,
                    0,
                    1.010406494140625
                ]
            ]
        },
        {
            "frame_index": 3,
            "id": 3,
            "person_id": null,
            "keypoints": [
                [
                    184,
                    39,
                    0.528279721736908
                ],
                [
                    168,
                    101,
                    0.6809381246566772
                ],
                [
                    120,
                    101,
                    0.6286066174507141
                ],
                [
                    48,
                    140,
                    0.1944073885679245
                ],
                [
                    40,
                    140,
                    0.1605786234140396
                ],
                [
                    216,
                    101,
                    0.7068515419960022
                ],
                [
                    40,
                    140,
                    0.18963241577148438
                ],
                [
                    40,
                    140,
                    0.130140483379364
                ],
                [
                    40,
                    148,
                    0.26056697964668274
                ],
                [
                    40,
                    164,
                    0.0801137238740921
                ],
                [
                    112,
                    164,
                    0.020466569811105728
                ],
                [
                    40,
                    148,
                    0.2318211942911148
                ],
                [
                    40,
                    156,
                    0.1037602350115776
                ],
                [
                    40,
                    172,
                    0.017220692709088326
                ],
                [
                    176,
                    31,
                    0.49262356758117676
                ],
                [
                    184,
                    31,
                    0.3116382360458374
                ],
                [
                    152,
                    54,
                    0.7616442441940308
                ],
                [
                    40,
                    117,
                    0.22022601962089539
                ],
                [
                    304,
                    0,
                    1.0090620517730713
                ]
            ]
        },
        {
            "frame_index": 4,
            "id": 4,
            "person_id": null,
            "keypoints": [
                [
                    176,
                    54,
                    0.23492783308029175
                ],
                [
                    176,
                    101,
                    0.6889454126358032
                ],
                [
                    128,
                    101,
                    0.6831381916999817
                ],
                [
                    48,
                    140,
                    0.19728316366672516
                ],
                [
                    40,
                    140,
                    0.16159012913703918
                ],
                [
                    216,
                    101,
                    0.7402657866477966
                ],
                [
                    40,
                    140,
                    0.19282037019729614
                ],
                [
                    40,
                    140,
                    0.1334390789270401
                ],
                [
                    40,
                    148,
                    0.264699250459671
                ],
                [
                    40,
                    164,
                    0.08258400112390518
                ],
                [
                    112,
                    164,
                    0.020808469504117966
                ],
                [
                    40,
                    148,
                    0.23596161603927612
                ],
                [
                    40,
                    156,
                    0.10606197267770767
                ],
                [
                    40,
                    172,
                    0.017339488491415977
                ],
                [
                    168,
                    46,
                    0.253623366355896
                ],
                [
                    176,
                    86,
                    0.18475106358528137
                ],
                [
                    152,
                    54,
                    0.8201384544372559
                ],
                [
                    40,
                    117,
                    0.22562871873378754
                ],
                [
                    304,
                    0,
                    1.0092395544052124
                ]
            ]
        },
        {
            "frame_index": 5,
            "id": 5,
            "person_id": null,
            "keypoints": [
                [
                    176,
                    54,
                    0.5668465495109558
                ],
                [
                    168,
                    101,
                    0.7219569087028503
                ],
                [
                    120,
                    101,
                    0.644659698009491
                ],
                [
                    48,
                    140,
                    0.204157754778862
                ],
                [
                    40,
                    140,
                    0.1695302426815033
                ],
                [
                    216,
                    101,
                    0.7046100497245789
                ],
                [
                    40,
                    140,
                    0.2004852294921875
                ],
                [
                    40,
                    140,
                    0.14172498881816864
                ],
                [
                    40,
                    148,
                    0.2755257785320282
                ],
                [
                    40,
                    164,
                    0.08824429661035538
                ],
                [
                    48,
                    172,
                    0.02175665646791458
                ],
                [
                    40,
                    148,
                    0.24689659476280212
                ],
                [
                    40,
                    156,
                    0.11101670563220978
                ],
                [
                    40,
                    172,
                    0.01744987815618515
                ],
                [
                    168,
                    54,
                    0.4829575717449188
                ],
                [
                    184,
                    46,
                    0.6009294390678406
                ],
                [
                    144,
                    62,
                    0.7893050909042358
                ],
                [
                    192,
                    54,
                    0.5251847505569458
                ],
                [
                    304,
                    0,
                    1.008620023727417
                ]
            ]
        }
    ],
    "category_id": 1
}