{
    "info": {
        "video_name": "1_60",
        "resolution": [
            320,
            180
        ],
        "num_frame": 4,
        "num_keypoints": 18,
        "keypoint_channels": [
            "x",
            "y",
            "score"
        ],
        "version": "1.0"
    },
    "annotations": [
        {
            "frame_index": 0,
            "id": 0,
            "person_id": null,
            "keypoints": [
                [
                    144,
                    70,
                    0.2930704653263092
                ],
                [
                    152,
                    86,
                    0.7411684393882751
                ],
                [
                    120,
                    93,
                    0.6548599004745483
                ],
                [
                    80,
                    140,
                    0.6726020574569702
                ],
                [
                    112,
                    148,
                    0.23900815844535828
                ],
                [
                    192,
                    86,
                    0.6423397660255432
                ],
                [
                    224,
                    140,
                    0.6517821550369263
                ],
                [
                    184,
                    148,
                    0.2566472887992859
                ],
                [
                    120,
                    164,
                    0.09139426052570343
                ],
                [
                    120,
                    164,
                    0.03851059824228287
                ],
                [
                    232,
                    156,
                    0.03912147879600525
                ],
                [
                    176,
                    164,
                    0.12868072092533112
                ],
                [
                    184,
                    164,
                    0.03258652985095978
                ],
                [
                    104,
                    164,
                    0.01958909071981907
                ],
                [
                    144,
                    62,
                    0.11647352576255798
                ],
                [
                    152,
                    54,
                    0.27065786719322205
                ],
                [
                    136,
                    54,
                    0.07844963669776917
                ],
                [
                    176,
                    54,
                    0.7472262978553772
                ],
                [
                    304,
                    0,
                    1.008918285369873
                ]
            ]
        },
        {
            "frame_index": 1,
            "id": 1,
            "person_id": null,
            "keypoints": [
                [
                    168,
                    62,
                    0.2755846679210663
                ],
                [
                    152,
                    86,
                    0.7141051888465881
                ],
                [
                    120,
                    93,
                    0.6294534802436829
                ],
                [
                    80,
                    140,
                    0.6663774251937866
                ],
                [
                    112,
                    148,
                    0.215226411819458
                ],
                [
                    192,
                    86,
                    0.6029077768325806
                ],
                [
                    224,
                    140,
                    0.6544047594070435
                ],
                [
                    184,
                    148,
                    0.2683189809322357
                ],
                [
                    176,
                    172,
                    0.0814552754163742
                ],
                [
                    112,
                    164,
                    0.04182332381606102
                ],
                [
                    232,
                    156,
                    0.03824145346879959
                ],
                [
                    176,
                    164,
                    0.11906224489212036
                ],
                [
                    184,
                    164,
                    0.03418204188346863
                ],
                [
                    120,
                    164,
                    0.019372645765542984
                ],
                [
                    160,
                    62,
                    0.2946193516254425
                ],
                [
                    176,
                    54,
                    0.2058374434709549
                ],
                [
                    144,
                    54,
                    0.639171838760376
                ],
                [
                    176,
                    54,
                    0.4195604622364044
                ],
                [
                    304,
                    0,
                    1.021647334098816
                ]
            ]
        },
        {
            "frame_index": 2,
            "id": 2,
            "person_id": null,
            "keypoints": [
                [
                    152,
                    62,
                    0.15647085011005402
                ],
                [
                    152,
                    93,
                    0.6942591667175293
                ],
                [
                    120,
                    93,
                    0.660720705986023
                ],
                [
                    80,
                    140,
                    0.6615802645683289
                ],
                [
                    112,
                    148,
                    0.21214161813259125
                ],
                [
                    192,
                    93,
                    0.6702356338500977
                ],
                [
                    224,
                    140,
                    0.6558312773704529
                ],
                [
                    184,
                    148,
                    0.2567516565322876
                ],
                [
                    176,
                    172,
                    0.07456883788108826
                ],
                [
                    112,
                    164,
                    0.04663382098078728
                ],
                [
                    232,
                    156,
                    0.03914155438542366
                ],
                [
                    176,
                    164,
                    0.10311997681856155
                ],
                [
                    184,
                    164,
                    0.0320650115609169
                ],
                [
                    104,
                    164,
                    0.022929972037672997
                ],
                [
                    152,
                    54,
                    0.1554238647222519
                ],
                [
                    160,
                    54,
                    0.17587970197200775
                ],
                [
                    144,
                    54,
                    0.3436039388179779
                ],
                [
                    176,
                    54,
                    0.7043081521987915
                ],
                [
                    304,
                    0,
                    1.0148543119430542
                ]
            ]
        },
        {
            "frame_index": 3,
            "id": 3,
            "person_id": null,
            "keypoints": [
                [
                    136,
                    54,
                    0.21426400542259216
                ],
                [
                    152,
                    86,
                    0.6636142730712891
                ],
                [
                    120,
                    86,
                    0.6368227005004883
                ],
                [
                    80,
                    140,
                    0.6492937803268433
                ],
                [
                    112,
                    148,
                    0.2742924094200134
                ],
                [
                    192,
                    86,
                    0.5918775796890259
                ],
                [
                    224,
                    140,
                    0.6611844897270203
                ],
                [
                    184,
                    148,
                    0.2651876211166382
                ],
                [
                    128,
                    156,
                    0.10224089026451111
                ],
                [
                    112,
                    164,
                    0.03800157457590103
                ],
                [
                    232,
                    156,
                    0.03726455196738243
                ],
                [
                    176,
                    164,
                    0.11218269914388657
                ],
                [
                    184,
                    164,
                    0.03287428244948387
                ],
                [
                    104,
                    164,
                    0.023477641865611076
                ],
                [
                    136,
                    54,
                    0.019211921840906143
                ],
                [
                    136,
                    54,
                    0.24850188195705414
                ],
                [
                    128,
                    54,
                    0.1029726192355156
                ],
                [
                    136,
                    54,
                    0.5389856100082397
                ],
                [
                    304,
                    0,
                    1.0123579502105713
                ]
            ]
        }
    ],
    "category_id": 1
}