{
    "info": {
        "video_name": "1_61",
        "resolution": [
            320,
            180
        ],
        "num_frame": 3,
        "num_keypoints": 18,
        "keypoint_channels": [
            "x",
            "y",
            "score"
        ],
        "version": "1.0"
    },
    "annotations": [
        {
            "frame_index": 0,
            "id": 0,
            "person_id": null,
            "keypoints": [
                [
                    144,
                    62,
                    0.29421189427375793
                ],
                [
                    152,
                    93,
                    0.7560098171234131
                ],
                [
                    120,
                    93,
                    0.6690569519996643
                ],
                [
                    80,
                    140,
                    0.6473822593688965
                ],
                [
                    112,
                    148,
                    0.22511951625347137
                ],
                [
                    192,
                    93,
                    0.661699116230011
                ],
                [
                    224,
                    140,
                    0.6529601812362671
                ],
                [
                    184,
                    148,
                    0.24550093710422516
                ],
                [
                    176,
                    172,
                    0.08825775980949402
                ],
                [
                    112,
                    164,
                    0.04552648216485977
                ],
                [
                    232,
                    156,
                    0.040819574147462845
                ],
                [
                    176,
                    164,
                    0.12825234234333038
                ],
                [
                    176,
                    164,
                    0.039287228137254715
                ],
                [
                    120,
                    164,
                    0.027518415823578835
                ],
                [
                    144,
                    62,
                    0.23256991803646088
                ],
                [
                    152,
                    62,
                    0.28489094972610474
                ],
                [
                    136,
                    62,
                    0.22507759928703308
                ],
                [
                    176,
                    54,
                    0.643181324005127
                ],
                [
                    304,
                    0,
                    1.0319877862930298
                ]
            ]
        },
        {
            "frame_index": 1,
            "id": 1,
            "person_id": null,
            "keypoints": [
                [
                    160,
                    70,
                    0.6808156371116638
                ],
                [
                    152,
                    93,
                    0.6911597847938538
                ],
                [
                    120,
                    93,
                    0.6538054347038269
                ],
                [
                    80,
                    140,
                    0.6655477285385132
                ],
                [
                    112,
                    148,
                    0.24693863093852997
                ],
                [
                    184,
                    86,
                    0.6402254104614258
                ],
                [
                    224,
                    140,
                    0.6619850993156433
                ],
                [
                    184,
                    148,
                    0.2621708810329437
                ],
                [
                    120,
                    164,
                    0.1033732146024704
                ],
                [
                    112,
                    164,
                    0.04181938245892525
                ],
                [
                    232,
                    156,
                    0.039881810545921326
                ],
                [
                    176,
                    164,
                    0.13090258836746216
                ],
                [
                    184,
                    164,
                    0.03675892576575279
                ],
                [
                    120,
                    164,
                    0.026735376566648483
                ],
                [
                    152,
                    62,
                    0.6823875904083252
                ],
                [
                    168,
                    62,
                    0.6081631183624268
                ],
                [
                    144,
                    62,
                    0.6951181888580322
                ],
                [
                    176,
                    62,
                    0.24902686476707458
                ],
                [
                    304,
                    0,
                    1.018510103225708
                ]
            ]
        },
        {
            "frame_index": 2,
            "id": 2,
            "person_id": null,
            "keypoints": [
                [
                    152,
                    70,
                    0.5045017004013062
                ],
                [
                    152,
                    93,
                    0.7022832632064819
                ],
                [
                    120,
                    93,
                    0.6143121719360352
                ],
                [
                    80,
                    140,
                    0.6745796799659729
                ],
                [
                    112,
                    148,
                    0.2354026734828949
                ],
                [
                    192,
                    93,
                    0.5881249308586121
                ],
                [
                    224,
                    140,
                    0.6369633674621582
                ],
                [
                    184,
                    148,
                    0.2501336932182312
                ],
                [
                    176,
                    172,
                    0.08255214989185333
                ],
                [
                    120,
                    164,
                    0.04480019584298134
                ],
                [
                    232,
                    156,
                    0.03945869579911232
                ],
                [
                    176,
                    164,
                    0.11913064867258072
                ],
                [
                    184,
                    164,
                    0.03238244354724884
                ],
                [
                    104,
                    164,
                    0.023304762318730354
                ],
                [
                    152,
                    62,
                    0.5642251372337341
                ],
                [
                    160,
                    62,
                    0.4660046100616455
                ],
                [
                    136,
                    62,
                    0.4800853729248047
                ],
                [
                    176,
                    54,
                    0.3297833800315857
                ],
                [
                    304,
                    0,
                    1.0219992399215698
                ]
            ]
        }
    ],
    "category_id": 1
}