{
    "info": {
        "video_name": "1_63",
        "resolution": [
            320,
            180
        ],
        "num_frame": 2,
        "num_keypoints": 18,
        "keypoint_channels": [
            "x",
            "y",
            "score"
        ],
        "version": "1.0"
    },
    "annotations": [
        {
            "frame_index": 0,
            "id": 0,
            "person_id": null,
            "keypoints": [
                [
                    144,
                    86,
                    0.17863349616527557
                ],
                [
                    160,
                    109,
                    0.6076374650001526
                ],
                [
                    104,
                    117,
                    0.6026042699813843
                ],
                [
                    88,
                    148,
                    0.05057450011372566
                ],
                [
                    296,
                    0,
                    0.016718991100788116
                ],
                [
                    208,
                    109,
                    0.5470956563949585
                ],
                [
                    232,
                    148,
                    0.04472985118627548
                ],
                [
                    296,
                    7,
                    0.02554181031882763
                ],
                [
                    48,
                    7,
                    0.024541905149817467
                ],
                [
                    304,
                    164,
                    0.024151016026735306
                ],
                [
                    8,
                    7,
                    0.012492917478084564
                ],
                [
                    312,
                    172,
                    0.02488228678703308
                ],
                [
                    312,
                    109,
                    0.0105814877897501
                ],
                [
                    304,
                    172,
                    0.016113009303808212
                ],
                [
                    136,
                    78,
                    0.1492215394973755
                ],
                [
                    144,
                    70,
                    0.18916359543800354
                ],
                [
                    128,
                    78,
                    0.18526262044906616
                ],
                [
                    176,
                    62,
                    0.8142460584640503
                ],
                [
                    304,
                    86,
                    0.996729850769043
                ]
            ]
        },
        {
            "frame_index": 1,
            "id": 1,
            "person_id": null,
            "keypoints": [
                [
                    144,
                    78,
                    0.1760360449552536
                ],
                [
                    160,
                    109,
                    0.6233426332473755
                ],
                [
                    104,
                    117,
                    0.6465053558349609
                ],
                [
                    88,
                    148,
                    0.050459351390600204
                ],
                [
                    296,
                    0,
                    0.01605255715548992
                ],
                [
                    208,
                    117,
                    0.5249417424201965
                ],
                [
                    232,
                    148,
                    0.04310589283704758
                ],
                [
                    296,
                    7,
                    0.021751457825303078
                ],
                [
                    48,
                    7,
                    0.024317357689142227
                ],
                [
                    304,
                    164,
                    0.025256942957639694
                ],
                [
                    8,
                    7,
                    0.014893526211380959
                ],
                [
                    72,
                    7,
                    0.024502292275428772
                ],
                [
                    304,
                    172,
                    0.010615024715662003
                ],
                [
                    304,
                    172,
                    0.019001556560397148
                ],
                [
                    136,
                    70,
                    0.17089776694774628
                ],
                [
                    152,
                    62,
                    0.2242603302001953
                ],
                [
                    128,
                    70,
                    0.20073848962783813
                ],
                [
                    176,
                    62,
                    0.8119460344314575
                ],
                [
                    304,
                    0,
                    0.9997307658195496
                ]
            ]
        }
    ],
    "category_id": 1
}