{
    "info": {
        "video_name": "1_66",
        "resolution": [
            320,
            180
        ],
        "num_frame": 4,
        "num_keypoints": 18,
        "keypoint_channels": [
            "x",
            "y",
            "score"
        ],
        "version": "1.0"
    },
    "annotations": [
        {
            "frame_index": 0,
            "id": 0,
            "person_id": null,
            "keypoints": [
                [
                    168,
                    70,
                    0.7067947387695312
                ],
                [
                    160,
                    117,
                    0.5979044437408447
                ],
                [
                    112,
                    117,
                    0.6125576496124268
                ],
                [
                    80,
                    148,
                    0.04045267403125763
                ],
                [
                    296,
                    0,
                    0.021182071417570114
                ],
                [
                    208,
                    117,
                    0.6295161843299866
                ],
                [
                    224,
                    148,
                    0.031708478927612305
                ],
                [
                    296,
                    7,
                    0.027240296825766563
                ],
                [
                    72,
                    172,
                    0.01896229200065136
                ],
                [
                    312,
                    172,
                    0.01914062723517418
                ],
                [
                    0,
                    15,
                    0.020268242806196213
                ],
                [
                    16,
                    7,
                    0.025837916880846024
                ],
                [
                    152,
                    109,
                    0.011006562039256096
                ],
                [
                    304,
                    172,
                    0.015244273468852043
                ],
                [
                    160,
                    62,
                    0.6023205518722534
                ],
                [
                    176,
                    62,
                    0.7022584080696106
                ],
                [
                    136,
                    70,
                    0.653538167476654
                ],
                [
                    192,
                    70,
                    0.5484265685081482
                ],
                [
                    304,
                    86,
                    1.0033996105194092
                ]
            ]
        },
        {
            "frame_index": 1,
            "id": 1,
            "person_id": null,
            "keypoints": [
                [
                    160,
                    70,
                    0.6859537959098816
                ],
                [
                    144,
                    117,
                    0.5889095067977905
                ],
                [
                    96,
                    117,
                    0.6154656410217285
                ],
                [
                    80,
                    148,
                    0.030635850504040718
                ],
                [
                    296,
                    0,
                    0.014864090830087662
                ],
                [
                    200,
                    117,
                    0.6194915771484375
                ],
                [
                    216,
                    148,
                    0.04136865586042404
                ],
                [
                    296,
                    7,
                    0.03066776506602764
                ],
                [
                    64,
                    172,
                    0.01964646950364113
                ],
                [
                    240,
                    172,
                    0.017115363851189613
                ],
                [
                    0,
                    15,
                    0.021216608583927155
                ],
                [
                    16,
                    7,
                    0.0269695445895195
                ],
                [
                    192,
                    70,
                    0.009709509089589119
                ],
                [
                    304,
                    172,
                    0.01446976326406002
                ],
                [
                    152,
                    62,
                    0.6416114568710327
                ],
                [
                    168,
                    62,
                    0.6791277527809143
                ],
                [
                    128,
                    70,
                    0.7100077271461487
                ],
                [
                    184,
                    70,
                    0.5609409213066101
                ],
                [
                    296,
                    164,
                    1.0013724565505981
                ]
            ]
        },
        {
            "frame_index": 2,
            "id": 2,
            "person_id": null,
            "keypoints": [
                [
                    160,
                    78,
                    0.6248992085456848
                ],
                [
                    144,
                    117,
                    0.6522961258888245
                ],
                [
                    96,
                    117,
                    0.6331997513771057
                ],
                [
                    72,
                    148,
                    0.02681795135140419
                ],
                [
                    296,
                    0,
                    0.014334723353385925
                ],
                [
                    192,
                    117,
                    0.6500585079193115
                ],
                [
                    216,
                    148,
                    0.04297652840614319
                ],
                [
                    296,
                    7,
                    0.028867511078715324
                ],
                [
                    152,
                    172,
                    0.01981114037334919
                ],
                [
                    240,
                    172,
                    0.017738880589604378
                ],
                [
                    0,
                    15,
                    0.020864233374595642
                ],
                [
                    16,
                    7,
                    0.026773959398269653
                ],
                [
                    136,
                    109,
                    0.011075634509325027
                ],
                [
                    304,
                    172,
                    0.014663010835647583
                ],
                [
                    152,
                    70,
                    0.6060748100280762
                ],
                [
                    160,
                    70,
                    0.5878568887710571
                ],
                [
                    120,
                    70,
                    0.765491783618927
                ],
                [
                    176,
                    78,
                    0.4423767626285553
                ],
                [
                    304,
                    86,
                    1.0022518634796143
                ]
            ]
        },
        {
            "frame_index": 3,
            "id": 3,
            "person_id": null,
            "keypoints": [
                [
                    160,
                    101,
                    0.4002706706523895
                ],
                [
                    160,
                    117,
                    0.6063745021820068
                ],
                [
                    112,
                    117,
                    0.599119246006012
                ],
                [
                    88,
                    148,
                    0.04070422798395157
                ],
                [
                    296,
                    0,
                    0.02026747167110443
                ],
                [
                    208,
                    117,
                    0.6374294757843018
                ],
                [
                    224,
                    148,
                    0.028519151732325554
                ],
                [
                    296,
                    7,
                    0.027938643470406532
                ],
                [
                    72,
                    172,
                    0.02303619123995304
                ],
                [
                    248,
                    172,
                    0.019562451168894768
                ],
                [
                    0,
                    15,
                    0.02028164081275463
                ],
                [
                    16,
                    7,
                    0.025926396250724792
                ],
                [
                    176,
                    117,
                    0.01055219117552042
                ],
                [
                    304,
                    172,
                    0.015406189486384392
                ],
                [
                    152,
                    93,
                    0.39738649129867554
                ],
                [
                    168,
                    93,
                    0.4530995190143585
                ],
                [
                    136,
                    70,
                    0.713028073310852
                ],
                [
                    184,
                    86,
                    0.22298426926136017
                ],
                [
                    304,
                    0,
                    1.0028339624404907
                ]
            ]
        }
    ],
    "category_id": 1
}