{
    "info": {
        "video_name": "1_68",
        "resolution": [
            320,
            180
        ],
        "num_frame": 3,
        "num_keypoints": 18,
        "keypoint_channels": [
            "x",
            "y",
            "score"
        ],
        "version": "1.0"
    },
    "annotations": [
        {
            "frame_index": 0,
            "id": 0,
            "person_id": null,
            "keypoints": [
                [
                    176,
                    70,
                    0.4998861253261566
                ],
                [
                    160,
                    109,
                    0.5929323434829712
                ],
                [
                    120,
                    101,
                    0.6158273220062256
                ],
                [
                    96,
                    156,
                    0.10941959917545319
                ],
                [
                    256,
                    172,
                    0.0353645384311676
                ],
                [
                    208,
                    117,
                    0.5975242257118225
                ],
                [
                    248,
                    156,
                    0.11780710518360138
                ],
                [
                    248,
                    156,
                    0.040882475674152374
                ],
                [
                    256,
                    172,
                    0.05690370872616768
                ],
                [
                    264,
                    164,
                    0.04020727053284645
                ],
                [
                    264,
                    164,
                    0.02960818074643612
                ],
                [
                    256,
                    172,
                    0.0736105665564537
                ],
                [
                    256,
                    172,
                    0.05997805669903755
                ],
                [
                    264,
                    172,
                    0.01936928741633892
                ],
                [
                    160,
                    62,
                    0.4901040494441986
                ],
                [
                    184,
                    62,
                    0.4022044837474823
                ],
                [
                    144,
                    70,
                    0.481048583984375
                ],
                [
                    192,
                    70,
                    0.40040621161460876
                ],
                [
                    304,
                    101,
                    1.0006589889526367
                ]
            ]
        },
        {
            "frame_index": 1,
            "id": 1,
            "person_id": null,
            "keypoints": [
                [
                    144,
                    70,
                    0.46210649609565735
                ],
                [
                    160,
                    109,
                    0.5990872383117676
                ],
                [
                    120,
                    101,
                    0.5982508659362793
                ],
                [
                    88,
                    156,
                    0.07724849879741669
                ],
                [
                    296,
                    0,
                    0.01826872117817402
                ],
                [
                    208,
                    117,
                    0.5862298607826233
                ],
                [
                    240,
                    148,
                    0.04966118186712265
                ],
                [
                    296,
                    7,
                    0.020443087443709373
                ],
                [
                    88,
                    172,
                    0.03878506273031235
                ],
                [
                    264,
                    172,
                    0.03232261911034584
                ],
                [
                    256,
                    172,
                    0.01879018358886242
                ],
                [
                    80,
                    172,
                    0.024896256625652313
                ],
                [
                    88,
                    172,
                    0.014342263340950012
                ],
                [
                    312,
                    172,
                    0.016281384974718094
                ],
                [
                    136,
                    70,
                    0.3998500406742096
                ],
                [
                    152,
                    62,
                    0.5065778493881226
                ],
                [
                    128,
                    70,
                    0.2360929548740387
                ],
                [
                    176,
                    62,
                    0.7413278222084045
                ],
                [
                    304,
                    101,
                    0.9999078512191772
                ]
            ]
        },
        {
            "frame_index": 2,
            "id": 2,
            "person_id": null,
            "keypoints": [
                [
                    152,
                    70,
                    0.7948316931724548
                ],
                [
                    160,
                    109,
                    0.5977640151977539
                ],
                [
                    112,
                    101,
                    0.649152398109436
                ],
                [
                    88,
                    156,
                    0.047476306557655334
                ],
                [
                    296,
                    0,
                    0.01753079518675804
                ],
                [
                    208,
                    117,
                    0.6319909691810608
                ],
                [
                    232,
                    148,
                    0.05207084119319916
                ],
                [
                    296,
                    7,
                    0.02069677598774433
                ],
                [
                    88,
                    172,
                    0.02929549664258957
                ],
                [
                    304,
                    164,
                    0.027748484164476395
                ],
                [
                    256,
                    172,
                    0.012156130746006966
                ],
                [
                    40,
                    7,
                    0.024026483297348022
                ],
                [
                    144,
                    54,
                    0.012632499448955059
                ],
                [
                    312,
                    172,
                    0.016332047060132027
                ],
                [
                    144,
                    62,
                    0.8005527257919312
                ],
                [
                    160,
                    62,
                    0.7846602201461792
                ],
                [
                    136,
                    62,
                    0.5115525722503662
                ],
                [
                    192,
                    70,
                    0.8441930413246155
                ],
                [
                    304,
                    101,
                    1.0001624822616577
                ]
            ]
        }
    ],
    "category_id": 1
}