{
    "info": {
        "video_name": "1_70",
        "resolution": [
            320,
            180
        ],
        "num_frame": 2,
        "num_keypoints": 18,
        "keypoint_channels": [
            "x",
            "y",
            "score"
        ],
        "version": "1.0"
    },
    "annotations": [
        {
            "frame_index": 0,
            "id": 0,
            "person_id": null,
            "keypoints": [
                [
                    136,
                    46,
                    0.054246243089437485
                ],
                [
                    152,
                    109,
                    0.7071495056152344
                ],
                [
                    112,
                    109,
                    0.646154522895813
                ],
                [
                    96,
                    148,
                    0.06921488791704178
                ],
                [
                    8,
                    0,
                    0.017354842275381088
                ],
                [
                    200,
                    109,
                    0.6750198006629944
                ],
                [
                    208,
                    148,
                    0.03330685943365097
                ],
                [
                    296,
                    164,
                    0.034270480275154114
                ],
                [
                    88,
                    172,
                    0.026082979515194893
                ],
                [
                    304,
                    164,
                    0.01820031926035881
                ],
                [
                    8,
                    15,
                    0.025613605976104736
                ],
                [
                    16,
                    7,
                    0.020998630672693253
                ],
                [
                    296,
                    172,
                    0.01257566548883915
                ],
                [
                    8,
                    7,
                    0.021020105108618736
                ],
                [
                    128,
                    46,
                    0.01900327578186989
                ],
                [
                    144,
                    46,
                    0.07592462003231049
                ],
                [
                    128,
                    62,
                    0.01663486286997795
                ],
                [
                    168,
                    54,
                    0.7780645489692688
                ],
                [
                    304,
                    109,
                    1.0073411464691162
                ]
            ]
        },
        {
            "frame_index": 1,
            "id": 1,
            "person_id": null,
            "keypoints": [
                [
                    120,
                    54,
                    0.143887460231781
                ],
                [
                    152,
                    109,
                    0.7229275107383728
                ],
                [
                    104,
                    109,
                    0.6443798542022705
                ],
                [
                    96,
                    148,
                    0.06354492902755737
                ],
                [
                    8,
                    0,
                    0.017153864726424217
                ],
                [
                    192,
                    109,
                    0.6204943656921387
                ],
                [
                    208,
                    148,
                    0.024914229288697243
                ],
                [
                    296,
                    164,
                    0.0331464484333992
                ],
                [
                    160,
                    172,
                    0.027983684092760086
                ],
                [
                    304,
                    164,
                    0.01851646602153778
                ],
                [
                    8,
                    15,
                    0.025874607264995575
                ],
                [
                    16,
                    7,
                    0.021185873076319695
                ],
                [
                    296,
                    172,
                    0.012153717689216137
                ],
                [
                    8,
                    7,
                    0.020952381193637848
                ],
                [
                    120,
                    54,
                    0.022646229714155197
                ],
                [
                    128,
                    46,
                    0.08697422593832016
                ],
                [
                    8,
                    15,
                    0.01510024257004261
                ],
                [
                    160,
                    54,
                    0.7156081199645996
                ],
                [
                    304,
                    109,
                    1.0071992874145508
                ]
            ]
        }
    ],
    "category_id": 1
}