{
    "info": {
        "video_name": "1_72",
        "resolution": [
            320,
            180
        ],
        "num_frame": 2,
        "num_keypoints": 18,
        "keypoint_channels": [
            "x",
            "y",
            "score"
        ],
        "version": "1.0"
    },
    "annotations": [
        {
            "frame_index": 0,
            "id": 0,
            "person_id": null,
            "keypoints": [
                [
                    128,
                    54,
                    0.20148348808288574
                ],
                [
                    152,
                    117,
                    0.6762373447418213
                ],
                [
                    104,
                    117,
                    0.6380512118339539
                ],
                [
                    96,
                    148,
                    0.03939930349588394
                ],
                [
                    8,
                    0,
                    0.020687565207481384
                ],
                [
                    200,
                    117,
                    0.6501752138137817
                ],
                [
                    312,
                    172,
                    0.025767000392079353
                ],
                [
                    296,
                    164,
                    0.03299904614686966
                ],
                [
                    24,
                    7,
                    0.02148319222033024
                ],
                [
                    312,
                    172,
                    0.015032583847641945
                ],
                [
                    8,
                    15,
                    0.026152528822422028
                ],
                [
                    16,
                    7,
                    0.021551910787820816
                ],
                [
                    312,
                    15,
                    0.010437705554068089
                ],
                [
                    8,
                    7,
                    0.019020941108465195
                ],
                [
                    120,
                    46,
                    0.05896424502134323
                ],
                [
                    144,
                    46,
                    0.07259872555732727
                ],
                [
                    112,
                    62,
                    0.04323393851518631
                ],
                [
                    160,
                    54,
                    0.7121770977973938
                ],
                [
                    304,
                    109,
                    1.0031564235687256
                ]
            ]
        },
        {
            "frame_index": 1,
            "id": 1,
            "person_id": null,
            "keypoints": [
                [
                    0,
                    0,
                    0.026504293084144592
                ],
                [
                    152,
                    117,
                    0.68330317735672
                ],
                [
                    104,
                    117,
                    0.6847886443138123
                ],
                [
                    96,
                    148,
                    0.039021044969558716
                ],
                [
                    8,
                    0,
                    0.02042616717517376
                ],
                [
                    200,
                    117,
                    0.6467218995094299
                ],
                [
                    312,
                    172,
                    0.023311352357268333
                ],
                [
                    296,
                    164,
                    0.03239314258098602
                ],
                [
                    24,
                    7,
                    0.020965246483683586
                ],
                [
                    128,
                    164,
                    0.015081813558936119
                ],
                [
                    8,
                    15,
                    0.02598080411553383
                ],
                [
                    16,
                    7,
                    0.022223638370633125
                ],
                [
                    312,
                    15,
                    0.010517638176679611
                ],
                [
                    8,
                    7,
                    0.01952652633190155
                ],
                [
                    8,
                    7,
                    0.014778561890125275
                ],
                [
                    152,
                    46,
                    0.0516979843378067
                ],
                [
                    104,
                    62,
                    0.05358452349901199
                ],
                [
                    160,
                    46,
                    0.7262324690818787
                ],
                [
                    304,
                    109,
                    1.0032998323440552
                ]
            ]
        }
    ],
    "category_id": 1
}