{
    "info": {
        "video_name": "1_73",
        "resolution": [
            320,
            180
        ],
        "num_frame": 2,
        "num_keypoints": 18,
        "keypoint_channels": [
            "x",
            "y",
            "score"
        ],
        "version": "1.0"
    },
    "annotations": [
        {
            "frame_index": 0,
            "id": 0,
            "person_id": null,
            "keypoints": [
                [
                    168,
                    62,
                    0.9342243671417236
                ],
                [
                    152,
                    109,
                    0.6840810775756836
                ],
                [
                    104,
                    117,
                    0.7300788760185242
                ],
                [
                    96,
                    148,
                    0.051899950951337814
                ],
                [
                    128,
                    62,
                    0.018388904631137848
                ],
                [
                    208,
                    109,
                    0.6167172789573669
                ],
                [
                    240,
                    156,
                    0.04451068490743637
                ],
                [
                    8,
                    7,
                    0.03770611435174942
                ],
                [
                    248,
                    172,
                    0.028095774352550507
                ],
                [
                    8,
                    7,
                    0.02115095779299736
                ],
                [
                    8,
                    15,
                    0.021215049549937248
                ],
                [
                    16,
                    7,
                    0.02371567115187645
                ],
                [
                    8,
                    7,
                    0.020804308354854584
                ],
                [
                    8,
                    7,
                    0.020775560289621353
                ],
                [
                    152,
                    54,
                    0.7803143262863159
                ],
                [
                    168,
                    54,
                    0.7568219304084778
                ],
                [
                    128,
                    62,
                    0.8665915131568909
                ],
                [
                    168,
                    62,
                    0.01990245096385479
                ],
                [
                    312,
                    62,
                    1.0033199787139893
                ]
            ]
        },
        {
            "frame_index": 1,
            "id": 1,
            "person_id": null,
            "keypoints": [
                [
                    136,
                    62,
                    0.2895737886428833
                ],
                [
                    152,
                    109,
                    0.6495034694671631
                ],
                [
                    104,
                    117,
                    0.7038975954055786
                ],
                [
                    96,
                    148,
                    0.051410432904958725
                ],
                [
                    128,
                    62,
                    0.019647473469376564
                ],
                [
                    208,
                    109,
                    0.6159190535545349
                ],
                [
                    240,
                    148,
                    0.04175439476966858
                ],
                [
                    8,
                    7,
                    0.03736954182386398
                ],
                [
                    248,
                    172,
                    0.02938820794224739
                ],
                [
                    304,
                    164,
                    0.02114289253950119
                ],
                [
                    0,
                    15,
                    0.02140697091817856
                ],
                [
                    16,
                    7,
                    0.023641139268875122
                ],
                [
                    8,
                    7,
                    0.020645972341299057
                ],
                [
                    8,
                    7,
                    0.0206002164632082
                ],
                [
                    128,
                    54,
                    0.2889651954174042
                ],
                [
                    136,
                    54,
                    0.27137020230293274
                ],
                [
                    128,
                    62,
                    0.5529842376708984
                ],
                [
                    176,
                    78,
                    0.11235398054122925
                ],
                [
                    312,
                    62,
                    1.0040395259857178
                ]
            ]
        }
    ],
    "category_id": 1
}