{
    "info": {
        "video_name": "1_81",
        "resolution": [
            320,
            180
        ],
        "num_frame": 4,
        "num_keypoints": 18,
        "keypoint_channels": [
            "x",
            "y",
            "score"
        ],
        "version": "1.0"
    },
    "annotations": [
        {
            "frame_index": 0,
            "id": 0,
            "person_id": null,
            "keypoints": [
                [
                    312,
                    133,
                    0.37473148107528687
                ],
                [
                    152,
                    93,
                    0.6927632689476013
                ],
                [
                    112,
                    93,
                    0.6658003330230713
                ],
                [
                    104,
                    148,
                    0.4271946847438812
                ],
                [
                    304,
                    125,
                    0.03171120584011078
                ],
                [
                    192,
                    93,
                    0.659856915473938
                ],
                [
                    216,
                    148,
                    0.36284083127975464
                ],
                [
                    216,
                    164,
                    0.047153227031230927
                ],
                [
                    216,
                    172,
                    0.0710734948515892
                ],
                [
                    312,
                    156,
                    0.040166258811950684
                ],
                [
                    104,
                    164,
                    0.04003753140568733
                ],
                [
                    216,
                    172,
                    0.11061302572488785
                ],
                [
                    312,
                    117,
                    0.027155239135026932
                ],
                [
                    312,
                    172,
                    0.03554850071668625
                ],
                [
                    304,
                    133,
                    0.35309305787086487
                ],
                [
                    312,
                    133,
                    0.4534507095813751
                ],
                [
                    136,
                    54,
                    0.4316585659980774
                ],
                [
                    176,
                    46,
                    0.2567289471626282
                ],
                [
                    0,
                    156,
                    1.004863977432251
                ]
            ]
        },
        {
            "frame_index": 1,
            "id": 1,
            "person_id": null,
            "keypoints": [
                [
                    160,
                    46,
                    0.35792574286460876
                ],
                [
                    152,
                    93,
                    0.7196707725524902
                ],
                [
                    112,
                    93,
                    0.6742666959762573
                ],
                [
                    104,
                    148,
                    0.47831445932388306
                ],
                [
                    160,
                    148,
                    0.04663533717393875
                ],
                [
                    192,
                    93,
                    0.6487724184989929
                ],
                [
                    216,
                    148,
                    0.3841489851474762
                ],
                [
                    216,
                    164,
                    0.054033130407333374
                ],
                [
                    216,
                    172,
                    0.07309531420469284
                ],
                [
                    312,
                    156,
                    0.039868246763944626
                ],
                [
                    104,
                    164,
                    0.040209852159023285
                ],
                [
                    216,
                    172,
                    0.11851338297128677
                ],
                [
                    216,
                    164,
                    0.028762560337781906
                ],
                [
                    312,
                    172,
                    0.034600451588630676
                ],
                [
                    304,
                    133,
                    0.32066670060157776
                ],
                [
                    312,
                    133,
                    0.4121157228946686
                ],
                [
                    136,
                    46,
                    0.6549385786056519
                ],
                [
                    176,
                    54,
                    0.21788276731967926
                ],
                [
                    0,
                    156,
                    1.0045292377471924
                ]
            ]
        },
        {
            "frame_index": 2,
            "id": 2,
            "person_id": null,
            "keypoints": [
                [
                    168,
                    46,
                    0.4117216467857361
                ],
                [
                    160,
                    93,
                    0.7476913332939148
                ],
                [
                    120,
                    93,
                    0.7082862257957458
                ],
                [
                    104,
                    148,
                    0.4174952805042267
                ],
                [
                    304,
                    125,
                    0.027657536789774895
                ],
                [
                    200,
                    93,
                    0.6889259815216064
                ],
                [
                    216,
                    148,
                    0.3826262056827545
                ],
                [
                    216,
                    164,
                    0.044305577874183655
                ],
                [
                    104,
                    172,
                    0.06719478964805603
                ],
                [
                    312,
                    156,
                    0.04009031504392624
                ],
                [
                    104,
                    164,
                    0.0395004078745842
                ],
                [
                    216,
                    172,
                    0.1021166518330574
                ],
                [
                    216,
                    164,
                    0.02564956247806549
                ],
                [
                    312,
                    172,
                    0.03358008712530136
                ],
                [
                    304,
                    133,
                    0.2984183430671692
                ],
                [
                    312,
                    133,
                    0.38303861021995544
                ],
                [
                    144,
                    54,
                    0.5639318823814392
                ],
                [
                    184,
                    46,
                    0.3240736424922943
                ],
                [
                    0,
                    156,
                    1.0048277378082275
                ]
            ]
        },
        {
            "frame_index": 3,
            "id": 3,
            "person_id": null,
            "keypoints": [
                [
                    304,
                    133,
                    0.39988285303115845
                ],
                [
                    160,
                    93,
                    0.6730043292045593
                ],
                [
                    120,
                    93,
                    0.6891006827354431
                ],
                [
                    104,
                    148,
                    0.40550047159194946
                ],
                [
                    160,
                    148,
                    0.02997635491192341
                ],
                [
                    200,
                    93,
                    0.6722446084022522
                ],
                [
                    216,
                    148,
                    0.43089646100997925
                ],
                [
                    216,
                    164,
                    0.04660516232252121
                ],
                [
                    104,
                    172,
                    0.06554686278104782
                ],
                [
                    312,
                    156,
                    0.040894243866205215
                ],
                [
                    104,
                    164,
                    0.03669147565960884
                ],
                [
                    216,
                    172,
                    0.0967043861746788
                ],
                [
                    312,
                    117,
                    0.02785613015294075
                ],
                [
                    312,
                    172,
                    0.036435406655073166
                ],
                [
                    304,
                    133,
                    0.37946972250938416
                ],
                [
                    312,
                    133,
                    0.4809979498386383
                ],
                [
                    128,
                    54,
                    0.25316858291625977
                ],
                [
                    176,
                    46,
                    0.45375996828079224
                ],
                [
                    0,
                    156,
                    1.0053105354309082
                ]
            ]
        }
    ],
    "category_id": 1
}