{
    "info": {
        "video_name": "1_83",
        "resolution": [
            320,
            180
        ],
        "num_frame": 3,
        "num_keypoints": 18,
        "keypoint_channels": [
            "x",
            "y",
            "score"
        ],
        "version": "1.0"
    },
    "annotations": [
        {
            "frame_index": 0,
            "id": 0,
            "person_id": null,
            "keypoints": [
                [
                    152,
                    15,
                    0.2725794315338135
                ],
                [
                    160,
                    93,
                    0.668779194355011
                ],
                [
                    120,
                    86,
                    0.619662344455719
                ],
                [
                    80,
                    148,
                    0.5765444040298462
                ],
                [
                    160,
                    15,
                    0.04114259034395218
                ],
                [
                    200,
                    93,
                    0.6880572438240051
                ],
                [
                    232,
                    148,
                    0.4471193253993988
                ],
                [
                    240,
                    164,
                    0.024284979328513145
                ],
                [
                    72,
                    172,
                    0.06263598054647446
                ],
                [
                    304,
                    164,
                    0.022848419845104218
                ],
                [
                    72,
                    164,
                    0.025556091219186783
                ],
                [
                    232,
                    172,
                    0.07213965803384781
                ],
                [
                    232,
                    172,
                    0.019804291427135468
                ],
                [
                    304,
                    172,
                    0.013300249353051186
                ],
                [
                    152,
                    15,
                    0.1422349214553833
                ],
                [
                    152,
                    15,
                    0.11072796583175659
                ],
                [
                    0,
                    125,
                    0.03716782480478287
                ],
                [
                    176,
                    39,
                    0.6519471406936646
                ],
                [
                    304,
                    0,
                    1.0188319683074951
                ]
            ]
        },
        {
            "frame_index": 1,
            "id": 1,
            "person_id": null,
            "keypoints": [
                [
                    152,
                    39,
                    0.3865644633769989
                ],
                [
                    160,
                    86,
                    0.6693670749664307
                ],
                [
                    120,
                    86,
                    0.6221203207969666
                ],
                [
                    88,
                    148,
                    0.5615500211715698
                ],
                [
                    88,
                    156,
                    0.03887757658958435
                ],
                [
                    200,
                    93,
                    0.7024122476577759
                ],
                [
                    232,
                    148,
                    0.46988898515701294
                ],
                [
                    304,
                    7,
                    0.022687459364533424
                ],
                [
                    136,
                    156,
                    0.05966673791408539
                ],
                [
                    80,
                    164,
                    0.028700057417154312
                ],
                [
                    80,
                    164,
                    0.030215196311473846
                ],
                [
                    232,
                    172,
                    0.0698535293340683
                ],
                [
                    232,
                    172,
                    0.019062526524066925
                ],
                [
                    304,
                    172,
                    0.013447916135191917
                ],
                [
                    144,
                    31,
                    0.3819778859615326
                ],
                [
                    152,
                    39,
                    0.17135962843894958
                ],
                [
                    144,
                    39,
                    0.4148314297199249
                ],
                [
                    184,
                    46,
                    0.10258638858795166
                ],
                [
                    304,
                    0,
                    1.0196733474731445
                ]
            ]
        },
        {
            "frame_index": 2,
            "id": 2,
            "person_id": null,
            "keypoints": [
                [
                    128,
                    23,
                    0.17216964066028595
                ],
                [
                    160,
                    93,
                    0.6807816624641418
                ],
                [
                    112,
                    86,
                    0.6624371409416199
                ],
                [
                    80,
                    148,
                    0.586346447467804
                ],
                [
                    80,
                    156,
                    0.03370415419340134
                ],
                [
                    200,
                    93,
                    0.6424190998077393
                ],
                [
                    232,
                    148,
                    0.44415682554244995
                ],
                [
                    240,
                    164,
                    0.026769066229462624
                ],
                [
                    72,
                    172,
                    0.0655226856470108
                ],
                [
                    304,
                    164,
                    0.022938545793294907
                ],
                [
                    72,
                    164,
                    0.025463150814175606
                ],
                [
                    232,
                    172,
                    0.07521870732307434
                ],
                [
                    232,
                    172,
                    0.019592124968767166
                ],
                [
                    136,
                    7,
                    0.013606749475002289
                ],
                [
                    128,
                    15,
                    0.14940965175628662
                ],
                [
                    160,
                    39,
                    0.17241109907627106
                ],
                [
                    0,
                    125,
                    0.0366595983505249
                ],
                [
                    160,
                    39,
                    0.6798768043518066
                ],
                [
                    304,
                    0,
                    1.0214354991912842
                ]
            ]
        }
    ],
    "category_id": 1
}