{
    "info": {
        "video_name": "1_85",
        "resolution": [
            320,
            180
        ],
        "num_frame": 4,
        "num_keypoints": 18,
        "keypoint_channels": [
            "x",
            "y",
            "score"
        ],
        "version": "1.0"
    },
    "annotations": [
        {
            "frame_index": 0,
            "id": 0,
            "person_id": null,
            "keypoints": [
                [
                    176,
                    54,
                    0.5562075972557068
                ],
                [
                    168,
                    101,
                    0.7369873523712158
                ],
                [
                    128,
                    101,
                    0.6797555088996887
                ],
                [
                    88,
                    148,
                    0.41867899894714355
                ],
                [
                    88,
                    156,
                    0.03963372856378555
                ],
                [
                    208,
                    101,
                    0.6479951739311218
                ],
                [
                    248,
                    156,
                    0.2816380262374878
                ],
                [
                    248,
                    164,
                    0.029062381014227867
                ],
                [
                    88,
                    164,
                    0.06283822655677795
                ],
                [
                    256,
                    164,
                    0.024394579231739044
                ],
                [
                    88,
                    164,
                    0.025667233392596245
                ],
                [
                    248,
                    172,
                    0.07034222781658173
                ],
                [
                    80,
                    164,
                    0.031404249370098114
                ],
                [
                    304,
                    172,
                    0.015012353658676147
                ],
                [
                    168,
                    46,
                    0.394814670085907
                ],
                [
                    184,
                    46,
                    0.46350130438804626
                ],
                [
                    152,
                    54,
                    0.6446106433868408
                ],
                [
                    200,
                    54,
                    0.29896441102027893
                ],
                [
                    304,
                    0,
                    1.019493579864502
                ]
            ]
        },
        {
            "frame_index": 1,
            "id": 1,
            "person_id": null,
            "keypoints": [
                [
                    176,
                    54,
                    0.3437231481075287
                ],
                [
                    168,
                    101,
                    0.7257779240608215
                ],
                [
                    128,
                    101,
                    0.6888536810874939
                ],
                [
                    88,
                    148,
                    0.4590277373790741
                ],
                [
                    88,
                    156,
                    0.03703886270523071
                ],
                [
                    216,
                    101,
                    0.6494855880737305
                ],
                [
                    248,
                    156,
                    0.27376827597618103
                ],
                [
                    248,
                    164,
                    0.02601545862853527
                ],
                [
                    88,
                    164,
                    0.06503818929195404
                ],
                [
                    88,
                    164,
                    0.025391418486833572
                ],
                [
                    88,
                    164,
                    0.03190857172012329
                ],
                [
                    248,
                    172,
                    0.06435912102460861
                ],
                [
                    80,
                    164,
                    0.02101484313607216
                ],
                [
                    304,
                    172,
                    0.014598730020225048
                ],
                [
                    176,
                    46,
                    0.21674677729606628
                ],
                [
                    184,
                    46,
                    0.33845657110214233
                ],
                [
                    152,
                    54,
                    0.4321010410785675
                ],
                [
                    200,
                    54,
                    0.3771835267543793
                ],
                [
                    304,
                    0,
                    1.0171222686767578
                ]
            ]
        },
        {
            "frame_index": 2,
            "id": 2,
            "person_id": null,
            "keypoints": [
                [
                    168,
                    39,
                    0.22897501289844513
                ],
                [
                    168,
                    101,
                    0.6997063755989075
                ],
                [
                    128,
                    101,
                    0.6439615488052368
                ],
                [
                    88,
                    156,
                    0.3478754460811615
                ],
                [
                    296,
                    0,
                    0.026187067851424217
                ],
                [
                    208,
                    101,
                    0.6476784944534302
                ],
                [
                    248,
                    156,
                    0.22076548635959625
                ],
                [
                    248,
                    164,
                    0.024969900026917458
                ],
                [
                    80,
                    172,
                    0.0652264729142189
                ],
                [
                    304,
                    164,
                    0.02380989119410515
                ],
                [
                    88,
                    164,
                    0.027761446312069893
                ],
                [
                    248,
                    172,
                    0.06564463675022125
                ],
                [
                    80,
                    164,
                    0.03888710215687752
                ],
                [
                    304,
                    172,
                    0.014880911447107792
                ],
                [
                    160,
                    31,
                    0.14150786399841309
                ],
                [
                    168,
                    39,
                    0.18547633290290833
                ],
                [
                    152,
                    39,
                    0.04606475681066513
                ],
                [
                    184,
                    39,
                    0.1226925402879715
                ],
                [
                    304,
                    0,
                    1.0127443075180054
                ]
            ]
        },
        {
            "frame_index": 3,
            "id": 3,
            "person_id": null,
            "keypoints": [
                [
                    160,
                    101,
                    0.3931269645690918
                ],
                [
                    168,
                    101,
                    0.6869766116142273
                ],
                [
                    128,
                    101,
                    0.6618484258651733
                ],
                [
                    88,
                    156,
                    0.3420487344264984
                ],
                [
                    296,
                    0,
                    0.02635166049003601
                ],
                [
                    208,
                    101,
                    0.6904056668281555
                ],
                [
                    248,
                    156,
                    0.23431111872196198
                ],
                [
                    248,
                    164,
                    0.027603549882769585
                ],
                [
                    80,
                    172,
                    0.06880002468824387
                ],
                [
                    304,
                    164,
                    0.02437688782811165
                ],
                [
                    88,
                    164,
                    0.0278112031519413
                ],
                [
                    248,
                    172,
                    0.07542327046394348
                ],
                [
                    80,
                    164,
                    0.04651610925793648
                ],
                [
                    304,
                    172,
                    0.014744230546057224
                ],
                [
                    160,
                    93,
                    0.34529179334640503
                ],
                [
                    168,
                    93,
                    0.35121190547943115
                ],
                [
                    312,
                    172,
                    0.017894461750984192
                ],
                [
                    184,
                    54,
                    0.7443280220031738
                ],
                [
                    304,
                    0,
                    1.0140199661254883
                ]
            ]
        }
    ],
    "category_id": 1
}