{
    "info": {
        "video_name": "1_86",
        "resolution": [
            320,
            180
        ],
        "num_frame": 2,
        "num_keypoints": 18,
        "keypoint_channels": [
            "x",
            "y",
            "score"
        ],
        "version": "1.0"
    },
    "annotations": [
        {
            "frame_index": 0,
            "id": 0,
            "person_id": null,
            "keypoints": [
                [
                    168,
                    46,
                    0.5068520307540894
                ],
                [
                    160,
                    101,
                    0.6551298499107361
                ],
                [
                    120,
                    101,
                    0.6954185366630554
                ],
                [
                    88,
                    156,
                    0.3715406060218811
                ],
                [
                    296,
                    0,
                    0.031047606840729713
                ],
                [
                    200,
                    101,
                    0.600286602973938
                ],
                [
                    240,
                    156,
                    0.25196224451065063
                ],
                [
                    304,
                    7,
                    0.031102126464247704
                ],
                [
                    248,
                    172,
                    0.06046940013766289
                ],
                [
                    304,
                    164,
                    0.024792328476905823
                ],
                [
                    88,
                    164,
                    0.032797232270240784
                ],
                [
                    248,
                    172,
                    0.08046706020832062
                ],
                [
                    80,
                    164,
                    0.0283273383975029
                ],
                [
                    312,
                    172,
                    0.015320534817874432
                ],
                [
                    160,
                    46,
                    0.3649595379829407
                ],
                [
                    168,
                    46,
                    0.6455218195915222
                ],
                [
                    120,
                    46,
                    0.08736112713813782
                ],
                [
                    176,
                    46,
                    0.5210619568824768
                ],
                [
                    304,
                    0,
                    1.010778546333313
                ]
            ]
        },
        {
            "frame_index": 1,
            "id": 1,
            "person_id": null,
            "keypoints": [
                [
                    136,
                    31,
                    0.39471372961997986
                ],
                [
                    160,
                    101,
                    0.6558362245559692
                ],
                [
                    120,
                    101,
                    0.7189526557922363
                ],
                [
                    88,
                    156,
                    0.3269196152687073
                ],
                [
                    296,
                    0,
                    0.03189451992511749
                ],
                [
                    200,
                    101,
                    0.6087230443954468
                ],
                [
                    240,
                    156,
                    0.28115659952163696
                ],
                [
                    248,
                    164,
                    0.03444115072488785
                ],
                [
                    80,
                    172,
                    0.07350388914346695
                ],
                [
                    256,
                    164,
                    0.02741684764623642
                ],
                [
                    88,
                    164,
                    0.030406896024942398
                ],
                [
                    248,
                    172,
                    0.09878794103860855
                ],
                [
                    80,
                    164,
                    0.05720672011375427
                ],
                [
                    312,
                    172,
                    0.01499198842793703
                ],
                [
                    136,
                    31,
                    0.24705807864665985
                ],
                [
                    144,
                    31,
                    0.32306957244873047
                ],
                [
                    312,
                    15,
                    0.012985190376639366
                ],
                [
                    176,
                    54,
                    0.7046664357185364
                ],
                [
                    304,
                    0,
                    1.007480263710022
                ]
            ]
        }
    ],
    "category_id": 1
}