{
    "info": {
        "video_name": "1_89",
        "resolution": [
            320,
            180
        ],
        "num_frame": 5,
        "num_keypoints": 18,
        "keypoint_channels": [
            "x",
            "y",
            "score"
        ],
        "version": "1.0"
    },
    "annotations": [
        {
            "frame_index": 0,
            "id": 0,
            "person_id": null,
            "keypoints": [
                [
                    160,
                    54,
                    0.22795170545578003
                ],
                [
                    160,
                    101,
                    0.6561781764030457
                ],
                [
                    112,
                    101,
                    0.6395779252052307
                ],
                [
                    72,
                    156,
                    0.3157963454723358
                ],
                [
                    232,
                    172,
                    0.020915327593684196
                ],
                [
                    192,
                    101,
                    0.6496415734291077
                ],
                [
                    232,
                    156,
                    0.24311546981334686
                ],
                [
                    232,
                    164,
                    0.028582705184817314
                ],
                [
                    64,
                    172,
                    0.06343857198953629
                ],
                [
                    240,
                    164,
                    0.023148756474256516
                ],
                [
                    72,
                    164,
                    0.024070093408226967
                ],
                [
                    232,
                    172,
                    0.08252179622650146
                ],
                [
                    64,
                    164,
                    0.039502836763858795
                ],
                [
                    312,
                    172,
                    0.014490105211734772
                ],
                [
                    152,
                    54,
                    0.30896684527397156
                ],
                [
                    176,
                    46,
                    0.10001445561647415
                ],
                [
                    136,
                    54,
                    0.6364635229110718
                ],
                [
                    184,
                    46,
                    0.04941698536276817
                ],
                [
                    296,
                    164,
                    1.0096652507781982
                ]
            ]
        },
        {
            "frame_index": 1,
            "id": 1,
            "person_id": null,
            "keypoints": [
                [
                    176,
                    54,
                    0.3064086139202118
                ],
                [
                    160,
                    101,
                    0.6966392397880554
                ],
                [
                    112,
                    101,
                    0.6407104730606079
                ],
                [
                    72,
                    156,
                    0.3419169485569
                ],
                [
                    232,
                    172,
                    0.02326134778559208
                ],
                [
                    200,
                    101,
                    0.6406200528144836
                ],
                [
                    232,
                    156,
                    0.2790491282939911
                ],
                [
                    232,
                    164,
                    0.032800495624542236
                ],
                [
                    64,
                    172,
                    0.06488411873579025
                ],
                [
                    240,
                    164,
                    0.024552524089813232
                ],
                [
                    72,
                    164,
                    0.02804465964436531
                ],
                [
                    232,
                    172,
                    0.08906927704811096
                ],
                [
                    64,
                    164,
                    0.04093486815690994
                ],
                [
                    312,
                    172,
                    0.014060496352612972
                ],
                [
                    152,
                    54,
                    0.2356051653623581
                ],
                [
                    176,
                    46,
                    0.18150508403778076
                ],
                [
                    136,
                    62,
                    0.5865017771720886
                ],
                [
                    184,
                    54,
                    0.08743266761302948
                ],
                [
                    296,
                    164,
                    1.0094027519226074
                ]
            ]
        },
        {
            "frame_index": 2,
            "id": 2,
            "person_id": null,
            "keypoints": [
                [
                    152,
                    39,
                    0.41656094789505005
                ],
                [
                    152,
                    101,
                    0.6996811032295227
                ],
                [
                    112,
                    101,
                    0.6043174862861633
                ],
                [
                    72,
                    156,
                    0.31881341338157654
                ],
                [
                    232,
                    172,
                    0.02469576708972454
                ],
                [
                    192,
                    101,
                    0.6693216562271118
                ],
                [
                    224,
                    156,
                    0.28175896406173706
                ],
                [
                    232,
                    164,
                    0.035155460238456726
                ],
                [
                    64,
                    172,
                    0.06799659132957458
                ],
                [
                    240,
                    164,
                    0.0255047008395195
                ],
                [
                    72,
                    164,
                    0.027749547734856606
                ],
                [
                    232,
                    172,
                    0.09616224467754364
                ],
                [
                    64,
                    164,
                    0.044451601803302765
                ],
                [
                    312,
                    172,
                    0.014048302546143532
                ],
                [
                    152,
                    39,
                    0.36133748292922974
                ],
                [
                    160,
                    39,
                    0.4282359182834625
                ],
                [
                    136,
                    39,
                    0.18589365482330322
                ],
                [
                    176,
                    62,
                    0.49702027440071106
                ],
                [
                    296,
                    164,
                    1.009368896484375
                ]
            ]
        },
        {
            "frame_index": 3,
            "id": 3,
            "person_id": null,
            "keypoints": [
                [
                    152,
                    54,
                    0.4181472957134247
                ],
                [
                    152,
                    101,
                    0.7049000859260559
                ],
                [
                    112,
                    101,
                    0.5960316061973572
                ],
                [
                    72,
                    156,
                    0.289298415184021
                ],
                [
                    232,
                    172,
                    0.024865157902240753
                ],
                [
                    192,
                    101,
                    0.6979312300682068
                ],
                [
                    232,
                    156,
                    0.2525906264781952
                ],
                [
                    232,
                    164,
                    0.03441755473613739
                ],
                [
                    64,
                    172,
                    0.06581488251686096
                ],
                [
                    240,
                    164,
                    0.02441677451133728
                ],
                [
                    72,
                    164,
                    0.02968176268041134
                ],
                [
                    232,
                    172,
                    0.09451193362474442
                ],
                [
                    64,
                    164,
                    0.047242894768714905
                ],
                [
                    312,
                    172,
                    0.014113251119852066
                ],
                [
                    152,
                    54,
                    0.3153454661369324
                ],
                [
                    160,
                    46,
                    0.37805843353271484
                ],
                [
                    136,
                    54,
                    0.45477521419525146
                ],
                [
                    176,
                    62,
                    0.5401322245597839
                ],
                [
                    296,
                    164,
                    1.010087490081787
                ]
            ]
        },
        {
            "frame_index": 4,
            "id": 4,
            "person_id": null,
            "keypoints": [
                [
                    176,
                    54,
                    0.42951643466949463
                ],
                [
                    152,
                    101,
                    0.7465282082557678
                ],
                [
                    112,
                    101,
                    0.6543312072753906
                ],
                [
                    72,
                    156,
                    0.29854023456573486
                ],
                [
                    232,
                    172,
                    0.02208341285586357
                ],
                [
                    192,
                    101,
                    0.6685237884521484
                ],
                [
                    224,
                    156,
                    0.2933059632778168
                ],
                [
                    232,
                    164,
                    0.03733188658952713
                ],
                [
                    64,
                    172,
                    0.0657612606883049
                ],
                [
                    240,
                    164,
                    0.024549223482608795
                ],
                [
                    72,
                    164,
                    0.02668534219264984
                ],
                [
                    232,
                    172,
                    0.09265096485614777
                ],
                [
                    64,
                    164,
                    0.050606466829776764
                ],
                [
                    312,
                    172,
                    0.014173988252878189
                ],
                [
                    160,
                    54,
                    0.31786566972732544
                ],
                [
                    176,
                    54,
                    0.2434547394514084
                ],
                [
                    136,
                    62,
                    0.5855423212051392
                ],
                [
                    184,
                    54,
                    0.03885691612958908
                ],
                [
                    296,
                    164,
                    1.0096888542175293
                ]
            ]
        }
    ],
    "category_id": 1
}