{
    "info": {
        "video_name": "1_9",
        "resolution": [
            320,
            180
        ],
        "num_frame": 3,
        "num_keypoints": 18,
        "keypoint_channels": [
            "x",
            "y",
            "score"
        ],
        "version": "1.0"
    },
    "annotations": [
        {
            "frame_index": 0,
            "id": 0,
            "person_id": null,
            "keypoints": [
                [
                    144,
                    39,
                    0.5956547260284424
                ],
                [
                    152,
                    86,
                    0.7159630656242371
                ],
                [
                    120,
                    86,
                    0.7290201783180237
                ],
                [
                    104,
                    140,
                    0.7039608359336853
                ],
                [
                    152,
                    117,
                    0.6982059478759766
                ],
                [
                    184,
                    86,
                    0.641044557094574
                ],
                [
                    184,
                    140,
                    0.28730928897857666
                ],
                [
                    184,
                    125,
                    0.2226812243461609
                ],
                [
                    136,
                    156,
                    0.07997218519449234
                ],
                [
                    304,
                    164,
                    0.02658870443701744
                ],
                [
                    296,
                    15,
                    0.018874548375606537
                ],
                [
                    168,
                    148,
                    0.09373866766691208
                ],
                [
                    168,
                    164,
                    0.02115051820874214
                ],
                [
                    304,
                    172,
                    0.017800116911530495
                ],
                [
                    136,
                    31,
                    0.5186209082603455
                ],
                [
                    152,
                    31,
                    0.630023717880249
                ],
                [
                    128,
                    39,
                    0.4843195974826813
                ],
                [
                    168,
                    39,
                    0.6368535757064819
                ],
                [
                    304,
                    7,
                    1.0065546035766602
                ]
            ]
        },
        {
            "frame_index": 1,
            "id": 1,
            "person_id": null,
            "keypoints": [
                [
                    168,
                    62,
                    0.9470680356025696
                ],
                [
                    152,
                    86,
                    0.7579954862594604
                ],
                [
                    120,
                    86,
                    0.4090607464313507
                ],
                [
                    104,
                    125,
                    0.755142092704773
                ],
                [
                    128,
                    78,
                    0.7728286385536194
                ],
                [
                    184,
                    86,
                    0.6636537909507751
                ],
                [
                    184,
                    140,
                    0.631372332572937
                ],
                [
                    184,
                    156,
                    0.06700251251459122
                ],
                [
                    128,
                    156,
                    0.20845794677734375
                ],
                [
                    128,
                    164,
                    0.04151397943496704
                ],
                [
                    128,
                    164,
                    0.02664509415626526
                ],
                [
                    160,
                    156,
                    0.1543833613395691
                ],
                [
                    160,
                    164,
                    0.043319594115018845
                ],
                [
                    304,
                    172,
                    0.017571577802300453
                ],
                [
                    160,
                    54,
                    0.8466469645500183
                ],
                [
                    168,
                    54,
                    0.7085510492324829
                ],
                [
                    136,
                    54,
                    0.536359429359436
                ],
                [
                    168,
                    54,
                    0.022274207323789597
                ],
                [
                    312,
                    39,
                    1.0030035972595215
                ]
            ]
        },
        {
            "frame_index": 2,
            "id": 2,
            "person_id": null,
            "keypoints": [
                [
                    136,
                    31,
                    0.71136075258255
                ],
                [
                    152,
                    86,
                    0.6775395274162292
                ],
                [
                    120,
                    86,
                    0.7060208320617676
                ],
                [
                    120,
                    148,
                    0.7233481407165527
                ],
                [
                    136,
                    148,
                    0.0648173838853836
                ],
                [
                    184,
                    93,
                    0.6755571365356445
                ],
                [
                    184,
                    140,
                    0.5797109603881836
                ],
                [
                    192,
                    148,
                    0.06158008426427841
                ],
                [
                    128,
                    164,
                    0.13657507300376892
                ],
                [
                    120,
                    164,
                    0.04521925374865532
                ],
                [
                    128,
                    164,
                    0.02391432225704193
                ],
                [
                    160,
                    172,
                    0.09915624558925629
                ],
                [
                    136,
                    164,
                    0.029289301484823227
                ],
                [
                    128,
                    164,
                    0.022120725363492966
                ],
                [
                    136,
                    31,
                    0.37205347418785095
                ],
                [
                    152,
                    23,
                    0.7156205177307129
                ],
                [
                    128,
                    39,
                    0.0912417620420456
                ],
                [
                    168,
                    39,
                    0.6517561078071594
                ],
                [
                    304,
                    0,
                    1.004590392112732
                ]
            ]
        }
    ],
    "category_id": 1
}