{
    "info": {
        "video_name": "1_93",
        "resolution": [
            320,
            180
        ],
        "num_frame": 6,
        "num_keypoints": 18,
        "keypoint_channels": [
            "x",
            "y",
            "score"
        ],
        "version": "1.0"
    },
    "annotations": [
        {
            "frame_index": 0,
            "id": 0,
            "person_id": null,
            "keypoints": [
                [
                    136,
                    54,
                    0.1818256974220276
                ],
                [
                    152,
                    86,
                    0.7250264883041382
                ],
                [
                    112,
                    86,
                    0.6763300895690918
                ],
                [
                    88,
                    140,
                    0.5461016297340393
                ],
                [
                    128,
                    148,
                    0.0852033868432045
                ],
                [
                    192,
                    86,
                    0.7130457162857056
                ],
                [
                    224,
                    148,
                    0.60844486951828
                ],
                [
                    192,
                    148,
                    0.2599448263645172
                ],
                [
                    304,
                    140,
                    0.08068657666444778
                ],
                [
                    312,
                    140,
                    0.03695299103856087
                ],
                [
                    224,
                    156,
                    0.028383906930685043
                ],
                [
                    176,
                    156,
                    0.08542735874652863
                ],
                [
                    0,
                    148,
                    0.026191409677267075
                ],
                [
                    312,
                    172,
                    0.022639909759163857
                ],
                [
                    312,
                    117,
                    0.17068959772586823
                ],
                [
                    136,
                    46,
                    0.22641156613826752
                ],
                [
                    120,
                    54,
                    0.08578754961490631
                ],
                [
                    160,
                    54,
                    0.7867663502693176
                ],
                [
                    296,
                    164,
                    1.0113279819488525
                ]
            ]
        },
        {
            "frame_index": 1,
            "id": 1,
            "person_id": null,
            "keypoints": [
                [
                    144,
                    62,
                    0.7981431484222412
                ],
                [
                    152,
                    86,
                    0.7542060017585754
                ],
                [
                    112,
                    86,
                    0.732886791229248
                ],
                [
                    88,
                    140,
                    0.5578563213348389
                ],
                [
                    128,
                    148,
                    0.10888629406690598
                ],
                [
                    192,
                    86,
                    0.7134873867034912
                ],
                [
                    224,
                    148,
                    0.5908541679382324
                ],
                [
                    192,
                    148,
                    0.2775181531906128
                ],
                [
                    128,
                    156,
                    0.08729676902294159
                ],
                [
                    312,
                    140,
                    0.03692951425909996
                ],
                [
                    224,
                    156,
                    0.027885328978300095
                ],
                [
                    176,
                    156,
                    0.09112360328435898
                ],
                [
                    0,
                    148,
                    0.026166126132011414
                ],
                [
                    312,
                    172,
                    0.02258642204105854
                ],
                [
                    136,
                    54,
                    0.7798487544059753
                ],
                [
                    152,
                    54,
                    0.7024521827697754
                ],
                [
                    128,
                    54,
                    0.24179401993751526
                ],
                [
                    168,
                    54,
                    0.8013238310813904
                ],
                [
                    296,
                    164,
                    1.0115407705307007
                ]
            ]
        },
        {
            "frame_index": 2,
            "id": 2,
            "person_id": null,
            "keypoints": [
                [
                    136,
                    62,
                    0.891803503036499
                ],
                [
                    152,
                    86,
                    0.7669933438301086
                ],
                [
                    112,
                    86,
                    0.6953397989273071
                ],
                [
                    88,
                    140,
                    0.5576037764549255
                ],
                [
                    128,
                    148,
                    0.10314159840345383
                ],
                [
                    192,
                    86,
                    0.7286208271980286
                ],
                [
                    224,
                    148,
                    0.6106835603713989
                ],
                [
                    192,
                    148,
                    0.2705449163913727
                ],
                [
                    128,
                    156,
                    0.08164480328559875
                ],
                [
                    312,
                    140,
                    0.03711320087313652
                ],
                [
                    224,
                    156,
                    0.02789757400751114
                ],
                [
                    176,
                    156,
                    0.10226739197969437
                ],
                [
                    0,
                    148,
                    0.026029419153928757
                ],
                [
                    312,
                    172,
                    0.022273153066635132
                ],
                [
                    128,
                    54,
                    0.8679332137107849
                ],
                [
                    144,
                    54,
                    0.8421733975410461
                ],
                [
                    312,
                    117,
                    0.07916590571403503
                ],
                [
                    168,
                    46,
                    0.8159025311470032
                ],
                [
                    296,
                    164,
                    1.0119282007217407
                ]
            ]
        },
        {
            "frame_index": 3,
            "id": 3,
            "person_id": null,
            "keypoints": [
                [
                    136,
                    62,
                    0.8443750739097595
                ],
                [
                    152,
                    86,
                    0.7634075284004211
                ],
                [
                    112,
                    86,
                    0.6997346878051758
                ],
                [
                    96,
                    140,
                    0.5561584830284119
                ],
                [
                    128,
                    148,
                    0.085505411028862
                ],
                [
                    192,
                    86,
                    0.7210378646850586
                ],
                [
                    224,
                    148,
                    0.6080809235572815
                ],
                [
                    192,
                    148,
                    0.24891863763332367
                ],
                [
                    304,
                    140,
                    0.08344711363315582
                ],
                [
                    312,
                    140,
                    0.039764806628227234
                ],
                [
                    224,
                    156,
                    0.02805927023291588
                ],
                [
                    176,
                    156,
                    0.09434571117162704
                ],
                [
                    0,
                    148,
                    0.026563938707113266
                ],
                [
                    312,
                    172,
                    0.021894047036767006
                ],
                [
                    128,
                    54,
                    0.809165894985199
                ],
                [
                    144,
                    54,
                    0.8103214502334595
                ],
                [
                    312,
                    117,
                    0.0726763904094696
                ],
                [
                    168,
                    46,
                    0.8402987718582153
                ],
                [
                    296,
                    164,
                    1.0137892961502075
                ]
            ]
        },
        {
            "frame_index": 4,
            "id": 4,
            "person_id": null,
            "keypoints": [
                [
                    136,
                    62,
                    0.8224542737007141
                ],
                [
                    152,
                    86,
                    0.7625172734260559
                ],
                [
                    112,
                    86,
                    0.7484444975852966
                ],
                [
                    96,
                    140,
                    0.544654130935669
                ],
                [
                    128,
                    148,
                    0.08484306931495667
                ],
                [
                    192,
                    86,
                    0.722761869430542
                ],
                [
                    224,
                    148,
                    0.6281989216804504
                ],
                [
                    184,
                    148,
                    0.275220662355423
                ],
                [
                    304,
                    140,
                    0.08411883562803268
                ],
                [
                    312,
                    140,
                    0.03704118728637695
                ],
                [
                    224,
                    156,
                    0.0277006346732378
                ],
                [
                    176,
                    156,
                    0.08594990521669388
                ],
                [
                    0,
                    148,
                    0.024008657783269882
                ],
                [
                    312,
                    172,
                    0.022295523434877396
                ],
                [
                    128,
                    54,
                    0.8724725842475891
                ],
                [
                    144,
                    54,
                    0.7799209952354431
                ],
                [
                    312,
                    117,
                    0.07835442572832108
                ],
                [
                    160,
                    46,
                    0.8471617698669434
                ],
                [
                    296,
                    164,
                    1.0100713968276978
                ]
            ]
        },
        {
            "frame_index": 5,
            "id": 5,
            "person_id": null,
            "keypoints": [
                [
                    312,
                    117,
                    0.177242249250412
                ],
                [
                    152,
                    86,
                    0.6996577382087708
                ],
                [
                    112,
                    86,
                    0.7463560700416565
                ],
                [
                    96,
                    148,
                    0.5279876589775085
                ],
                [
                    120,
                    148,
                    0.06425921618938446
                ],
                [
                    192,
                    86,
                    0.7145124673843384
                ],
                [
                    224,
                    148,
                    0.6403327584266663
                ],
                [
                    184,
                    148,
                    0.31028270721435547
                ],
                [
                    304,
                    140,
                    0.0835762619972229
                ],
                [
                    312,
                    140,
                    0.03672424331307411
                ],
                [
                    224,
                    156,
                    0.02740502543747425
                ],
                [
                    176,
                    156,
                    0.09410347789525986
                ],
                [
                    0,
                    148,
                    0.027211051434278488
                ],
                [
                    312,
                    172,
                    0.022287266328930855
                ],
                [
                    312,
                    117,
                    0.164702907204628
                ],
                [
                    312,
                    117,
                    0.19028784334659576
                ],
                [
                    312,
                    117,
                    0.07851215451955795
                ],
                [
                    160,
                    46,
                    0.8023040294647217
                ],
                [
                    296,
                    164,
                    1.0102901458740234
                ]
            ]
        }
    ],
    "category_id": 1
}